Location,Date of Accident,Time of Accident,Accident Severity,Collision Type,Cause of Accident,Number of Vehicles,Vehicle Types,Driver Age Group,Number of Fatalities,Number of Injuries,Property Damage Level,location_standardized,location_name,formatted_address,latitude,longitude,conditions,precip,visibility,humidity,cloudcover,sunrise,sunset,weather_condition_label,visibility_level,Week (Derived),Month (Derived),Peak Hour Indicator (Derived),Public Holiday Indicator (Derived),Public Holiday Name (Derived),Public Holiday Category (Derived)
Olcott Mawatha Pettah,2022-01-04,16:59,Minor Injury,Pedestrian Collision,Distracted Driving,1,Motorcycle,26-35,0,1,Low,"Olcott Mawatha Pettah, Colombo, Sri Lanka","Olcott Mawatha Pettah, Colombo, Sri Lanka","Olcott Mawatha, Colombo, Sri Lanka",6.9344449,79.8544929,Clear,0.0,7.8,80.9,15.2,2022-01-04T06:23:33,2022-01-04T18:07:33,Clear,Good,Tuesday,January,Yes,No,None,None
Wellawatte Junction,2022-01-07,13:16,Minor Injury,Pedestrian Collision,Driver Negligence,1,Motorcycle,36-45,0,1,Low,"Wellawatte Junction, Colombo, Sri Lanka","Wellawatte Junction, Colombo, Sri Lanka","Wellawatte, Colombo 00600, Sri Lanka",6.874092099999999,79.8604934,"Rain, Partially cloudy",0.024,7.5,82.0,24.7,2022-01-07T06:24:42,2022-01-07T18:09:04,Light Rain,Good,Friday,January,No,No,None,None
Wellawatte Junction,2022-01-11,07:29,Minor Injury,Single Vehicle Crash,Distracted Driving,1,Car,18-25,0,1,Low,"Wellawatte Junction, Colombo, Sri Lanka","Wellawatte Junction, Colombo, Sri Lanka","Wellawatte, Colombo 00600, Sri Lanka",6.874092099999999,79.8604934,Partially cloudy,0.003,7.5,79.3,21.5,2022-01-11T06:26:03,2022-01-11T18:11:02,Partially Cloudy,Good,Tuesday,January,Yes,No,None,None
"Junction of Galle Road and Rawathawatte Road, Moratuwa",2022-01-16,09:18,Minor Injury,Motorcycle Collision,Driver Negligence,2,Motorcycle; Car,18-25,0,2,Moderate,"Junction of Galle Road and Rawathawatte Road, Moratuwa, Colombo, Sri Lanka","Junction of Galle Road and Rawathawatte Road, Moratuwa, Colombo, Sri Lanka","Rawatawatta Rd & Galle Rd, Moratuwa 10400, Sri Lanka",6.7930714,79.8871145,Rain,0.15,7.5,81.1,16.9,2022-01-16T06:27:26,2022-01-16T18:13:21,Light Rain,Good,Sunday,January,No,No,None,None
Fort Railway Station Area,2022-01-16,12:38,Fatal,Head-on Collision,Reckless Driving,2,Motorcycle; Three Wheeler,18-25,2,3,High,"Fort Railway Station Area, Colombo, Sri Lanka","Fort Railway Station Area, Colombo, Sri Lanka","Fort Railway station, Colombo, Sri Lanka",6.9337011,79.85003019999999,Rain,0.15,7.5,81.1,16.9,2022-01-16T06:27:26,2022-01-16T18:13:21,Light Rain,Good,Sunday,January,No,No,None,None
High Level Road Kirulapone,2022-01-22,12:19,Fatal,Rear-end Collision,Overspeeding,1,Motorcycle,56+,1,3,High,"High Level Road Kirulapone, Colombo, Sri Lanka","High Level Road Kirulapone, Colombo, Sri Lanka","High Level Rd, Colombo, Sri Lanka",6.8775584,79.8793098,Clear,0.0,6.9,80.0,4.9,2022-01-22T06:28:37,2022-01-22T18:15:52,Clear,Good,Saturday,January,No,No,None,None
Justice Akbar Mawatha Slave Island,2022-01-24,04:38,Serious Injury,Motorcycle Collision,Overspeeding,2,Motorcycle; Three Wheeler,26-35,0,2,Moderate,"Justice Akbar Mawatha Slave Island, Colombo, Sri Lanka","Justice Akbar Mawatha Slave Island, Colombo, Sri Lanka","Justice Akbar Mawatha, Colombo, Sri Lanka",6.9238481,79.8503668,Clear,0.0,6.4,83.4,16.4,2022-01-24T06:28:53,2022-01-24T18:16:38,Clear,Good,Monday,January,No,No,None,None
Viharamahadevi Park Entrance,2022-01-24,18:04,Serious Injury,Rear-end Collision,Reckless Driving,2,Car; Three Wheeler,56+,0,5,High,"Viharamahadevi Park Entrance, Colombo, Sri Lanka","Viharamahadevi Park Entrance, Colombo, Sri Lanka","Viharamahadevi Park, Colombo 00700, Sri Lanka",6.9142322,79.8625967,Clear,0.0,6.4,83.4,16.4,2022-01-24T06:28:53,2022-01-24T18:16:38,Clear,Good,Monday,January,Yes,No,None,None
Kotahena Junction,2022-01-25,19:16,Serious Injury,Motorcycle Collision,Driver Negligence,3,Motorcycle; Three Wheeler; Car,26-35,0,6,Moderate,"Kotahena Junction, Colombo, Sri Lanka","Kotahena Junction, Colombo, Sri Lanka","Kotahena St, Colombo 01300, Sri Lanka",6.9494699,79.8626776,"Rain, Partially cloudy",1.12,6.5,84.2,23.0,2022-01-25T06:28:59,2022-01-25T18:17:00,Light Rain,Good,Tuesday,January,No,No,None,None
Galle Road Fort,2022-01-29,09:09,Serious Injury,Side-impact Collision,Overspeeding,1,Car,26-35,0,5,High,"Galle Road Fort, Colombo, Sri Lanka","Galle Road Fort, Colombo, Sri Lanka","Galle Buck Rd, Colombo, Sri Lanka",6.9363912,79.8415204,Clear,0.0,6.7,85.3,19.1,2022-01-29T06:29:16,2022-01-29T18:18:21,Clear,Good,Saturday,January,No,No,None,None
Armour Street Junction,2022-02-02,13:09,Minor Injury,Single Vehicle Crash,Overspeeding,1,Bicycle,18-25,0,4,Low,"Armour Street Junction, Colombo, Sri Lanka","Armour Street Junction, Colombo, Sri Lanka","Armour St, Colombo, Sri Lanka",6.9424222,79.8637618,Clear,0.0,6.7,71.4,7.6,2022-02-02T06:29:18,2022-02-02T18:19:32,Clear,Good,Wednesday,February,No,No,None,None
Bambalapitiya Junction,2022-02-08,01:19,Minor Injury,Multi-vehicle Collision,Reckless Driving,4,Car; Motorcycle; Bicycle; Three Wheeler,26-35,0,4,Low,"Bambalapitiya Junction, Colombo, Sri Lanka","Bambalapitiya Junction, Colombo, Sri Lanka","Bambalapitiya, Colombo 00500, Sri Lanka",6.8894192,79.8575468,Clear,0.0,7.1,74.4,8.7,2022-02-08T06:28:52,2022-02-08T18:20:57,Clear,Good,Tuesday,February,No,No,None,None
Havelock Town Junction,2022-02-10,17:31,Minor Injury,Single Vehicle Crash,Driver Negligence,1,Motorcycle,46-55,0,4,Low,"Havelock Town Junction, Colombo, Sri Lanka","Havelock Town Junction, Colombo, Sri Lanka","Havelock Town, Colombo, Sri Lanka",6.886651899999999,79.8646835,"Rain, Partially cloudy",0.02,6.9,81.7,20.6,2022-02-10T06:28:36,2022-02-10T18:21:19,Light Rain,Good,Thursday,February,Yes,No,None,None
Pettah Market Area,2022-02-12,19:56,Minor Injury,Motorcycle Collision,Driver Fatigue,2,Motorcycle; Three Wheeler,18-25,0,2,High,"Pettah Market Area, Colombo, Sri Lanka","Pettah Market Area, Colombo, Sri Lanka","WVP3+VMM, Keyzer St, Colombo 01100, Sri Lanka",6.937201699999999,79.854187,"Rain, Partially cloudy",0.45,6.9,88.1,26.2,2022-02-12T06:28:16,2022-02-12T18:21:39,Light Rain,Good,Saturday,February,No,No,None,None
"No. 45 Messenger Street, Pettah, Colombo 11",2022-02-14,20:01,Minor Injury,Motorcycle Collision,Overspeeding,3,Motorcycle; Van; Bicycle,36-45,0,3,Moderate,"No. 45 Messenger Street, Pettah, Colombo 11, Colombo, Sri Lanka","No. 45 Messenger Street, Pettah, Colombo 11, Colombo, Sri Lanka","45 M. J. M. Lafeer Mawatha, Colombo, Sri Lanka",6.940548,79.8612579,Clear,0.0,7.0,75.9,19.1,2022-02-14T06:27:53,2022-02-14T18:21:56,Clear,Good,Monday,February,No,No,None,None
Baseline Road Borella,2022-02-16,17:42,Minor Injury,Motorcycle Collision,Driver Negligence,2,Motorcycle; Three Wheeler,18-25,0,1,Moderate,"Baseline Road Borella, Colombo, Sri Lanka","Baseline Road Borella, Colombo, Sri Lanka","Baseline Rd, Colombo, Sri Lanka",6.919902,79.8776917,Clear,0.0,7.4,68.8,6.6,2022-02-16T06:27:27,2022-02-16T18:22:11,Clear,Good,Wednesday,February,Yes,Yes,Nawam Full Moon Poya Day,Local
Maradana Railway Station Area,2022-02-19,14:28,Serious Injury,Side-impact Collision,Distracted Driving,1,Three Wheeler,56+,0,6,High,"Maradana Railway Station Area, Colombo, Sri Lanka","Maradana Railway Station Area, Colombo, Sri Lanka","Maradana Railway Station, Jayantha Weerasekara Mawatha, Colombo 01000, Sri Lanka",6.92946,79.86511000000002,"Rain, Partially cloudy",4.689,6.5,89.7,23.1,2022-02-19T06:26:42,2022-02-19T18:22:28,Light Rain,Good,Saturday,February,No,No,None,None
"No. 17 Temple Road, Mount Lavinia",2022-02-20,08:23,Minor Injury,Multi-vehicle Collision,Reckless Driving,3,Car; Bicycle; Lorry,56+,0,2,Low,"No. 17 Temple Road, Mount Lavinia, Colombo, Sri Lanka","No. 17 Temple Road, Mount Lavinia, Colombo, Sri Lanka","17 Temple Rd, Dehiwala-Mount Lavinia, Sri Lanka",6.8370627,79.8857682,Clear,0.0,7.5,84.1,16.6,2022-02-20T06:26:25,2022-02-20T18:22:33,Clear,Good,Sunday,February,Yes,No,None,None
Madampitiya Road,2022-02-22,23:57,Serious Injury,Side-impact Collision,Reckless Driving,1,Motorcycle,36-45,0,4,High,"Madampitiya Road, Colombo, Sri Lanka","Madampitiya Road, Colombo, Sri Lanka","Madampitiya Rd, Colombo, Sri Lanka",6.9624445,79.8714976,Clear,0.0,7.1,84.5,11.8,2022-02-22T06:25:50,2022-02-22T18:22:40,Clear,Good,Tuesday,February,No,No,None,None
Bambalapitiya Junction,2022-02-23,14:31,Minor Injury,Multi-vehicle Collision,Reckless Driving,3,Motorcycle; Three Wheeler; Lorry,18-25,0,2,Low,"Bambalapitiya Junction, Colombo, Sri Lanka","Bambalapitiya Junction, Colombo, Sri Lanka","Bambalapitiya, Colombo 00500, Sri Lanka",6.8894192,79.8575468,Rain,0.232,6.8,81.8,13.1,2022-02-23T06:25:31,2022-02-23T18:22:43,Light Rain,Good,Wednesday,February,No,No,None,None
Colombo Fort Bus Stand Area,2022-02-24,16:19,Minor Injury,Rear-end Collision,Overspeeding,2,Motorcycle; Three Wheeler,18-25,0,2,Low,"Colombo Fort Bus Stand Area, Colombo, Sri Lanka","Colombo Fort Bus Stand Area, Colombo, Sri Lanka","WVM4+6G8 Bastian Mawatha Bus Station, Olcott Mawatha, Colombo, Sri Lanka",6.932847,79.856589,"Rain, Partially cloudy",0.01,7.2,72.6,27.6,2022-02-24T06:25:11,2022-02-24T18:22:45,Light Rain,Good,Thursday,February,Yes,No,None,None
Bambalapitiya Junction,2022-02-27,11:39,Minor Injury,Motorcycle Collision,Failure to Yield,2,Motorcycle; Bus,36-45,0,1,Moderate,"Bambalapitiya Junction, Colombo, Sri Lanka","Bambalapitiya Junction, Colombo, Sri Lanka","Bambalapitiya, Colombo 00500, Sri Lanka",6.8894192,79.8575468,Rain,0.231,7.1,71.0,10.4,2022-02-27T06:24:09,2022-02-27T18:22:48,Light Rain,Good,Sunday,February,No,No,None,None
Wellawatte Junction,2022-03-05,04:45,Minor Injury,Head-on Collision,Unsafe Lane Change,2,Motorcycle; Bicycle,56+,0,4,Moderate,"Wellawatte Junction, Colombo, Sri Lanka","Wellawatte Junction, Colombo, Sri Lanka","Wellawatte, Colombo 00600, Sri Lanka",6.874092099999999,79.8604934,Clear,0.0,7.4,80.9,10.8,2022-03-05T06:21:49,2022-03-05T18:22:42,Clear,Good,Saturday,March,No,No,None,None
Borella Junction,2022-03-09,00:12,Minor Injury,Side-impact Collision,Driver Negligence,1,Bicycle,36-45,0,2,Low,"Borella Junction, Colombo, Sri Lanka","Borella Junction, Colombo, Sri Lanka","18 Dr NM Perera Mawatha Rd, Colombo 00800, Sri Lanka",6.9139525,79.878481,Rain,0.05,6.9,84.5,14.4,2022-03-09T06:20:07,2022-03-09T18:22:30,Light Rain,Good,Wednesday,March,No,No,None,None
Sir Chittampalam A Gardiner Mawatha Fort,2022-03-09,08:02,Minor Injury,Multi-vehicle Collision,Driver Fatigue,2,Motorcycle; Three Wheeler,18-25,0,3,Moderate,"Sir Chittampalam A Gardiner Mawatha Fort, Colombo, Sri Lanka","Sir Chittampalam A Gardiner Mawatha Fort, Colombo, Sri Lanka","Sir Chittampalam A Gardiner Mawath, Colombo, Sri Lanka",6.9298377,79.8477933,Rain,0.05,6.9,84.5,14.4,2022-03-09T06:20:07,2022-03-09T18:22:30,Light Rain,Good,Wednesday,March,Yes,No,None,None
Grandpass Junction,2022-03-10,09:00,Minor Injury,Pedestrian Collision,Overspeeding,2,Van; Three Wheeler,46-55,0,2,Moderate,"Grandpass Junction, Colombo, Sri Lanka","Grandpass Junction, Colombo, Sri Lanka","Grandpass Rd, Colombo, Sri Lanka",6.9432514,79.8685531,Clear,0.0,6.7,84.2,17.7,2022-03-10T06:19:40,2022-03-10T18:22:26,Clear,Good,Thursday,March,Yes,No,None,None
Maradana Junction,2022-03-10,15:08,Minor Injury,Motorcycle Collision,Poor Visibility,2,Motorcycle; Three Wheeler,36-45,0,2,Moderate,"Maradana Junction, Colombo, Sri Lanka","Maradana Junction, Colombo, Sri Lanka","Maradana Junction, Colombo 01000, Sri Lanka",6.928874,79.8637428,Clear,0.0,6.7,84.2,17.7,2022-03-10T06:19:40,2022-03-10T18:22:26,Clear,Good,Thursday,March,No,No,None,None
Wellawatte Junction,2022-03-14,19:06,Minor Injury,Rear-end Collision,Reckless Driving,2,Lorry; Van,36-45,0,3,Low,"Wellawatte Junction, Colombo, Sri Lanka","Wellawatte Junction, Colombo, Sri Lanka","Wellawatte, Colombo 00600, Sri Lanka",6.874092099999999,79.8604934,Rain,0.706,6.6,83.7,15.5,2022-03-14T06:17:50,2022-03-14T18:22:07,Light Rain,Good,Monday,March,No,No,None,None
Galle Road Fort,2022-03-15,14:38,Minor Injury,Rear-end Collision,Overspeeding,1,Motorcycle,46-55,0,1,Moderate,"Galle Road Fort, Colombo, Sri Lanka","Galle Road Fort, Colombo, Sri Lanka","Galle Buck Rd, Colombo, Sri Lanka",6.9363912,79.8415204,Clear,0.0,6.3,83.9,16.2,2022-03-15T06:17:22,2022-03-15T18:22:02,Clear,Good,Tuesday,March,No,No,None,None
"No. 101 R A de Mel Mawatha, Colombo 03",2022-03-19,18:26,Minor Injury,Rear-end Collision,Driver Negligence,1,Car,56+,0,2,Low,"No. 101 R A de Mel Mawatha, Colombo 03, Colombo, Sri Lanka","No. 101 R A de Mel Mawatha, Colombo 03, Colombo, Sri Lanka","101 R. A. De Mel Mawatha, Colombo, Sri Lanka",6.8947485,79.8574704,Partially cloudy,0.008,6.8,87.3,29.8,2022-03-19T06:15:27,2022-03-19T18:21:39,Partially Cloudy,Good,Saturday,March,Yes,No,None,None
Wellawatte Junction,2022-03-27,07:59,Minor Injury,Side-impact Collision,Driver Negligence,1,Three Wheeler,36-45,0,3,Low,"Wellawatte Junction, Colombo, Sri Lanka","Wellawatte Junction, Colombo, Sri Lanka","Wellawatte, Colombo 00600, Sri Lanka",6.874092099999999,79.8604934,Clear,0.0,6.8,83.0,18.1,2022-03-27T06:11:31,2022-03-27T18:20:47,Clear,Good,Sunday,March,Yes,No,None,None
Pamankada Junction,2022-03-29,20:33,Serious Injury,Head-on Collision,Distracted Driving,3,Motorcycle; Bicycle; Van,56+,0,6,High,"Pamankada Junction, Colombo, Sri Lanka","Pamankada Junction, Colombo, Sri Lanka","Pamankada Ln, Colombo, Sri Lanka",6.8756803,79.8676529,Partially cloudy,0.0,6.3,86.5,20.2,2022-03-29T06:10:32,2022-03-29T18:20:34,Partially Cloudy,Good,Tuesday,March,No,No,None,None
Messenger Street Pettah,2022-03-29,21:07,Minor Injury,Motorcycle Collision,Distracted Driving,1,Motorcycle,36-45,0,1,Low,"Messenger Street Pettah, Colombo, Sri Lanka","Messenger Street Pettah, Colombo, Sri Lanka","M. J. M. Lafeer Mawatha, Colombo, Sri Lanka",6.9411356,79.8629811,Partially cloudy,0.0,6.3,86.5,20.2,2022-03-29T06:10:32,2022-03-29T18:20:34,Partially Cloudy,Good,Tuesday,March,No,No,None,None
Liberty Plaza Area,2022-03-30,08:21,Minor Injury,Rear-end Collision,Distracted Driving,3,Motorcycle; Three Wheeler; Bus,26-35,0,1,Low,"Liberty Plaza Area, Colombo, Sri Lanka","Liberty Plaza Area, Colombo, Sri Lanka","300 Srimath Anagarika Dharmapala Mawatha, Colombo 00300, Sri Lanka",6.9118996,79.85130869999999,Partially cloudy,0.009,7.9,80.3,22.9,2022-03-30T06:10:03,2022-03-30T18:20:27,Partially Cloudy,Good,Wednesday,March,Yes,No,None,None
High Level Road Kirulapone,2022-03-30,19:29,Minor Injury,Rear-end Collision,Mechanical Failure,2,Bus; Car,26-35,0,3,Low,"High Level Road Kirulapone, Colombo, Sri Lanka","High Level Road Kirulapone, Colombo, Sri Lanka","High Level Rd, Colombo, Sri Lanka",6.8775584,79.8793098,Partially cloudy,0.009,7.9,80.3,22.9,2022-03-30T06:10:03,2022-03-30T18:20:27,Partially Cloudy,Good,Wednesday,March,No,No,None,None
Bambalapitiya Junction,2022-03-30,23:15,Minor Injury,Pedestrian Collision,Overspeeding,1,Lorry,18-25,0,2,Moderate,"Bambalapitiya Junction, Colombo, Sri Lanka","Bambalapitiya Junction, Colombo, Sri Lanka","Bambalapitiya, Colombo 00500, Sri Lanka",6.8894192,79.8575468,Partially cloudy,0.009,7.9,80.3,22.9,2022-03-30T06:10:03,2022-03-30T18:20:27,Partially Cloudy,Good,Wednesday,March,No,No,None,None
Modara Junction,2022-03-31,23:24,Serious Injury,Motorcycle Collision,Poor Visibility,2,Motorcycle; Van,46-55,0,4,Moderate,"Modara Junction, Colombo, Sri Lanka","Modara Junction, Colombo, Sri Lanka","Modara, Colombo, Sri Lanka",6.9669247,79.8711533,Clear,0.0,7.9,81.6,14.7,2022-03-31T06:09:33,2022-03-31T18:20:21,Clear,Good,Thursday,March,No,No,None,None
Maharagama Town,2022-04-01,04:47,Minor Injury,Multi-vehicle Collision,Mechanical Failure,2,Three Wheeler; Bus,46-55,0,2,Moderate,"Maharagama Town, Colombo, Sri Lanka","Maharagama Town, Colombo, Sri Lanka","Maharagama Town, Maharagama, Sri Lanka",6.8446801,79.9342155,"Rain, Partially cloudy",0.048,8.1,80.2,20.9,2022-04-01T06:09:04,2022-04-01T18:20:14,Light Rain,Good,Friday,April,No,No,None,None
Slave Island Junction,2022-04-06,09:28,Minor Injury,Single Vehicle Crash,Driver Negligence,1,Bus,56+,0,3,High,"Slave Island Junction, Colombo, Sri Lanka","Slave Island Junction, Colombo, Sri Lanka","Kompannavidiya Flyover, Colombo, Sri Lanka",6.9266493,79.8483123,Clear,0.0,8.1,83.1,16.5,2022-04-06T06:06:40,2022-04-06T18:19:44,Clear,Good,Wednesday,April,No,No,None,None
Kollupitiya Railway Station Area,2022-04-06,09:41,Minor Injury,Pedestrian Collision,Driver Negligence,1,Car,26-35,0,2,High,"Kollupitiya Railway Station Area, Colombo, Sri Lanka","Kollupitiya Railway Station Area, Colombo, Sri Lanka","Kollupitiya Railway Station, Colombo, Sri Lanka",6.9112629,79.8481782,Clear,0.0,8.1,83.1,16.5,2022-04-06T06:06:40,2022-04-06T18:19:44,Clear,Good,Wednesday,April,No,No,None,None
"Junction of Beira Lake Road and Ananda Coomaraswamy Mawatha, Colombo 03",2022-04-06,19:36,Minor Injury,Pedestrian Collision,Overspeeding,1,Motorcycle,56+,0,1,High,"Junction of Beira Lake Road and Ananda Coomaraswamy Mawatha, Colombo 03, Colombo, Sri Lanka","Junction of Beira Lake Road and Ananda Coomaraswamy Mawatha, Colombo 03, Colombo, Sri Lanka","42/3 Ananda Coomaraswamy Mawatha, Colombo 00030, Sri Lanka",6.911646999999999,79.8528456,Clear,0.0,8.1,83.1,16.5,2022-04-06T06:06:40,2022-04-06T18:19:44,Clear,Good,Wednesday,April,No,No,None,None
Mattakkuliya Junction,2022-04-08,08:57,Minor Injury,Pedestrian Collision,Overspeeding,1,Motorcycle,18-25,0,2,Low,"Mattakkuliya Junction, Colombo, Sri Lanka","Mattakkuliya Junction, Colombo, Sri Lanka","Mattakkuliya Brg, Colombo, Sri Lanka",6.9805611,79.875318,"Rain, Partially cloudy",2.96,6.9,95.5,34.9,2022-04-08T06:05:44,2022-04-08T18:19:33,Light Rain,Good,Friday,April,Yes,No,None,None
Bauddhaloka Mawatha Cinnamon Gardens,2022-04-09,10:29,Minor Injury,Rear-end Collision,Reckless Driving,2,Three Wheeler; Van,26-35,0,2,Low,"Bauddhaloka Mawatha Cinnamon Gardens, Colombo, Sri Lanka","Bauddhaloka Mawatha Cinnamon Gardens, Colombo, Sri Lanka","Bauddhaloka Mawatha, Colombo 00700, Sri Lanka",6.901932,79.8694402,"Rain, Partially cloudy",0.203,7.7,91.1,31.8,2022-04-09T06:05:16,2022-04-09T18:19:28,Light Rain,Good,Saturday,April,No,No,None,None
Maradana Junction,2022-04-09,14:30,Serious Injury,Motorcycle Collision,Overspeeding,2,Motorcycle; Bicycle,18-25,0,3,High,"Maradana Junction, Colombo, Sri Lanka","Maradana Junction, Colombo, Sri Lanka","Maradana Junction, Colombo 01000, Sri Lanka",6.928874,79.8637428,"Rain, Partially cloudy",0.203,7.7,91.1,31.8,2022-04-09T06:05:16,2022-04-09T18:19:28,Light Rain,Good,Saturday,April,No,No,None,None
Havelock Town Junction,2022-04-09,21:40,Minor Injury,Pedestrian Collision,Reckless Driving,1,Motorcycle,18-25,0,2,Low,"Havelock Town Junction, Colombo, Sri Lanka","Havelock Town Junction, Colombo, Sri Lanka","Havelock Town, Colombo, Sri Lanka",6.886651899999999,79.8646835,"Rain, Partially cloudy",0.203,7.7,91.1,31.8,2022-04-09T06:05:16,2022-04-09T18:19:28,Light Rain,Good,Saturday,April,No,No,None,None
Fort Railway Station Area,2022-04-11,09:56,Serious Injury,Motorcycle Collision,Failure to Yield,2,Motorcycle; Van,26-35,0,4,High,"Fort Railway Station Area, Colombo, Sri Lanka","Fort Railway Station Area, Colombo, Sri Lanka","Fort Railway station, Colombo, Sri Lanka",6.9337011,79.85003019999999,"Rain, Partially cloudy",1.194,8.0,91.0,31.3,2022-04-11T06:04:22,2022-04-11T18:19:18,Light Rain,Good,Monday,April,No,Yes,Special Public Holiday,Local
Pettah Clock Tower Area,2022-04-14,18:21,Minor Injury,Rear-end Collision,Distracted Driving,3,Motorcycle; Car; Three Wheeler,18-25,0,2,Low,"Pettah Clock Tower Area, Colombo, Sri Lanka","Pettah Clock Tower Area, Colombo, Sri Lanka","Pettah, Colombo, Sri Lanka",6.9367858,79.8525385,"Rain, Partially cloudy",1.095,8.0,86.0,21.7,2022-04-14T06:03:03,2022-04-14T18:19:05,Light Rain,Good,Thursday,April,Yes,Yes,Sinhala and Tamil New Year,Local
Bauddhaloka Mawatha Havelock Town,2022-04-16,15:14,Fatal,Pedestrian Collision,Reckless Driving,2,Car; Three Wheeler,56+,1,4,High,"Bauddhaloka Mawatha Havelock Town, Colombo, Sri Lanka","Bauddhaloka Mawatha Havelock Town, Colombo, Sri Lanka","Bauddhaloka Mawatha, Colombo, Sri Lanka",6.897011,79.8598172,Clear,0.0,8.0,80.7,17.2,2022-04-16T06:02:12,2022-04-16T18:18:58,Clear,Good,Saturday,April,No,Yes,Bak Full Moon Poya Day,Local
Sir Chittampalam A Gardiner Mawatha Fort,2022-04-18,09:46,Minor Injury,Motorcycle Collision,Reckless Driving,3,Motorcycle; Car; Bicycle,46-55,0,2,Low,"Sir Chittampalam A Gardiner Mawatha Fort, Colombo, Sri Lanka","Sir Chittampalam A Gardiner Mawatha Fort, Colombo, Sri Lanka","Sir Chittampalam A Gardiner Mawath, Colombo, Sri Lanka",6.9298377,79.8477933,Partially cloudy,0.0,8.2,82.1,21.6,2022-04-18T06:01:23,2022-04-18T18:18:52,Partially Cloudy,Good,Monday,April,No,No,None,None
Union Place Borella,2022-04-20,09:20,Minor Injury,Rear-end Collision,Driver Negligence,1,Three Wheeler,18-25,0,4,High,"Union Place Borella, Colombo, Sri Lanka","Union Place Borella, Colombo, Sri Lanka","Colombo 08, Colombo, Sri Lanka",6.9147836,79.8775951,"Rain, Partially cloudy",2.588,7.8,86.2,28.7,2022-04-20T06:00:36,2022-04-20T18:18:48,Light Rain,Good,Wednesday,April,No,No,None,None
Pettah Clock Tower Area,2022-04-26,09:59,Minor Injury,Rear-end Collision,Driver Negligence,2,Car; Bus,18-25,0,4,High,"Pettah Clock Tower Area, Colombo, Sri Lanka","Pettah Clock Tower Area, Colombo, Sri Lanka","Pettah, Colombo, Sri Lanka",6.9367858,79.8525385,Partially cloudy,0.004,8.2,83.3,24.3,2022-04-26T05:58:26,2022-04-26T18:18:43,Partially Cloudy,Good,Tuesday,April,No,No,None,None
Bambalapitiya Junction,2022-04-27,20:04,Minor Injury,Side-impact Collision,Poor Visibility,2,Bicycle; Car,26-35,0,2,Moderate,"Bambalapitiya Junction, Colombo, Sri Lanka","Bambalapitiya Junction, Colombo, Sri Lanka","Bambalapitiya, Colombo 00500, Sri Lanka",6.8894192,79.8575468,"Rain, Partially cloudy",2.517,8.3,83.3,30.8,2022-04-27T05:58:06,2022-04-27T18:18:44,Light Rain,Good,Wednesday,April,No,No,None,None
Mattakkuliya Junction,2022-05-01,11:52,Serious Injury,Rear-end Collision,Unsafe Lane Change,1,Van,26-35,0,6,Moderate,"Mattakkuliya Junction, Colombo, Sri Lanka","Mattakkuliya Junction, Colombo, Sri Lanka","Mattakkuliya Brg, Colombo, Sri Lanka",6.9805611,79.875318,"Rain, Partially cloudy",0.628,7.7,80.5,32.9,2022-05-01T05:56:53,2022-05-01T18:18:51,Light Rain,Good,Sunday,May,No,Yes,International Workers' Day,Global
Duplication Road Bambalapitiya,2022-05-05,17:52,Minor Injury,Motorcycle Collision,Failure to Yield,2,Motorcycle; Three Wheeler,18-25,0,3,Low,"Duplication Road Bambalapitiya, Colombo, Sri Lanka","Duplication Road Bambalapitiya, Colombo, Sri Lanka","450 E R. A. De Mel Mawatha, Colombo 00200, Sri Lanka",6.9024028,79.8545389,"Rain, Partially cloudy",0.149,7.7,83.9,36.4,2022-05-05T05:55:51,2022-05-05T18:19:04,Light Rain,Good,Thursday,May,Yes,No,None,None
Mutwal Road Mutwal,2022-05-07,07:58,Serious Injury,Head-on Collision,Overspeeding,1,Car,36-45,0,5,High,"Mutwal Road Mutwal, Colombo, Sri Lanka","Mutwal Road Mutwal, Colombo, Sri Lanka","Muthuwella Mawatha, Colombo, Sri Lanka",6.9640994,79.8649458,"Rain, Partially cloudy",0.213,7.8,78.9,25.6,2022-05-07T05:55:23,2022-05-07T18:19:14,Light Rain,Good,Saturday,May,Yes,No,None,None
Hulftsdorp Junction,2022-05-07,23:21,Fatal,Side-impact Collision,Driver Fatigue,2,Bicycle; Three Wheeler,56+,1,1,High,"Hulftsdorp Junction, Colombo, Sri Lanka","Hulftsdorp Junction, Colombo, Sri Lanka","Hultsdorf St, Colombo, Sri Lanka",6.9375553,79.8608161,"Rain, Partially cloudy",0.213,7.8,78.9,25.6,2022-05-07T05:55:23,2022-05-07T18:19:14,Light Rain,Good,Saturday,May,No,No,None,None
Armour Street Junction,2022-05-08,06:31,Minor Injury,Side-impact Collision,Driver Negligence,2,Car; Motorcycle,56+,0,4,Moderate,"Armour Street Junction, Colombo, Sri Lanka","Armour Street Junction, Colombo, Sri Lanka","Armour St, Colombo, Sri Lanka",6.9424222,79.8637618,Partially cloudy,0.0,7.5,79.8,32.8,2022-05-08T05:55:11,2022-05-08T18:19:19,Partially Cloudy,Good,Sunday,May,No,No,None,None