Location,Date of Accident,Time of Accident,Accident Severity,Collision Type,Cause of Accident,Number of Vehicles,Vehicle Types,Driver Age Group,Number of Fatalities,Number of Injuries,Property Damage Level,location_standardized,location_name,formatted_address,latitude,longitude,conditions,precip,visibility,humidity,cloudcover,sunrise,sunset,weather_condition_label,visibility_level,Week (Derived),Month (Derived),Peak Hour Indicator (Derived),Public Holiday Indicator (Derived),Public Holiday Name (Derived),Public Holiday Category (Derived)
Pettah Clock Tower Area,2022-05-13,08:36,Minor Injury,Pedestrian Collision,Overspeeding,1,Motorcycle,56+,0,1,Low,"Pettah Clock Tower Area, Colombo, Sri Lanka","Pettah Clock Tower Area, Colombo, Sri Lanka","Pettah, Colombo, Sri Lanka",6.9367858,79.8525385,"Rain, Partially cloudy",1.188,7.3,89.6,42.0,2022-05-13T05:54:18,2022-05-13T18:19:53,Light Rain,Good,Friday,May,Yes,No,None,None
Borella Junction,2022-05-13,20:35,Serious Injury,Motorcycle Collision,Overspeeding,2,Motorcycle; Three Wheeler,26-35,0,2,Low,"Borella Junction, Colombo, Sri Lanka","Borella Junction, Colombo, Sri Lanka","18 Dr NM Perera Mawatha Rd, Colombo 00800, Sri Lanka",6.9139525,79.878481,"Rain, Partially cloudy",1.188,7.3,89.6,42.0,2022-05-13T05:54:18,2022-05-13T18:19:53,Light Rain,Good,Friday,May,No,No,None,None
Maradana Junction,2022-05-24,06:22,Minor Injury,Rear-end Collision,Driver Negligence,2,Motorcycle; Bicycle,46-55,0,3,Moderate,"Maradana Junction, Colombo, Sri Lanka","Maradana Junction, Colombo, Sri Lanka","Maradana Junction, Colombo 01000, Sri Lanka",6.928874,79.8637428,"Rain, Partially cloudy",1.156,9.7,85.8,64.1,2022-05-24T05:53:25,2022-05-24T18:21:42,Light Rain,Good,Tuesday,May,No,No,None,None
Cambridge Place Colombo 07,2022-05-25,20:10,Serious Injury,Motorcycle Collision,Overspeeding,2,Motorcycle; Van,36-45,0,6,High,"Cambridge Place Colombo 07, Colombo, Sri Lanka","Cambridge Place Colombo 07, Colombo, Sri Lanka","Cambridge Pl, Colombo 00700, Sri Lanka",6.9071988,79.8600266,"Rain, Partially cloudy",1.577,9.2,84.9,44.1,2022-05-25T05:53:24,2022-05-25T18:21:54,Light Rain,Good,Wednesday,May,No,No,None,None
Borella Junction,2022-05-29,03:04,Minor Injury,Motorcycle Collision,Unsafe Lane Change,2,Motorcycle; Bicycle,56+,0,2,Moderate,"Borella Junction, Colombo, Sri Lanka","Borella Junction, Colombo, Sri Lanka","18 Dr NM Perera Mawatha Rd, Colombo 00800, Sri Lanka",6.9139525,79.878481,"Rain, Partially cloudy",1.523,7.9,90.3,36.6,2022-05-29T05:53:28,2022-05-29T18:22:45,Light Rain,Good,Sunday,May,No,No,None,None
Slave Island Junction,2022-05-30,08:21,Serious Injury,Rear-end Collision,Distracted Driving,2,Three Wheeler; Motorcycle,18-25,0,2,Moderate,"Slave Island Junction, Colombo, Sri Lanka","Slave Island Junction, Colombo, Sri Lanka","Kompannavidiya Flyover, Colombo, Sri Lanka",6.9266493,79.8483123,"Rain, Partially cloudy",0.728,7.5,88.0,34.4,2022-05-30T05:53:31,2022-05-30T18:22:59,Light Rain,Good,Monday,May,Yes,No,None,None
Fort Railway Station Area,2022-06-03,12:20,Fatal,Pedestrian Collision,Driver Negligence,2,Motorcycle; Car,36-45,1,2,High,"Fort Railway Station Area, Colombo, Sri Lanka","Fort Railway Station Area, Colombo, Sri Lanka","Fort Railway station, Colombo, Sri Lanka",6.9337011,79.85003019999999,"Rain, Partially cloudy",0.304,7.9,82.6,29.3,2022-06-03T05:53:48,2022-06-03T18:23:54,Light Rain,Good,Friday,June,No,No,None,None
Baseline Road Borella,2022-06-03,18:30,Minor Injury,Single Vehicle Crash,Driver Negligence,1,Lorry,18-25,0,1,Moderate,"Baseline Road Borella, Colombo, Sri Lanka","Baseline Road Borella, Colombo, Sri Lanka","Baseline Rd, Colombo, Sri Lanka",6.919902,79.8776917,"Rain, Partially cloudy",0.304,7.9,82.6,29.3,2022-06-03T05:53:48,2022-06-03T18:23:54,Light Rain,Good,Friday,June,Yes,No,None,None
High Level Road Kirulapone,2022-06-04,01:57,Serious Injury,Single Vehicle Crash,Overspeeding,1,Van,36-45,0,5,Moderate,"High Level Road Kirulapone, Colombo, Sri Lanka","High Level Road Kirulapone, Colombo, Sri Lanka","High Level Rd, Colombo, Sri Lanka",6.8775584,79.8793098,"Rain, Partially cloudy",0.044,8.1,82.3,28.3,2022-06-04T05:53:54,2022-06-04T18:24:09,Light Rain,Good,Saturday,June,No,No,None,None
"No. 12 Nawala Road, Rajagiriya",2022-06-04,21:11,Serious Injury,Rear-end Collision,Overspeeding,1,Car,26-35,0,4,Moderate,"No. 12 Nawala Road, Rajagiriya, Colombo, Sri Lanka","No. 12 Nawala Road, Rajagiriya, Colombo, Sri Lanka","12 Nawala Rd, Sri Jayawardenepura Kotte 00500, Sri Lanka",6.874480999999999,79.8909402,"Rain, Partially cloudy",0.044,8.1,82.3,28.3,2022-06-04T05:53:54,2022-06-04T18:24:09,Light Rain,Good,Saturday,June,No,No,None,None
Thimbirigasyaya Junction,2022-06-07,19:19,Serious Injury,Pedestrian Collision,Reckless Driving,1,Car,46-55,0,5,High,"Thimbirigasyaya Junction, Colombo, Sri Lanka","Thimbirigasyaya Junction, Colombo, Sri Lanka","Thimbirigasyaya Rd, Colombo 00500, Sri Lanka",6.8936437,79.8704269,"Rain, Partially cloudy",0.04,7.8,85.4,37.4,2022-06-07T05:54:15,2022-06-07T18:24:52,Light Rain,Good,Tuesday,June,No,No,None,None
High Level Road Kirulapone,2022-06-16,09:13,Minor Injury,Side-impact Collision,Driver Negligence,1,Car,56+,0,4,Moderate,"High Level Road Kirulapone, Colombo, Sri Lanka","High Level Road Kirulapone, Colombo, Sri Lanka","High Level Rd, Colombo, Sri Lanka",6.8775584,79.8793098,"Rain, Partially cloudy",0.95,7.8,87.6,38.3,2022-06-16T05:55:42,2022-06-16T18:27:03,Light Rain,Good,Thursday,June,No,No,None,None
Panchikawatte,2022-06-17,10:23,Minor Injury,Pedestrian Collision,Driver Fatigue,1,Motorcycle,18-25,0,1,Moderate,"Panchikawatte, Colombo, Sri Lanka","Panchikawatte, Colombo, Sri Lanka","Panchikawatta, Colombo 01000, Sri Lanka",6.9309682,79.8639835,"Rain, Partially cloudy",0.27,8.1,84.0,32.7,2022-06-17T05:55:54,2022-06-17T18:27:17,Light Rain,Good,Friday,June,No,No,None,None
Pettah Market Area,2022-06-19,14:26,Minor Injury,Side-impact Collision,Driver Fatigue,2,Motorcycle; Bus,36-45,0,3,Low,"Pettah Market Area, Colombo, Sri Lanka","Pettah Market Area, Colombo, Sri Lanka","WVP3+VMM, Keyzer St, Colombo 01100, Sri Lanka",6.937201699999999,79.854187,"Rain, Partially cloudy",0.348,8.1,86.7,26.5,2022-06-19T05:56:18,2022-06-19T18:27:44,Light Rain,Good,Sunday,June,No,No,None,None
Darley Road Cinnamon Gardens,2022-06-23,10:47,Minor Injury,Pedestrian Collision,Driver Negligence,1,Motorcycle,46-55,0,2,Low,"Darley Road Cinnamon Gardens, Colombo, Sri Lanka","Darley Road Cinnamon Gardens, Colombo, Sri Lanka","Darley Rd, Colombo, Sri Lanka",6.9228616,79.8620451,"Rain, Partially cloudy",0.265,8.0,81.5,26.7,2022-06-23T05:57:10,2022-06-23T18:28:36,Light Rain,Good,Thursday,June,No,No,None,None
Maradana Railway Station Area,2022-06-26,14:04,Minor Injury,Pedestrian Collision,Driver Negligence,2,Car; Bicycle,26-35,0,2,Low,"Maradana Railway Station Area, Colombo, Sri Lanka","Maradana Railway Station Area, Colombo, Sri Lanka","Maradana Railway Station, Jayantha Weerasekara Mawatha, Colombo 01000, Sri Lanka",6.92946,79.86511000000002,"Rain, Partially cloudy",0.137,7.9,79.9,21.5,2022-06-26T05:57:51,2022-06-26T18:29:12,Light Rain,Good,Sunday,June,No,No,None,None
Town Hall Area,2022-07-01,09:03,Minor Injury,Head-on Collision,Overspeeding,2,Car; Three Wheeler,56+,0,3,High,"Town Hall Area, Colombo, Sri Lanka","Town Hall Area, Colombo, Sri Lanka","Town Hall, Colombo 01000, Sri Lanka",6.9158502,79.8637861,Clear,0.0,8.1,77.8,18.0,2022-07-01T05:59:01,2022-07-01T18:30:03,Clear,Good,Friday,July,No,No,None,None
Fort Railway Station Area,2022-07-03,17:07,Fatal,Side-impact Collision,Overspeeding,2,Three Wheeler; Car,56+,1,3,High,"Fort Railway Station Area, Colombo, Sri Lanka","Fort Railway Station Area, Colombo, Sri Lanka","Fort Railway station, Colombo, Sri Lanka",6.9337011,79.85003019999999,"Rain, Partially cloudy",0.04,7.7,80.0,37.8,2022-07-03T05:59:29,2022-07-03T18:30:20,Light Rain,Good,Sunday,July,Yes,No,None,None
Madampitiya Road,2022-07-03,19:51,Fatal,Head-on Collision,Driver Fatigue,3,Car; Lorry; Three Wheeler,18-25,1,4,Moderate,"Madampitiya Road, Colombo, Sri Lanka","Madampitiya Road, Colombo, Sri Lanka","Madampitiya Rd, Colombo, Sri Lanka",6.9624445,79.8714976,"Rain, Partially cloudy",0.04,7.7,80.0,37.8,2022-07-03T05:59:29,2022-07-03T18:30:20,Light Rain,Good,Sunday,July,No,No,None,None
Ibbanwala Junction,2022-07-04,15:38,Serious Injury,Motorcycle Collision,Unsafe Lane Change,2,Motorcycle; Bus,18-25,0,3,Moderate,"Ibbanwala Junction, Colombo, Sri Lanka","Ibbanwala Junction, Colombo, Sri Lanka","Ibbanwala, Colombo, Sri Lanka",6.917642,79.8597831,"Rain, Partially cloudy",0.039,8.1,75.0,27.4,2022-07-04T05:59:42,2022-07-04T18:30:28,Light Rain,Good,Monday,July,No,No,None,None
Reid Avenue Colombo 07,2022-07-06,07:08,Minor Injury,Multi-vehicle Collision,Failure to Yield,4,Three Wheeler; Bicycle; Van; Motorcycle,36-45,0,1,Low,"Reid Avenue Colombo 07, Colombo, Sri Lanka","Reid Avenue Colombo 07, Colombo, Sri Lanka","Reid Ave, Colombo 00700, Sri Lanka",6.9012193,79.8616499,Partially cloudy,0.0,7.8,75.3,29.5,2022-07-06T06:00:10,2022-07-06T18:30:42,Partially Cloudy,Good,Wednesday,July,Yes,No,None,None
Mutwal Road Mutwal,2022-07-08,18:49,Minor Injury,Head-on Collision,Driver Negligence,1,Bicycle,56+,0,3,Low,"Mutwal Road Mutwal, Colombo, Sri Lanka","Mutwal Road Mutwal, Colombo, Sri Lanka","Muthuwella Mawatha, Colombo, Sri Lanka",6.9640994,79.8649458,Partially cloudy,0.0,8.2,74.6,23.7,2022-07-08T06:00:37,2022-07-08T18:30:54,Partially Cloudy,Good,Friday,July,Yes,No,None,None
Slave Island Junction,2022-07-11,09:27,Serious Injury,Rear-end Collision,Distracted Driving,1,Three Wheeler,26-35,0,2,Moderate,"Slave Island Junction, Colombo, Sri Lanka","Slave Island Junction, Colombo, Sri Lanka","Kompannavidiya Flyover, Colombo, Sri Lanka",6.9266493,79.8483123,"Rain, Partially cloudy",0.024,7.9,78.2,34.1,2022-07-11T06:01:16,2022-07-11T18:31:06,Light Rain,Good,Monday,July,No,No,None,None
Wellawatte Junction,2022-07-15,15:59,Fatal,Side-impact Collision,Overspeeding,3,Lorry; Three Wheeler; Van,18-25,1,4,Moderate,"Wellawatte Junction, Colombo, Sri Lanka","Wellawatte Junction, Colombo, Sri Lanka","Wellawatte, Colombo 00600, Sri Lanka",6.874092099999999,79.8604934,"Rain, Partially cloudy",0.024,6.5,85.1,24.0,2022-07-15T06:02:05,2022-07-15T18:31:14,Light Rain,Good,Friday,July,No,No,None,None
Sea Street Kotahena,2022-07-15,16:34,Minor Injury,Motorcycle Collision,Unsafe Lane Change,2,Motorcycle; Bicycle,26-35,0,3,Low,"Sea Street Kotahena, Colombo, Sri Lanka","Sea Street Kotahena, Colombo, Sri Lanka","Sea St, Colombo 01300, Sri Lanka",6.9418464,79.8542501,"Rain, Partially cloudy",0.024,6.5,85.1,24.0,2022-07-15T06:02:05,2022-07-15T18:31:14,Light Rain,Good,Friday,July,Yes,No,None,None
"Junction of Rajagiriya Flyover and Nawala Road, Rajagiriya",2022-07-17,08:06,Serious Injury,Motorcycle Collision,Driver Negligence,2,Motorcycle; Van,18-25,0,5,High,"Junction of Rajagiriya Flyover and Nawala Road, Rajagiriya, Colombo, Sri Lanka","Junction of Rajagiriya Flyover and Nawala Road, Rajagiriya, Colombo, Sri Lanka","Rajagiriya Flyover, Rajagiriya Flyover, Sri Lanka",6.9089212,79.8957392,"Rain, Partially cloudy",0.063,8.2,81.5,28.5,2022-07-17T06:02:27,2022-07-17T18:31:14,Light Rain,Good,Sunday,July,Yes,No,None,None
Narahenpita Junction,2022-07-17,22:36,Fatal,Side-impact Collision,Reckless Driving,1,Car,26-35,1,4,High,"Narahenpita Junction, Colombo, Sri Lanka","Narahenpita Junction, Colombo, Sri Lanka","Narahenpita, Colombo 00500, Sri Lanka",6.8899209,79.8826281,"Rain, Partially cloudy",0.063,8.2,81.5,28.5,2022-07-17T06:02:27,2022-07-17T18:31:14,Light Rain,Good,Sunday,July,No,No,None,None
Modara Junction,2022-07-19,22:38,Minor Injury,Motorcycle Collision,Driver Negligence,2,Motorcycle; Car,36-45,0,2,Low,"Modara Junction, Colombo, Sri Lanka","Modara Junction, Colombo, Sri Lanka","Modara, Colombo, Sri Lanka",6.9669247,79.8711533,"Rain, Partially cloudy",0.029,8.1,78.0,26.9,2022-07-19T06:02:49,2022-07-19T18:31:10,Light Rain,Good,Tuesday,July,No,No,None,None
Liberty Plaza Area,2022-07-23,10:38,Fatal,Head-on Collision,Driver Negligence,4,Car; Motorcycle; Three Wheeler; Bicycle,36-45,2,7,High,"Liberty Plaza Area, Colombo, Sri Lanka","Liberty Plaza Area, Colombo, Sri Lanka","300 Srimath Anagarika Dharmapala Mawatha, Colombo 00300, Sri Lanka",6.9118996,79.85130869999999,Partially cloudy,0.0,8.2,81.0,33.0,2022-07-23T06:03:27,2022-07-23T18:30:55,Partially Cloudy,Good,Saturday,July,No,No,None,None
Pettah Clock Tower Area,2022-07-23,15:50,Minor Injury,Side-impact Collision,Reckless Driving,2,Three Wheeler; Motorcycle,36-45,0,3,Low,"Pettah Clock Tower Area, Colombo, Sri Lanka","Pettah Clock Tower Area, Colombo, Sri Lanka","Pettah, Colombo, Sri Lanka",6.9367858,79.8525385,Partially cloudy,0.0,8.2,81.0,33.0,2022-07-23T06:03:27,2022-07-23T18:30:55,Partially Cloudy,Good,Saturday,July,No,No,None,None
Bambalapitiya Railway Station Area,2022-07-29,20:22,Minor Injury,Motorcycle Collision,Driver Negligence,2,Motorcycle; Van,18-25,0,3,High,"Bambalapitiya Railway Station Area, Colombo, Sri Lanka","Bambalapitiya Railway Station Area, Colombo, Sri Lanka","Bambalapitiya Railway Station, Colombo, Sri Lanka",6.8936984,79.8529574,Partially cloudy,0.004,9.6,87.4,45.5,2022-07-29T06:04:11,2022-07-29T18:30:09,Partially Cloudy,Good,Friday,July,No,No,None,None
Pittugala Junction,2022-07-29,23:41,Serious Injury,Rear-end Collision,Driver Negligence,1,Van,26-35,0,2,High,"Pittugala Junction, Colombo, Sri Lanka","Pittugala Junction, Colombo, Sri Lanka","Pittugala, Malabe, Sri Lanka",6.909119599999999,79.9716093,Partially cloudy,0.004,9.6,87.4,45.5,2022-07-29T06:04:11,2022-07-29T18:30:09,Partially Cloudy,Good,Friday,July,No,No,None,None
Armour Street Junction,2022-07-30,21:49,Minor Injury,Pedestrian Collision,Driver Negligence,1,Van,26-35,0,1,Low,"Armour Street Junction, Colombo, Sri Lanka","Armour Street Junction, Colombo, Sri Lanka","Armour St, Colombo, Sri Lanka",6.9424222,79.8637618,"Rain, Partially cloudy",0.142,8.5,84.6,29.5,2022-07-30T06:04:17,2022-07-30T18:29:59,Light Rain,Good,Saturday,July,No,No,None,None
Kotahena Junction,2022-07-31,09:40,Minor Injury,Rear-end Collision,Driver Negligence,2,Motorcycle; Three Wheeler,46-55,0,1,Low,"Kotahena Junction, Colombo, Sri Lanka","Kotahena Junction, Colombo, Sri Lanka","Kotahena St, Colombo 01300, Sri Lanka",6.9494699,79.8626776,"Rain, Partially cloudy",0.1,8.2,84.4,32.6,2022-07-31T06:04:23,2022-07-31T18:29:48,Light Rain,Good,Sunday,July,No,No,None,None
Wijerama Junction,2022-08-01,17:12,Minor Injury,Pedestrian Collision,Failure to Yield,2,Motorcycle; Three Wheeler,18-25,0,1,Low,"Wijerama Junction, Colombo, Sri Lanka","Wijerama Junction, Colombo, Sri Lanka","Wijerama Mawatha, Colombo 00700, Sri Lanka",6.9110572,79.8711168,"Rain, Partially cloudy",0.099,8.3,83.1,39.6,2022-08-01T06:04:28,2022-08-01T18:29:36,Light Rain,Good,Monday,August,Yes,No,None,None
Havelock Road Havelock Town,2022-08-04,17:32,Minor Injury,Pedestrian Collision,Unsafe Lane Change,2,Bus; Motorcycle,18-25,0,2,Low,"Havelock Road Havelock Town, Colombo, Sri Lanka","Havelock Road Havelock Town, Colombo, Sri Lanka","Havelock Rd, Colombo 00500, Sri Lanka",6.8903417,79.8638234,"Rain, Partially cloudy",0.674,7.6,82.7,35.3,2022-08-04T06:04:40,2022-08-04T18:28:56,Light Rain,Good,Thursday,August,Yes,No,None,None
Borella Junction,2022-08-09,17:08,Minor Injury,Multi-vehicle Collision,Overspeeding,4,Motorcycle; Three Wheeler; Lorry; Van,36-45,0,1,Moderate,"Borella Junction, Colombo, Sri Lanka","Borella Junction, Colombo, Sri Lanka","18 Dr NM Perera Mawatha Rd, Colombo 00800, Sri Lanka",6.9139525,79.878481,"Rain, Partially cloudy",0.032,8.2,79.5,24.1,2022-08-09T06:04:50,2022-08-09T18:27:36,Light Rain,Good,Tuesday,August,Yes,No,None,None
Madampitiya Road,2022-08-13,12:21,Minor Injury,Side-impact Collision,Poor Visibility,4,Three Wheeler; Motorcycle; Van; Lorry,36-45,0,3,Low,"Madampitiya Road, Colombo, Sri Lanka","Madampitiya Road, Colombo, Sri Lanka","Madampitiya Rd, Colombo, Sri Lanka",6.9624445,79.8714976,Partially cloudy,0.0,8.2,79.3,31.9,2022-08-13T06:04:50,2022-08-13T18:26:19,Partially Cloudy,Good,Saturday,August,No,No,None,None
"Junction of Havelock Road and Dickman's Road, Colombo 05",2022-08-13,12:22,Minor Injury,Motorcycle Collision,Overspeeding,2,Motorcycle; Bicycle,18-25,0,2,Low,"Junction of Havelock Road and Dickman's Road, Colombo 05, Colombo, Sri Lanka","Junction of Havelock Road and Dickman's Road, Colombo 05, Colombo, Sri Lanka","Havelock Rd & Dickmans Rd, Colombo 00500, Sri Lanka",6.888114000000001,79.8643269,Partially cloudy,0.0,8.2,79.3,31.9,2022-08-13T06:04:50,2022-08-13T18:26:19,Partially Cloudy,Good,Saturday,August,No,No,None,None
Wellawatte Junction,2022-08-14,19:49,Fatal,Side-impact Collision,Driver Negligence,2,Car; Van,18-25,1,5,High,"Wellawatte Junction, Colombo, Sri Lanka","Wellawatte Junction, Colombo, Sri Lanka","Wellawatte, Colombo 00600, Sri Lanka",6.874092099999999,79.8604934,Partially cloudy,0.0,8.5,78.5,35.0,2022-08-14T06:04:49,2022-08-14T18:25:58,Partially Cloudy,Good,Sunday,August,No,No,None,None
Wellawatte Railway Station Area,2022-08-18,12:33,Serious Injury,Rear-end Collision,Driver Negligence,1,Three Wheeler,36-45,0,3,Moderate,"Wellawatte Railway Station Area, Colombo, Sri Lanka","Wellawatte Railway Station Area, Colombo, Sri Lanka","VVF5+W22, Wellawatte Station Rd, Colombo, Sri Lanka",6.874752,79.85750639999999,"Rain, Partially cloudy",0.012,8.5,78.2,37.6,2022-08-18T06:04:40,2022-08-18T18:24:29,Light Rain,Good,Thursday,August,No,No,None,None
Armour Street Junction,2022-08-24,12:43,Minor Injury,Motorcycle Collision,Driver Negligence,2,Motorcycle; Bicycle,56+,0,3,Moderate,"Armour Street Junction, Colombo, Sri Lanka","Armour Street Junction, Colombo, Sri Lanka","Armour St, Colombo, Sri Lanka",6.9424222,79.8637618,Partially cloudy,0.001,8.1,76.8,30.3,2022-08-24T06:04:14,2022-08-24T18:21:58,Partially Cloudy,Good,Wednesday,August,No,No,None,None
Slave Island Junction,2022-08-28,12:27,Minor Injury,Motorcycle Collision,Distracted Driving,2,Motorcycle; Three Wheeler,18-25,0,2,Low,"Slave Island Junction, Colombo, Sri Lanka","Slave Island Junction, Colombo, Sri Lanka","Kompannavidiya Flyover, Colombo, Sri Lanka",6.9266493,79.8483123,Partially cloudy,0.0,8.2,79.0,29.0,2022-08-28T06:03:49,2022-08-28T18:20:07,Partially Cloudy,Good,Sunday,August,No,No,None,None
"Junction of York Street and Chatham Street, Colombo 01",2022-08-29,09:32,Minor Injury,Rear-end Collision,Drunk Driving,1,Motorcycle,46-55,0,1,Low,"Junction of York Street and Chatham Street, Colombo 01, Colombo, Sri Lanka","Junction of York Street and Chatham Street, Colombo 01, Colombo, Sri Lanka","Chatham St & York St, Colombo, Sri Lanka",6.9343151,79.8447736,Partially cloudy,0.0,7.4,81.6,30.8,2022-08-29T06:03:42,2022-08-29T18:19:39,Partially Cloudy,Good,Monday,August,No,No,None,None
Mattakkuliya Junction,2022-08-30,16:50,Minor Injury,Pedestrian Collision,Overspeeding,2,Motorcycle; Car,26-35,0,1,Low,"Mattakkuliya Junction, Colombo, Sri Lanka","Mattakkuliya Junction, Colombo, Sri Lanka","Mattakkuliya Brg, Colombo, Sri Lanka",6.9805611,79.875318,"Rain, Partially cloudy",0.938,8.0,86.9,37.1,2022-08-30T06:03:34,2022-08-30T18:19:10,Light Rain,Good,Tuesday,August,Yes,No,None,None
Hulftsdorp Junction,2022-08-30,17:14,Serious Injury,Motorcycle Collision,Poor Visibility,3,Motorcycle; Three Wheeler; Car,18-25,0,6,High,"Hulftsdorp Junction, Colombo, Sri Lanka","Hulftsdorp Junction, Colombo, Sri Lanka","Hultsdorf St, Colombo, Sri Lanka",6.9375553,79.8608161,"Rain, Partially cloudy",0.938,8.0,86.9,37.1,2022-08-30T06:03:34,2022-08-30T18:19:10,Light Rain,Good,Tuesday,August,Yes,No,None,None
"No. 5 T B Jayah Mawatha, Maradana, Colombo 10",2022-09-01,19:58,Minor Injury,Pedestrian Collision,Overspeeding,1,Motorcycle,18-25,0,1,Moderate,"No. 5 T B Jayah Mawatha, Maradana, Colombo 10, Colombo, Sri Lanka","No. 5 T B Jayah Mawatha, Maradana, Colombo 10, Colombo, Sri Lanka","5 T. B. Jayah Mawatha, Colombo 01000, Sri Lanka",6.928052399999999,79.8634762,"Rain, Partially cloudy",1.368,6.7,87.7,33.9,2022-09-01T06:03:19,2022-09-01T18:18:11,Light Rain,Good,Thursday,September,No,No,None,None
Galle Road Kollupitiya,2022-09-02,20:21,Minor Injury,Single Vehicle Crash,Unsafe Lane Change,1,Three Wheeler,36-45,0,4,High,"Galle Road Kollupitiya, Colombo, Sri Lanka","Galle Road Kollupitiya, Colombo, Sri Lanka","Galle Rd, Colombo, Sri Lanka",6.9037968,79.8521362,"Rain, Partially cloudy",0.04,8.1,83.2,25.0,2022-09-02T06:03:11,2022-09-02T18:17:41,Light Rain,Good,Friday,September,No,No,None,None
Narahenpita Junction,2022-09-02,20:30,Minor Injury,Motorcycle Collision,Reckless Driving,2,Motorcycle; Car,56+,0,3,High,"Narahenpita Junction, Colombo, Sri Lanka","Narahenpita Junction, Colombo, Sri Lanka","Narahenpita, Colombo 00500, Sri Lanka",6.8899209,79.8826281,"Rain, Partially cloudy",0.04,8.1,83.2,25.0,2022-09-02T06:03:11,2022-09-02T18:17:41,Light Rain,Good,Friday,September,No,No,None,None
Bambalapitiya Junction,2022-09-02,21:42,Minor Injury,Side-impact Collision,Mechanical Failure,1,Motorcycle,18-25,0,2,Low,"Bambalapitiya Junction, Colombo, Sri Lanka","Bambalapitiya Junction, Colombo, Sri Lanka","Bambalapitiya, Colombo 00500, Sri Lanka",6.8894192,79.8575468,"Rain, Partially cloudy",0.04,8.1,83.2,25.0,2022-09-02T06:03:11,2022-09-02T18:17:41,Light Rain,Good,Friday,September,No,No,None,None
Modara Junction,2022-09-06,09:14,Fatal,Rear-end Collision,Reckless Driving,1,Three Wheeler,18-25,1,3,High,"Modara Junction, Colombo, Sri Lanka","Modara Junction, Colombo, Sri Lanka","Modara, Colombo, Sri Lanka",6.9669247,79.8711533,"Rain, Partially cloudy",0.16,7.7,83.9,34.0,2022-09-06T06:02:36,2022-09-06T18:15:37,Light Rain,Good,Tuesday,September,No,No,None,None
Nelum Pokuna Area,2022-09-08,14:55,Fatal,Motorcycle Collision,Driver Fatigue,3,Motorcycle; Three Wheeler; Bus,36-45,1,5,Moderate,"Nelum Pokuna Area, Colombo, Sri Lanka","Nelum Pokuna Area, Colombo, Sri Lanka","110 Ananda Coomaraswamy Mawatha, Colombo 00700, Sri Lanka",6.910803199999999,79.86344670000001,Partially cloudy,0.0,7.9,80.9,34.2,2022-09-08T06:02:18,2022-09-08T18:14:34,Partially Cloudy,Good,Thursday,September,No,No,None,None
Sea Street Kotahena,2022-09-09,08:08,Minor Injury,Pedestrian Collision,Reckless Driving,2,Motorcycle; Three Wheeler,46-55,0,2,High,"Sea Street Kotahena, Colombo, Sri Lanka","Sea Street Kotahena, Colombo, Sri Lanka","Sea St, Colombo 01300, Sri Lanka",6.9418464,79.8542501,Partially cloudy,0.0,7.9,80.5,30.7,2022-09-09T06:02:08,2022-09-09T18:14:02,Partially Cloudy,Good,Friday,September,Yes,No,None,None
Bambalapitiya Junction,2022-09-11,19:54,Minor Injury,Side-impact Collision,Driver Negligence,3,Motorcycle; Three Wheeler; Bus,56+,0,4,Moderate,"Bambalapitiya Junction, Colombo, Sri Lanka","Bambalapitiya Junction, Colombo, Sri Lanka","Bambalapitiya, Colombo 00500, Sri Lanka",6.8894192,79.8575468,Partially cloudy,0.0,8.2,81.0,28.2,2022-09-11T06:01:49,2022-09-11T18:12:58,Partially Cloudy,Good,Sunday,September,No,No,None,None
Pamankada Junction,2022-09-13,03:52,Fatal,Pedestrian Collision,Driver Negligence,2,Motorcycle; Car,26-35,1,5,High,"Pamankada Junction, Colombo, Sri Lanka","Pamankada Junction, Colombo, Sri Lanka","Pamankada Ln, Colombo, Sri Lanka",6.8756803,79.8676529,Partially cloudy,0.002,7.9,79.2,24.7,2022-09-13T06:01:29,2022-09-13T18:11:53,Partially Cloudy,Good,Tuesday,September,No,No,None,None
Maradana Junction,2022-09-14,19:54,Serious Injury,Pedestrian Collision,Unsafe Lane Change,1,Motorcycle,18-25,0,5,Moderate,"Maradana Junction, Colombo, Sri Lanka","Maradana Junction, Colombo, Sri Lanka","Maradana Junction, Colombo 01000, Sri Lanka",6.928874,79.8637428,"Rain, Partially cloudy",0.045,6.6,81.9,25.9,2022-09-14T06:01:19,2022-09-14T18:11:20,Light Rain,Good,Wednesday,September,No,No,None,None