Location,Date of Accident,Time of Accident,Accident Severity,Collision Type,Cause of Accident,Number of Vehicles,Vehicle Types,Driver Age Group,Number of Fatalities,Number of Injuries,Property Damage Level,location_standardized,location_name,formatted_address,latitude,longitude,conditions,precip,visibility,humidity,cloudcover,sunrise,sunset,weather_condition_label,visibility_level,Week (Derived),Month (Derived),Peak Hour Indicator (Derived),Public Holiday Indicator (Derived),Public Holiday Name (Derived),Public Holiday Category (Derived)
Thimbirigasyaya Junction,2022-09-15,19:20,Minor Injury,Single Vehicle Crash,Driver Negligence,1,Car,18-25,0,2,Low,"Thimbirigasyaya Junction, Colombo, Sri Lanka","Thimbirigasyaya Junction, Colombo, Sri Lanka","Thimbirigasyaya Rd, Colombo 00500, Sri Lanka",6.8936437,79.8704269,Partially cloudy,0.0,7.2,82.8,24.4,2022-09-15T06:01:09,2022-09-15T18:10:48,Partially Cloudy,Good,Thursday,September,No,No,None,None
"Junction of Sea Street and St. Anthony's Mawatha, Colombo 13",2022-09-19,16:49,Minor Injury,Side-impact Collision,Poor Visibility,1,Three Wheeler,46-55,0,4,Low,"Junction of Sea Street and St. Anthony's Mawatha, Colombo 13, Colombo, Sri Lanka","Junction of Sea Street and St. Anthony's Mawatha, Colombo 13, Colombo, Sri Lanka","Street Anthony's Mawatha, Colombo 01300, Sri Lanka",6.9460205,79.8562376,Partially cloudy,0.0,6.9,80.4,25.9,2022-09-19T06:00:28,2022-09-19T18:08:37,Partially Cloudy,Good,Monday,September,Yes,No,None,None
Baseline Road Borella,2022-09-22,22:56,Serious Injury,Pedestrian Collision,Overspeeding,2,Three Wheeler; Bus,46-55,0,3,High,"Baseline Road Borella, Colombo, Sri Lanka","Baseline Road Borella, Colombo, Sri Lanka","Baseline Rd, Colombo, Sri Lanka",6.919902,79.8776917,"Rain, Partially cloudy",0.016,8.4,79.3,24.9,2022-09-22T05:59:59,2022-09-22T18:06:59,Light Rain,Good,Thursday,September,No,No,None,None
Ibbanwala Junction,2022-09-26,17:57,Minor Injury,Side-impact Collision,Driver Negligence,1,Bicycle,26-35,0,4,Moderate,"Ibbanwala Junction, Colombo, Sri Lanka","Ibbanwala Junction, Colombo, Sri Lanka","Ibbanwala, Colombo, Sri Lanka",6.917642,79.8597831,Partially cloudy,0.002,8.4,78.2,30.4,2022-09-26T05:59:20,2022-09-26T18:04:50,Partially Cloudy,Good,Monday,September,Yes,No,None,None
Nelum Pokuna Area,2022-09-27,14:03,Minor Injury,Pedestrian Collision,Reckless Driving,1,Three Wheeler,26-35,0,1,Moderate,"Nelum Pokuna Area, Colombo, Sri Lanka","Nelum Pokuna Area, Colombo, Sri Lanka","110 Ananda Coomaraswamy Mawatha, Colombo 00700, Sri Lanka",6.910803199999999,79.86344670000001,Partially cloudy,0.0,7.7,75.7,27.6,2022-09-27T05:59:11,2022-09-27T18:04:18,Partially Cloudy,Good,Tuesday,September,No,No,None,None
Bauddhaloka Mawatha Cinnamon Gardens,2022-09-29,17:45,Minor Injury,Rear-end Collision,Distracted Driving,2,Motorcycle; Three Wheeler,36-45,0,1,Low,"Bauddhaloka Mawatha Cinnamon Gardens, Colombo, Sri Lanka","Bauddhaloka Mawatha Cinnamon Gardens, Colombo, Sri Lanka","Bauddhaloka Mawatha, Colombo 00700, Sri Lanka",6.901932,79.8694402,"Rain, Partially cloudy",0.054,8.2,77.8,25.3,2022-09-29T05:58:53,2022-09-29T18:03:15,Light Rain,Good,Thursday,September,Yes,No,None,None
"Junction of De Saram Road and Hospital Road, Dehiwela",2022-10-02,19:53,Minor Injury,Multi-vehicle Collision,Overspeeding,3,Three Wheeler; Van; Lorry,26-35,0,2,Moderate,"Junction of De Saram Road and Hospital Road, Dehiwela, Colombo, Sri Lanka","Junction of De Saram Road and Hospital Road, Dehiwela, Colombo, Sri Lanka","Hospital Rd, Colombo, Sri Lanka",6.8648594,79.8703535,Partially cloudy,0.0,8.5,78.2,32.8,2022-10-02T05:58:28,2022-10-02T18:01:42,Partially Cloudy,Good,Sunday,October,No,No,None,None
Maradana Junction,2022-10-08,06:37,Minor Injury,Motorcycle Collision,Reckless Driving,1,Motorcycle,26-35,0,3,Moderate,"Maradana Junction, Colombo, Sri Lanka","Maradana Junction, Colombo, Sri Lanka","Maradana Junction, Colombo 01000, Sri Lanka",6.928874,79.8637428,Partially cloudy,0.0,8.8,78.1,34.7,2022-10-08T05:57:46,2022-10-08T17:58:46,Partially Cloudy,Good,Saturday,October,No,No,None,None
Bauddhaloka Mawatha Cinnamon Gardens,2022-10-12,17:45,Serious Injury,Multi-vehicle Collision,Overspeeding,4,Three Wheeler; Motorcycle; Lorry; Van,46-55,0,3,High,"Bauddhaloka Mawatha Cinnamon Gardens, Colombo, Sri Lanka","Bauddhaloka Mawatha Cinnamon Gardens, Colombo, Sri Lanka","Bauddhaloka Mawatha, Colombo 00700, Sri Lanka",6.901932,79.8694402,"Rain, Partially cloudy",1.725,6.9,91.6,38.9,2022-10-12T05:57:25,2022-10-12T17:56:58,Light Rain,Good,Wednesday,October,Yes,No,None,None
Madampitiya Road,2022-10-12,22:24,Minor Injury,Motorcycle Collision,Distracted Driving,2,Motorcycle; Bus,18-25,0,2,High,"Madampitiya Road, Colombo, Sri Lanka","Madampitiya Road, Colombo, Sri Lanka","Madampitiya Rd, Colombo, Sri Lanka",6.9624445,79.8714976,"Rain, Partially cloudy",1.725,6.9,91.6,38.9,2022-10-12T05:57:25,2022-10-12T17:56:58,Light Rain,Good,Wednesday,October,No,No,None,None
Kotahena Junction,2022-10-14,20:45,Serious Injury,Multi-vehicle Collision,Driver Negligence,4,Bicycle; Lorry; Motorcycle; Car,46-55,0,4,Moderate,"Kotahena Junction, Colombo, Sri Lanka","Kotahena Junction, Colombo, Sri Lanka","Kotahena St, Colombo 01300, Sri Lanka",6.9494699,79.8626776,"Rain, Partially cloudy",4.582,6.6,94.8,48.4,2022-10-14T05:57:18,2022-10-14T17:56:06,Light Rain,Good,Friday,October,No,No,None,None
Nawala Junction,2022-10-17,08:35,Minor Injury,Rear-end Collision,Driver Negligence,2,Van; Three Wheeler,18-25,0,2,Moderate,"Nawala Junction, Colombo, Sri Lanka","Nawala Junction, Colombo, Sri Lanka","Nawala Rd, Colombo, Sri Lanka",6.8863084,79.887159,"Rain, Partially cloudy",3.051,8.8,90.5,48.9,2022-10-17T05:57:10,2022-10-17T17:54:54,Light Rain,Good,Monday,October,Yes,No,None,None
Lotus Road Colombo 01,2022-10-19,11:09,Minor Injury,Side-impact Collision,Reckless Driving,2,Three Wheeler; Bicycle,18-25,0,2,Low,"Lotus Road Colombo 01, Colombo, Sri Lanka","Lotus Road Colombo 01, Colombo, Sri Lanka","Lotus Rd, Colombo, Sri Lanka",6.932894,79.8461394,"Rain, Partially cloudy",0.57,8.0,83.9,32.5,2022-10-19T05:57:08,2022-10-19T17:54:09,Light Rain,Good,Wednesday,October,No,No,None,None
High Level Road Maharagama,2022-10-20,07:28,Minor Injury,Rear-end Collision,Distracted Driving,1,Motorcycle,26-35,0,3,Low,"High Level Road Maharagama, Colombo, Sri Lanka","High Level Road Maharagama, Colombo, Sri Lanka","High Level Rd, Maharagama, Sri Lanka",6.8491609,79.9243239,"Rain, Partially cloudy",0.051,8.2,80.7,32.5,2022-10-20T05:57:07,2022-10-20T17:53:48,Light Rain,Good,Thursday,October,Yes,No,None,None
Mutwal Road Mutwal,2022-10-20,14:48,Serious Injury,Single Vehicle Crash,Overspeeding,1,Three Wheeler,26-35,0,5,High,"Mutwal Road Mutwal, Colombo, Sri Lanka","Mutwal Road Mutwal, Colombo, Sri Lanka","Muthuwella Mawatha, Colombo, Sri Lanka",6.9640994,79.8649458,"Rain, Partially cloudy",0.051,8.2,80.7,32.5,2022-10-20T05:57:07,2022-10-20T17:53:48,Light Rain,Good,Thursday,October,No,No,None,None
Justice Akbar Mawatha Slave Island,2022-10-20,17:21,Minor Injury,Pedestrian Collision,Poor Visibility,1,Motorcycle,26-35,0,1,High,"Justice Akbar Mawatha Slave Island, Colombo, Sri Lanka","Justice Akbar Mawatha Slave Island, Colombo, Sri Lanka","Justice Akbar Mawatha, Colombo, Sri Lanka",6.9238481,79.8503668,"Rain, Partially cloudy",0.051,8.2,80.7,32.5,2022-10-20T05:57:07,2022-10-20T17:53:48,Light Rain,Good,Thursday,October,Yes,No,None,None
Liberty Plaza Area,2022-10-20,18:15,Minor Injury,Motorcycle Collision,Driver Negligence,2,Motorcycle; Car,56+,0,3,Low,"Liberty Plaza Area, Colombo, Sri Lanka","Liberty Plaza Area, Colombo, Sri Lanka","300 Srimath Anagarika Dharmapala Mawatha, Colombo 00300, Sri Lanka",6.9118996,79.85130869999999,"Rain, Partially cloudy",0.051,8.2,80.7,32.5,2022-10-20T05:57:07,2022-10-20T17:53:48,Light Rain,Good,Thursday,October,Yes,No,None,None
Bauddhaloka Mawatha Havelock Town,2022-10-23,10:19,Minor Injury,Motorcycle Collision,Driver Fatigue,4,Motorcycle; Van; Bus; Three Wheeler,18-25,0,1,Moderate,"Bauddhaloka Mawatha Havelock Town, Colombo, Sri Lanka","Bauddhaloka Mawatha Havelock Town, Colombo, Sri Lanka","Bauddhaloka Mawatha, Colombo, Sri Lanka",6.897011,79.8598172,"Rain, Partially cloudy",3.191,6.2,92.3,33.4,2022-10-23T05:57:10,2022-10-23T17:52:48,Light Rain,Good,Sunday,October,No,No,None,None
Kochchikade Junction,2022-10-24,05:13,Fatal,Single Vehicle Crash,Reckless Driving,1,Motorcycle,26-35,1,1,High,"Kochchikade Junction, Colombo, Sri Lanka","Kochchikade Junction, Colombo, Sri Lanka","Colombo, Sri Lanka",6.9270786,79.861243,"Rain, Partially cloudy",0.511,8.3,85.9,39.1,2022-10-24T05:57:12,2022-10-24T17:52:29,Light Rain,Good,Monday,October,No,Yes,Deepavali Festival Day,Local
Liberty Plaza Area,2022-10-25,00:19,Minor Injury,Side-impact Collision,Driver Negligence,1,Motorcycle,26-35,0,4,Moderate,"Liberty Plaza Area, Colombo, Sri Lanka","Liberty Plaza Area, Colombo, Sri Lanka","300 Srimath Anagarika Dharmapala Mawatha, Colombo 00300, Sri Lanka",6.9118996,79.85130869999999,"Rain, Partially cloudy",0.045,8.4,84.3,30.2,2022-10-25T05:57:15,2022-10-25T17:52:11,Light Rain,Good,Tuesday,October,No,No,None,None
Baseline Road Borella,2022-10-26,19:53,Minor Injury,Multi-vehicle Collision,Overspeeding,4,Three Wheeler; Van; Bicycle; Motorcycle,26-35,0,1,Low,"Baseline Road Borella, Colombo, Sri Lanka","Baseline Road Borella, Colombo, Sri Lanka","Baseline Rd, Colombo, Sri Lanka",6.919902,79.8776917,"Rain, Partially cloudy",0.174,8.0,86.5,29.3,2022-10-26T05:57:18,2022-10-26T17:51:55,Light Rain,Good,Wednesday,October,No,No,None,None
Union Place Slave Island,2022-10-31,19:51,Minor Injury,Single Vehicle Crash,Distracted Driving,1,Three Wheeler,36-45,0,4,Low,"Union Place Slave Island, Colombo, Sri Lanka","Union Place Slave Island, Colombo, Sri Lanka","Union Pl, Colombo, Sri Lanka",6.9203664,79.8578057,Partially cloudy,0.008,8.5,78.8,28.8,2022-10-31T05:57:46,2022-10-31T17:50:43,Partially Cloudy,Good,Monday,October,No,No,None,None
Armour Street Junction,2022-11-08,01:35,Fatal,Rear-end Collision,Driver Negligence,1,Motorcycle,26-35,1,3,High,"Armour Street Junction, Colombo, Sri Lanka","Armour Street Junction, Colombo, Sri Lanka","Armour St, Colombo, Sri Lanka",6.9424222,79.8637618,"Rain, Partially cloudy",0.534,8.2,85.0,37.5,2022-11-08T05:59:07,2022-11-08T17:49:34,Light Rain,Good,Tuesday,November,No,No,None,None
Town Hall Area,2022-11-08,17:38,Minor Injury,Pedestrian Collision,Driver Negligence,1,Motorcycle,46-55,0,2,Low,"Town Hall Area, Colombo, Sri Lanka","Town Hall Area, Colombo, Sri Lanka","Town Hall, Colombo 01000, Sri Lanka",6.9158502,79.8637861,"Rain, Partially cloudy",0.534,8.2,85.0,37.5,2022-11-08T05:59:07,2022-11-08T17:49:34,Light Rain,Good,Tuesday,November,Yes,No,None,None
"Junction of Havelock Road and Jawatte Road, Colombo 05",2022-11-12,10:44,Minor Injury,Rear-end Collision,Overspeeding,1,Bus,46-55,0,2,High,"Junction of Havelock Road and Jawatte Road, Colombo 05, Colombo, Sri Lanka","Junction of Havelock Road and Jawatte Road, Colombo 05, Colombo, Sri Lanka","Jawatta Rd, Colombo, Sri Lanka",6.8953002,79.8668991,"Rain, Partially cloudy",0.242,7.4,90.2,33.0,2022-11-12T06:00:05,2022-11-12T17:49:23,Light Rain,Good,Saturday,November,No,No,None,None
Wellawatte Junction,2022-11-13,08:09,Minor Injury,Rear-end Collision,Overspeeding,1,Car,18-25,0,2,Low,"Wellawatte Junction, Colombo, Sri Lanka","Wellawatte Junction, Colombo, Sri Lanka","Wellawatte, Colombo 00600, Sri Lanka",6.874092099999999,79.8604934,"Rain, Partially cloudy",0.303,7.8,87.3,37.9,2022-11-13T06:00:21,2022-11-13T17:49:23,Light Rain,Good,Sunday,November,Yes,No,None,None
D R Wijewardena Mawatha Fort,2022-11-15,17:34,Minor Injury,Rear-end Collision,Overspeeding,2,Van; Car,36-45,0,2,Low,"D R Wijewardena Mawatha Fort, Colombo, Sri Lanka","D R Wijewardena Mawatha Fort, Colombo, Sri Lanka","McCallum Rd, Colombo, Sri Lanka",6.9324236,79.8505139,"Rain, Partially cloudy",0.121,7.9,86.4,25.7,2022-11-15T06:00:56,2022-11-15T17:49:26,Light Rain,Good,Tuesday,November,Yes,No,None,None
Kotahena Junction,2022-11-16,18:07,Serious Injury,Motorcycle Collision,Poor Visibility,4,Motorcycle; Bicycle; Three Wheeler; Car,56+,0,6,High,"Kotahena Junction, Colombo, Sri Lanka","Kotahena Junction, Colombo, Sri Lanka","Kotahena St, Colombo 01300, Sri Lanka",6.9494699,79.8626776,Partially cloudy,0.004,8.0,81.3,23.2,2022-11-16T06:01:15,2022-11-16T17:49:28,Partially Cloudy,Good,Wednesday,November,Yes,No,None,None
Mattakkuliya Junction,2022-11-18,18:14,Serious Injury,Rear-end Collision,Distracted Driving,1,Car,18-25,0,2,Low,"Mattakkuliya Junction, Colombo, Sri Lanka","Mattakkuliya Junction, Colombo, Sri Lanka","Mattakkuliya Brg, Colombo, Sri Lanka",6.9805611,79.875318,Clear,0.0,7.7,76.0,11.4,2022-11-18T06:01:54,2022-11-18T17:49:37,Clear,Good,Friday,November,Yes,No,None,None
Borella Junction,2022-11-19,06:14,Serious Injury,Side-impact Collision,Overspeeding,3,Three Wheeler; Lorry; Van,18-25,0,2,High,"Borella Junction, Colombo, Sri Lanka","Borella Junction, Colombo, Sri Lanka","18 Dr NM Perera Mawatha Rd, Colombo 00800, Sri Lanka",6.9139525,79.878481,Clear,0.0,6.5,81.8,20.0,2022-11-19T06:02:14,2022-11-19T17:49:43,Clear,Good,Saturday,November,No,No,None,None
Kollupitiya Flyover Approach,2022-11-20,03:57,Minor Injury,Single Vehicle Crash,Pedestrian Negligence,1,Motorcycle,36-45,0,3,Low,"Kollupitiya Flyover Approach, Colombo, Sri Lanka","Kollupitiya Flyover Approach, Colombo, Sri Lanka","Kollupitiya, Colombo, Sri Lanka",6.912815399999999,79.8506815,Partially cloudy,0.0,6.9,80.3,20.4,2022-11-20T06:02:36,2022-11-20T17:49:49,Partially Cloudy,Good,Sunday,November,No,No,None,None
Messenger Street Pettah,2022-11-20,12:57,Minor Injury,Pedestrian Collision,Unsafe Lane Change,1,Car,26-35,0,1,Moderate,"Messenger Street Pettah, Colombo, Sri Lanka","Messenger Street Pettah, Colombo, Sri Lanka","M. J. M. Lafeer Mawatha, Colombo, Sri Lanka",6.9411356,79.8629811,Partially cloudy,0.0,6.9,80.3,20.4,2022-11-20T06:02:36,2022-11-20T17:49:49,Partially Cloudy,Good,Sunday,November,No,No,None,None
Borella Junction,2022-11-23,06:59,Minor Injury,Side-impact Collision,Driver Negligence,2,Three Wheeler; Bicycle,26-35,0,4,Low,"Borella Junction, Colombo, Sri Lanka","Borella Junction, Colombo, Sri Lanka","18 Dr NM Perera Mawatha Rd, Colombo 00800, Sri Lanka",6.9139525,79.878481,Clear,0.0,7.9,77.3,14.5,2022-11-23T06:03:43,2022-11-23T17:50:15,Clear,Good,Wednesday,November,No,No,None,None
Sir Chittampalam A Gardiner Mawatha Fort,2022-11-24,08:48,Fatal,Multi-vehicle Collision,Driver Negligence,4,Three Wheeler; Motorcycle; Lorry; Bicycle,26-35,1,3,High,"Sir Chittampalam A Gardiner Mawatha Fort, Colombo, Sri Lanka","Sir Chittampalam A Gardiner Mawatha Fort, Colombo, Sri Lanka","Sir Chittampalam A Gardiner Mawath, Colombo, Sri Lanka",6.9298377,79.8477933,Clear,0.0,8.6,78.7,17.0,2022-11-24T06:04:07,2022-11-24T17:50:26,Clear,Good,Thursday,November,Yes,No,None,None
Marine Drive Kollupitiya,2022-11-28,13:12,Minor Injury,Pedestrian Collision,Driver Negligence,1,Motorcycle,18-25,0,2,Low,"Marine Drive Kollupitiya, Colombo, Sri Lanka","Marine Drive Kollupitiya, Colombo, Sri Lanka","Marine Drive, Colombo, Sri Lanka",6.9061405,79.8497258,Rain,0.083,8.1,79.6,15.1,2022-11-28T06:05:47,2022-11-28T17:51:18,Light Rain,Good,Monday,November,No,No,None,None
Wellawatte Railway Station Area,2022-12-01,08:04,Minor Injury,Motorcycle Collision,Unsafe Lane Change,4,Motorcycle; Car; Three Wheeler; Bicycle,26-35,0,3,High,"Wellawatte Railway Station Area, Colombo, Sri Lanka","Wellawatte Railway Station Area, Colombo, Sri Lanka","VVF5+W22, Wellawatte Station Rd, Colombo, Sri Lanka",6.874752,79.85750639999999,Clear,0.004,8.6,78.7,19.7,2022-12-01T06:07:07,2022-12-01T17:52:07,Clear,Good,Thursday,December,Yes,No,None,None
Pettah Market Area,2022-12-01,11:08,Minor Injury,Rear-end Collision,Reckless Driving,2,Motorcycle; Car,18-25,0,3,Low,"Pettah Market Area, Colombo, Sri Lanka","Pettah Market Area, Colombo, Sri Lanka","WVP3+VMM, Keyzer St, Colombo 01100, Sri Lanka",6.937201699999999,79.854187,Clear,0.004,8.6,78.7,19.7,2022-12-01T06:07:07,2022-12-01T17:52:07,Clear,Good,Thursday,December,No,No,None,None
Bauddhaloka Mawatha Cinnamon Gardens,2022-12-02,09:03,Serious Injury,Side-impact Collision,Driver Negligence,2,Car; Motorcycle,26-35,0,3,High,"Bauddhaloka Mawatha Cinnamon Gardens, Colombo, Sri Lanka","Bauddhaloka Mawatha Cinnamon Gardens, Colombo, Sri Lanka","Bauddhaloka Mawatha, Colombo 00700, Sri Lanka",6.901932,79.8694402,"Rain, Partially cloudy",1.628,7.9,84.5,26.4,2022-12-02T06:07:35,2022-12-02T17:52:25,Light Rain,Good,Friday,December,No,No,None,None
Union Place Slave Island,2022-12-09,09:09,Serious Injury,Multi-vehicle Collision,Driver Fatigue,3,Three Wheeler; Motorcycle; Bus,18-25,0,2,High,"Union Place Slave Island, Colombo, Sri Lanka","Union Place Slave Island, Colombo, Sri Lanka","Union Pl, Colombo, Sri Lanka",6.9203664,79.8578057,"Rain, Partially cloudy",0.391,6.4,85.1,41.1,2022-12-09T06:10:59,2022-12-09T17:54:52,Light Rain,Good,Friday,December,No,No,None,None
Borella Junction,2022-12-10,01:32,Minor Injury,Motorcycle Collision,Driver Fatigue,2,Motorcycle; Three Wheeler,46-55,0,2,Low,"Borella Junction, Colombo, Sri Lanka","Borella Junction, Colombo, Sri Lanka","18 Dr NM Perera Mawatha Rd, Colombo 00800, Sri Lanka",6.9139525,79.878481,"Rain, Partially cloudy",1.08,6.7,87.2,39.5,2022-12-10T06:11:29,2022-12-10T17:55:16,Light Rain,Good,Saturday,December,No,No,None,None
Hulftsdorp Junction,2022-12-11,08:37,Fatal,Head-on Collision,Distracted Driving,1,Lorry,18-25,1,2,High,"Hulftsdorp Junction, Colombo, Sri Lanka","Hulftsdorp Junction, Colombo, Sri Lanka","Hultsdorf St, Colombo, Sri Lanka",6.9375553,79.8608161,"Rain, Partially cloudy",1.479,7.2,85.9,35.7,2022-12-11T06:11:59,2022-12-11T17:55:41,Light Rain,Good,Sunday,December,Yes,No,None,None
Bauddhaloka Mawatha Cinnamon Gardens,2022-12-11,10:37,Serious Injury,Single Vehicle Crash,Reckless Driving,1,Car,46-55,0,6,High,"Bauddhaloka Mawatha Cinnamon Gardens, Colombo, Sri Lanka","Bauddhaloka Mawatha Cinnamon Gardens, Colombo, Sri Lanka","Bauddhaloka Mawatha, Colombo 00700, Sri Lanka",6.901932,79.8694402,"Rain, Partially cloudy",1.479,7.2,85.9,35.7,2022-12-11T06:11:59,2022-12-11T17:55:41,Light Rain,Good,Sunday,December,No,No,None,None
Sea Street Kotahena,2022-12-11,10:53,Minor Injury,Head-on Collision,Unsafe Lane Change,1,Three Wheeler,36-45,0,2,Moderate,"Sea Street Kotahena, Colombo, Sri Lanka","Sea Street Kotahena, Colombo, Sri Lanka","Sea St, Colombo 01300, Sri Lanka",6.9418464,79.8542501,"Rain, Partially cloudy",1.479,7.2,85.9,35.7,2022-12-11T06:11:59,2022-12-11T17:55:41,Light Rain,Good,Sunday,December,No,No,None,None
Maradana Railway Station Area,2022-12-12,16:19,Serious Injury,Motorcycle Collision,Unsafe Lane Change,2,Motorcycle; Car,18-25,0,4,Moderate,"Maradana Railway Station Area, Colombo, Sri Lanka","Maradana Railway Station Area, Colombo, Sri Lanka","Maradana Railway Station, Jayantha Weerasekara Mawatha, Colombo 01000, Sri Lanka",6.92946,79.86511000000002,Rain,0.299,7.0,83.8,17.7,2022-12-12T06:12:30,2022-12-12T17:56:06,Light Rain,Good,Monday,December,Yes,No,None,None
Wellawatte Junction,2022-12-13,06:23,Minor Injury,Rear-end Collision,Driver Negligence,1,Motorcycle,26-35,0,4,Moderate,"Wellawatte Junction, Colombo, Sri Lanka","Wellawatte Junction, Colombo, Sri Lanka","Wellawatte, Colombo 00600, Sri Lanka",6.874092099999999,79.8604934,Clear,0.0,8.5,80.2,17.0,2022-12-13T06:13:00,2022-12-13T17:56:32,Clear,Good,Tuesday,December,No,No,None,None
Sir Chittampalam A Gardiner Mawatha Fort,2022-12-14,18:30,Serious Injury,Rear-end Collision,Distracted Driving,2,Three Wheeler; Motorcycle,56+,0,2,High,"Sir Chittampalam A Gardiner Mawatha Fort, Colombo, Sri Lanka","Sir Chittampalam A Gardiner Mawatha Fort, Colombo, Sri Lanka","Sir Chittampalam A Gardiner Mawath, Colombo, Sri Lanka",6.9298377,79.8477933,"Rain, Partially cloudy",0.599,7.8,79.7,22.6,2022-12-14T06:13:31,2022-12-14T17:56:58,Light Rain,Good,Wednesday,December,Yes,No,None,None
Town Hall Area,2022-12-14,18:38,Minor Injury,Motorcycle Collision,Driver Fatigue,3,Motorcycle; Bicycle; Car,36-45,0,1,Moderate,"Town Hall Area, Colombo, Sri Lanka","Town Hall Area, Colombo, Sri Lanka","Town Hall, Colombo 01000, Sri Lanka",6.9158502,79.8637861,"Rain, Partially cloudy",0.599,7.8,79.7,22.6,2022-12-14T06:13:31,2022-12-14T17:56:58,Light Rain,Good,Wednesday,December,Yes,No,None,None
Borella Police Area,2022-12-19,19:01,Minor Injury,Single Vehicle Crash,Driver Negligence,1,Bus,36-45,0,1,Low,"Borella Police Area, Colombo, Sri Lanka","Borella Police Area, Colombo, Sri Lanka","Colombo 08, Colombo, Sri Lanka",6.9147836,79.8775951,"Rain, Partially cloudy",0.329,7.4,86.9,33.7,2022-12-19T06:16:03,2022-12-19T17:59:17,Light Rain,Good,Monday,December,No,No,None,None
Bambalapitiya Junction,2022-12-20,07:26,Serious Injury,Side-impact Collision,Driver Negligence,1,Three Wheeler,26-35,0,2,High,"Bambalapitiya Junction, Colombo, Sri Lanka","Bambalapitiya Junction, Colombo, Sri Lanka","Bambalapitiya, Colombo 00500, Sri Lanka",6.8894192,79.8575468,Partially cloudy,0.0,8.2,77.1,26.4,2022-12-20T06:16:33,2022-12-20T17:59:47,Partially Cloudy,Good,Tuesday,December,Yes,No,None,None
Pettah Clock Tower Area,2022-12-22,14:18,Serious Injury,Rear-end Collision,Distracted Driving,2,Car; Bicycle,36-45,0,4,High,"Pettah Clock Tower Area, Colombo, Sri Lanka","Pettah Clock Tower Area, Colombo, Sri Lanka","Pettah, Colombo, Sri Lanka",6.9367858,79.8525385,"Rain, Partially cloudy",0.071,7.9,83.6,25.9,2022-12-22T06:17:33,2022-12-22T18:00:46,Light Rain,Good,Thursday,December,No,No,None,None
Bauddhaloka Mawatha Havelock Town,2022-12-24,13:31,Minor Injury,Rear-end Collision,Distracted Driving,2,Bicycle; Bus,46-55,0,4,Low,"Bauddhaloka Mawatha Havelock Town, Colombo, Sri Lanka","Bauddhaloka Mawatha Havelock Town, Colombo, Sri Lanka","Bauddhaloka Mawatha, Colombo, Sri Lanka",6.897011,79.8598172,Partially cloudy,0.0,6.5,82.8,27.0,2022-12-24T06:18:32,2022-12-24T18:01:46,Partially Cloudy,Good,Saturday,December,No,No,None,None
Rosmead Place Colombo 07,2022-12-24,20:21,Minor Injury,Side-impact Collision,Unsafe Lane Change,2,Three Wheeler; Car,18-25,0,3,Low,"Rosmead Place Colombo 07, Colombo, Sri Lanka","Rosmead Place Colombo 07, Colombo, Sri Lanka","Rosmead Pl, Colombo 00700, Sri Lanka",6.9145695,79.8701665,Partially cloudy,0.0,6.5,82.8,27.0,2022-12-24T06:18:32,2022-12-24T18:01:46,Partially Cloudy,Good,Saturday,December,No,No,None,None
Bauddhaloka Mawatha Cinnamon Gardens,2022-12-26,21:06,Minor Injury,Side-impact Collision,Unsafe Lane Change,1,Three Wheeler,36-45,0,2,Moderate,"Bauddhaloka Mawatha Cinnamon Gardens, Colombo, Sri Lanka","Bauddhaloka Mawatha Cinnamon Gardens, Colombo, Sri Lanka","Bauddhaloka Mawatha, Colombo 00700, Sri Lanka",6.901932,79.8694402,"Rain, Partially cloudy",0.269,7.7,85.9,29.9,2022-12-26T06:19:30,2022-12-26T18:02:47,Light Rain,Good,Monday,December,No,No,None,None
York Street Fort,2022-12-27,07:17,Minor Injury,Pedestrian Collision,Unsafe Lane Change,1,Motorcycle,26-35,0,1,Moderate,"York Street Fort, Colombo, Sri Lanka","York Street Fort, Colombo, Sri Lanka","York St, Colombo, Sri Lanka",6.9351279,79.8449701,Clear,0.0,8.0,79.2,18.6,2022-12-27T06:19:58,2022-12-27T18:03:18,Clear,Good,Tuesday,December,Yes,No,None,None
Rathmalana Junction,2022-12-27,08:12,Minor Injury,Rear-end Collision,Unsafe Lane Change,1,Lorry,46-55,0,1,High,"Rathmalana Junction, Colombo, Sri Lanka","Rathmalana Junction, Colombo, Sri Lanka","RV7H+WF6 Belek Kade Junction, A2, Dehiwala-Mount Lavinia, Sri Lanka",6.8147858,79.8786373,Clear,0.0,8.0,79.2,18.6,2022-12-27T06:19:58,2022-12-27T18:03:18,Clear,Good,Tuesday,December,Yes,No,None,None