Location,Date of Accident,Time of Accident,Accident Severity,Collision Type,Cause of Accident,Number of Vehicles,Vehicle Types,Driver Age Group,Number of Fatalities,Number of Injuries,Property Damage Level,location_standardized,location_name,formatted_address,latitude,longitude,conditions,precip,visibility,humidity,cloudcover,sunrise,sunset,weather_condition_label,visibility_level,Week (Derived),Month (Derived),Peak Hour Indicator (Derived),Public Holiday Indicator (Derived),Public Holiday Name (Derived),Public Holiday Category (Derived)
Sea Street Kotahena,2023-01-01,22:59,Minor Injury,Single Vehicle Crash,Driver Negligence,1,Three Wheeler,36-45,0,1,Low,"Sea Street Kotahena, Colombo, Sri Lanka","Sea Street Kotahena, Colombo, Sri Lanka","Sea St, Colombo 01300, Sri Lanka",6.9418464,79.8542501,Partially cloudy,0.0,8.3,69.3,33.5,2023-01-01T06:22:13,2023-01-01T18:05:53,Partially Cloudy,Good,Sunday,January,No,Yes,New Year's Day,Global
Wellawatte Junction,2023-01-02,07:01,Minor Injury,Motorcycle Collision,Overspeeding,1,Motorcycle,18-25,0,1,Low,"Wellawatte Junction, Colombo, Sri Lanka","Wellawatte Junction, Colombo, Sri Lanka","Wellawatte, Colombo 00600, Sri Lanka",6.874092099999999,79.8604934,Partially cloudy,0.0,7.9,69.8,43.6,2023-01-02T06:22:39,2023-01-02T18:06:24,Partially Cloudy,Good,Monday,January,Yes,No,None,None
Sir Chittampalam A Gardiner Mawatha Fort,2023-01-03,03:00,Fatal,Pedestrian Collision,Reckless Driving,1,Motorcycle,18-25,1,4,Moderate,"Sir Chittampalam A Gardiner Mawatha Fort, Colombo, Sri Lanka","Sir Chittampalam A Gardiner Mawatha Fort, Colombo, Sri Lanka","Sir Chittampalam A Gardiner Mawath, Colombo, Sri Lanka",6.9298377,79.8477933,Partially cloudy,0.0,8.1,67.1,27.4,2023-01-03T06:23:04,2023-01-03T18:06:55,Partially Cloudy,Good,Tuesday,January,No,No,None,None
Wellampitiya Junction,2023-01-03,11:29,Fatal,Motorcycle Collision,Pedestrian Negligence,2,Motorcycle; Bicycle,18-25,1,5,Moderate,"Wellampitiya Junction, Colombo, Sri Lanka","Wellampitiya Junction, Colombo, Sri Lanka","Wellampitiya, Sri Lanka",6.942428199999999,79.9045771,Partially cloudy,0.0,8.1,67.1,27.4,2023-01-03T06:23:04,2023-01-03T18:06:55,Partially Cloudy,Good,Tuesday,January,No,No,None,None
Kochchikade Junction,2023-01-04,09:37,Minor Injury,Pedestrian Collision,Overspeeding,1,Bicycle,56+,0,2,Low,"Kochchikade Junction, Colombo, Sri Lanka","Kochchikade Junction, Colombo, Sri Lanka","Colombo, Sri Lanka",6.9270786,79.861243,Partially cloudy,0.0,8.2,64.7,47.9,2023-01-04T06:23:28,2023-01-04T18:07:26,Partially Cloudy,Good,Wednesday,January,No,No,None,None
Wellawatte Junction,2023-01-09,19:08,Minor Injury,Pedestrian Collision,Driver Fatigue,2,Three Wheeler; Motorcycle,56+,0,2,Low,"Wellawatte Junction, Colombo, Sri Lanka","Wellawatte Junction, Colombo, Sri Lanka","Wellawatte, Colombo 00600, Sri Lanka",6.874092099999999,79.8604934,Partially cloudy,0.0,8.3,68.0,35.7,2023-01-09T06:25:19,2023-01-09T18:09:57,Partially Cloudy,Good,Monday,January,No,No,None,None
Union Place Borella,2023-01-12,17:02,Serious Injury,Side-impact Collision,Distracted Driving,2,Three Wheeler; Bus,36-45,0,2,Moderate,"Union Place Borella, Colombo, Sri Lanka","Union Place Borella, Colombo, Sri Lanka","Colombo 08, Colombo, Sri Lanka",6.9147836,79.8775951,Partially cloudy,0.0,7.8,67.9,36.7,2023-01-12T06:26:17,2023-01-12T18:11:25,Partially Cloudy,Good,Thursday,January,Yes,No,None,None
Messenger Street Pettah,2023-01-12,17:25,Serious Injury,Rear-end Collision,Overspeeding,1,Three Wheeler,36-45,0,5,High,"Messenger Street Pettah, Colombo, Sri Lanka","Messenger Street Pettah, Colombo, Sri Lanka","M. J. M. Lafeer Mawatha, Colombo, Sri Lanka",6.9411356,79.8629811,Partially cloudy,0.0,7.8,67.9,36.7,2023-01-12T06:26:17,2023-01-12T18:11:25,Partially Cloudy,Good,Thursday,January,Yes,No,None,None
Galle Road Fort,2023-01-12,23:58,Minor Injury,Side-impact Collision,Overspeeding,2,Bicycle; Van,18-25,0,3,Moderate,"Galle Road Fort, Colombo, Sri Lanka","Galle Road Fort, Colombo, Sri Lanka","Galle Buck Rd, Colombo, Sri Lanka",6.9363912,79.8415204,Partially cloudy,0.0,7.8,67.9,36.7,2023-01-12T06:26:17,2023-01-12T18:11:25,Partially Cloudy,Good,Thursday,January,No,No,None,None
Ibbanwala Junction,2023-01-17,14:14,Minor Injury,Rear-end Collision,Overspeeding,1,Bus,36-45,0,3,Low,"Ibbanwala Junction, Colombo, Sri Lanka","Ibbanwala Junction, Colombo, Sri Lanka","Ibbanwala, Colombo, Sri Lanka",6.917642,79.8597831,"Rain, Partially cloudy",0.075,7.5,87.5,54.2,2023-01-17T06:27:37,2023-01-17T18:13:42,Light Rain,Good,Tuesday,January,No,No,None,None
Kochchikade Junction,2023-01-23,10:29,Minor Injury,Single Vehicle Crash,Driver Negligence,1,Three Wheeler,26-35,0,3,High,"Kochchikade Junction, Colombo, Sri Lanka","Kochchikade Junction, Colombo, Sri Lanka","Colombo, Sri Lanka",6.9270786,79.861243,"Rain, Partially cloudy",0.085,7.9,79.6,68.3,2023-01-23T06:28:44,2023-01-23T18:16:10,Light Rain,Good,Monday,January,No,No,None,None
Bambalapitiya Railway Station Area,2023-01-24,11:58,Minor Injury,Side-impact Collision,Overspeeding,1,Three Wheeler,26-35,0,2,Moderate,"Bambalapitiya Railway Station Area, Colombo, Sri Lanka","Bambalapitiya Railway Station Area, Colombo, Sri Lanka","Bambalapitiya Railway Station, Colombo, Sri Lanka",6.8936984,79.8529574,"Rain, Partially cloudy",3.168,7.2,87.5,56.3,2023-01-24T06:28:52,2023-01-24T18:16:33,Light Rain,Good,Tuesday,January,No,No,None,None
Battaramulla Junction,2023-01-28,08:31,Minor Injury,Motorcycle Collision,Unsafe Lane Change,2,Motorcycle; Bicycle,46-55,0,1,Low,"Battaramulla Junction, Colombo, Sri Lanka","Battaramulla Junction, Colombo, Sri Lanka","WW29+RVC, Battaramulla - Pannipitiya Rd, Sri Jayawardenepura Kotte, Sri Lanka",6.9020717,79.91965359999999,Partially cloudy,0.0,8.1,74.4,46.2,2023-01-28T06:29:13,2023-01-28T18:17:58,Partially Cloudy,Good,Saturday,January,Yes,No,None,None
Justice Akbar Mawatha Slave Island,2023-01-29,08:33,Minor Injury,Rear-end Collision,Reckless Driving,2,Motorcycle; Car,36-45,0,2,Low,"Justice Akbar Mawatha Slave Island, Colombo, Sri Lanka","Justice Akbar Mawatha Slave Island, Colombo, Sri Lanka","Justice Akbar Mawatha, Colombo, Sri Lanka",6.9238481,79.8503668,Partially cloudy,0.0,5.4,77.5,57.7,2023-01-29T06:29:16,2023-01-29T18:18:17,Partially Cloudy,Moderate,Sunday,January,Yes,No,None,None
Sea Street Kotahena,2023-01-30,12:56,Minor Injury,Motorcycle Collision,Unsafe Lane Change,2,Motorcycle; Three Wheeler,26-35,0,3,Low,"Sea Street Kotahena, Colombo, Sri Lanka","Sea Street Kotahena, Colombo, Sri Lanka","Sea St, Colombo 01300, Sri Lanka",6.9418464,79.8542501,"Rain, Partially cloudy",0.027,6.7,79.4,60.9,2023-01-30T06:29:18,2023-01-30T18:18:36,Light Rain,Good,Monday,January,No,No,None,None
"No. 34 Baseline Road, Kolonnawa",2023-01-31,19:02,Serious Injury,Side-impact Collision,Unsafe Lane Change,1,Bicycle,26-35,0,3,High,"No. 34 Baseline Road, Kolonnawa, Colombo, Sri Lanka","No. 34 Baseline Road, Kolonnawa, Colombo, Sri Lanka","34 Baseline Rd, Colombo 00800, Sri Lanka",6.9150029,79.87768919999999,"Rain, Partially cloudy",0.243,7.4,88.3,61.8,2023-01-31T06:29:20,2023-01-31T18:18:54,Light Rain,Good,Tuesday,January,No,No,None,None
Pettah Market Area,2023-01-31,22:52,Minor Injury,Rear-end Collision,Overspeeding,2,Three Wheeler; Motorcycle,46-55,0,3,Low,"Pettah Market Area, Colombo, Sri Lanka","Pettah Market Area, Colombo, Sri Lanka","WVP3+VMM, Keyzer St, Colombo 01100, Sri Lanka",6.937201699999999,79.854187,"Rain, Partially cloudy",0.243,7.4,88.3,61.8,2023-01-31T06:29:20,2023-01-31T18:18:54,Light Rain,Good,Tuesday,January,No,No,None,None
Duplication Road Bambalapitiya,2023-02-01,07:31,Minor Injury,Pedestrian Collision,Mechanical Failure,2,Motorcycle; Three Wheeler,26-35,0,2,Moderate,"Duplication Road Bambalapitiya, Colombo, Sri Lanka","Duplication Road Bambalapitiya, Colombo, Sri Lanka","450 E R. A. De Mel Mawatha, Colombo 00200, Sri Lanka",6.9024028,79.8545389,"Rain, Partially cloudy",0.084,8.4,82.1,68.7,2023-02-01T06:29:20,2023-02-01T18:19:11,Light Rain,Good,Wednesday,February,Yes,No,None,None
Colombo 07 Junction,2023-02-07,12:23,Minor Injury,Motorcycle Collision,Reckless Driving,1,Motorcycle,18-25,0,1,Low,"Colombo 07 Junction, Colombo, Sri Lanka","Colombo 07 Junction, Colombo, Sri Lanka","Colombo 07, Colombo 00700, Sri Lanka",6.9066125,79.8596227,Partially cloudy,0.007,8.5,81.0,58.9,2023-02-07T06:29:01,2023-02-07T18:20:42,Partially Cloudy,Good,Tuesday,February,No,No,None,None
"No. 65 Vajira Road, Colombo 05",2023-02-07,15:03,Minor Injury,Pedestrian Collision,Reckless Driving,1,Motorcycle,46-55,0,1,Low,"No. 65 Vajira Road, Colombo 05, Colombo, Sri Lanka","No. 65 Vajira Road, Colombo 05, Colombo, Sri Lanka","65 Vajira Rd, Colombo 00500, Sri Lanka",6.891528699999999,79.8608558,Partially cloudy,0.007,8.5,81.0,58.9,2023-02-07T06:29:01,2023-02-07T18:20:42,Partially Cloudy,Good,Tuesday,February,No,No,None,None
Modara Junction,2023-02-08,05:10,Minor Injury,Pedestrian Collision,Mechanical Failure,1,Motorcycle,18-25,0,1,Low,"Modara Junction, Colombo, Sri Lanka","Modara Junction, Colombo, Sri Lanka","Modara, Colombo, Sri Lanka",6.9669247,79.8711533,Partially cloudy,0.0,8.1,79.6,37.5,2023-02-08T06:28:54,2023-02-08T18:20:54,Partially Cloudy,Good,Wednesday,February,No,No,None,None
Galle Road Wellawatte,2023-02-11,09:53,Serious Injury,Rear-end Collision,Reckless Driving,1,Motorcycle,36-45,0,4,High,"Galle Road Wellawatte, Colombo, Sri Lanka","Galle Road Wellawatte, Colombo, Sri Lanka","Galle Rd, Colombo, Sri Lanka",6.8755051,79.861039,Partially cloudy,0.006,7.8,76.6,45.2,2023-02-11T06:28:29,2023-02-11T18:21:28,Partially Cloudy,Good,Saturday,February,No,No,None,None
Fort Railway Station Area,2023-02-12,09:23,Minor Injury,Rear-end Collision,Reckless Driving,3,Three Wheeler; Motorcycle; Car,26-35,0,2,Low,"Fort Railway Station Area, Colombo, Sri Lanka","Fort Railway Station Area, Colombo, Sri Lanka","Fort Railway station, Colombo, Sri Lanka",6.9337011,79.85003019999999,Partially cloudy,0.0,7.7,76.8,35.5,2023-02-12T06:28:19,2023-02-12T18:21:37,Partially Cloudy,Good,Sunday,February,No,No,None,None
"Junction of Nawala Road and Parliament Road, Rajagiriya",2023-02-12,17:18,Minor Injury,Rear-end Collision,Distracted Driving,2,Motorcycle; Van,26-35,0,4,Low,"Junction of Nawala Road and Parliament Road, Rajagiriya, Colombo, Sri Lanka","Junction of Nawala Road and Parliament Road, Rajagiriya, Colombo, Sri Lanka","New Parliament Rd, Battaramulla, Sri Lanka",6.8909701,79.9253454,Partially cloudy,0.0,7.7,76.8,35.5,2023-02-12T06:28:19,2023-02-12T18:21:37,Partially Cloudy,Good,Sunday,February,Yes,No,None,None
Darley Road Cinnamon Gardens,2023-02-12,22:12,Serious Injury,Rear-end Collision,Reckless Driving,2,Three Wheeler; Car,26-35,0,5,High,"Darley Road Cinnamon Gardens, Colombo, Sri Lanka","Darley Road Cinnamon Gardens, Colombo, Sri Lanka","Darley Rd, Colombo, Sri Lanka",6.9228616,79.8620451,Partially cloudy,0.0,7.7,76.8,35.5,2023-02-12T06:28:19,2023-02-12T18:21:37,Partially Cloudy,Good,Sunday,February,No,No,None,None
Borella Junction,2023-02-15,12:02,Minor Injury,Rear-end Collision,Mechanical Failure,3,Three Wheeler; Car; Bicycle,36-45,0,4,Moderate,"Borella Junction, Colombo, Sri Lanka","Borella Junction, Colombo, Sri Lanka","18 Dr NM Perera Mawatha Rd, Colombo 00800, Sri Lanka",6.9139525,79.878481,Partially cloudy,0.0,7.5,68.4,33.8,2023-02-15T06:27:44,2023-02-15T18:22:03,Partially Cloudy,Good,Wednesday,February,No,No,None,None
Thimbirigasyaya Junction,2023-02-17,18:37,Minor Injury,Multi-vehicle Collision,Unsafe Lane Change,3,Motorcycle; Car; Bus,56+,0,1,Low,"Thimbirigasyaya Junction, Colombo, Sri Lanka","Thimbirigasyaya Junction, Colombo, Sri Lanka","Thimbirigasyaya Rd, Colombo 00500, Sri Lanka",6.8936437,79.8704269,Partially cloudy,0.0,7.7,72.5,32.9,2023-02-17T06:27:17,2023-02-17T18:22:17,Partially Cloudy,Good,Friday,February,Yes,No,None,None
Grandpass Junction,2023-02-21,14:22,Serious Injury,Multi-vehicle Collision,Overspeeding,4,Car; Motorcycle; Bus; Van,26-35,0,3,High,"Grandpass Junction, Colombo, Sri Lanka","Grandpass Junction, Colombo, Sri Lanka","Grandpass Rd, Colombo, Sri Lanka",6.9432514,79.8685531,Partially cloudy,0.0,8.2,80.9,33.3,2023-02-21T06:26:12,2023-02-21T18:22:36,Partially Cloudy,Good,Tuesday,February,No,No,None,None
Baseline Road Borella,2023-02-23,17:14,Fatal,Motorcycle Collision,Driver Negligence,4,Motorcycle; Van; Three Wheeler; Bicycle,26-35,2,6,High,"Baseline Road Borella, Colombo, Sri Lanka","Baseline Road Borella, Colombo, Sri Lanka","Baseline Rd, Colombo, Sri Lanka",6.919902,79.8776917,Partially cloudy,0.0,8.1,71.1,45.2,2023-02-23T06:25:36,2023-02-23T18:22:43,Partially Cloudy,Good,Thursday,February,Yes,No,None,None
Armour Street Pettah,2023-02-24,15:47,Minor Injury,Side-impact Collision,Distracted Driving,2,Three Wheeler; Motorcycle,18-25,0,3,High,"Armour Street Pettah, Colombo, Sri Lanka","Armour Street Pettah, Colombo, Sri Lanka","Armour St, Colombo, Sri Lanka",6.9424222,79.8637618,"Rain, Partially cloudy",2.067,8.0,78.6,65.7,2023-02-24T06:25:17,2023-02-24T18:22:45,Light Rain,Good,Friday,February,No,No,None,None
Dematagoda Junction,2023-02-26,21:30,Minor Injury,Pedestrian Collision,Reckless Driving,1,Motorcycle,26-35,0,1,Low,"Dematagoda Junction, Colombo, Sri Lanka","Dematagoda Junction, Colombo, Sri Lanka","Dematagoda Pl, Colombo, Sri Lanka",6.9293231,79.8764195,Partially cloudy,0.0,8.1,70.4,23.5,2023-02-26T06:24:36,2023-02-26T18:22:48,Partially Cloudy,Good,Sunday,February,No,No,None,None
Grandpass Junction,2023-02-27,08:24,Minor Injury,Motorcycle Collision,Reckless Driving,2,Motorcycle; Car,56+,0,3,Moderate,"Grandpass Junction, Colombo, Sri Lanka","Grandpass Junction, Colombo, Sri Lanka","Grandpass Rd, Colombo, Sri Lanka",6.9432514,79.8685531,"Rain, Partially cloudy",0.053,7.9,71.5,47.3,2023-02-27T06:24:15,2023-02-27T18:22:49,Light Rain,Good,Monday,February,Yes,No,None,None
Bambalapitiya Junction,2023-02-28,09:51,Minor Injury,Pedestrian Collision,Distracted Driving,2,Three Wheeler; Lorry,56+,0,1,Moderate,"Bambalapitiya Junction, Colombo, Sri Lanka","Bambalapitiya Junction, Colombo, Sri Lanka","Bambalapitiya, Colombo 00500, Sri Lanka",6.8894192,79.8575468,"Rain, Partially cloudy",0.069,8.1,76.5,56.2,2023-02-28T06:23:53,2023-02-28T18:22:49,Light Rain,Good,Tuesday,February,No,No,None,None
Union Place Slave Island,2023-03-01,17:21,Fatal,Single Vehicle Crash,Overspeeding,1,Motorcycle,46-55,1,3,High,"Union Place Slave Island, Colombo, Sri Lanka","Union Place Slave Island, Colombo, Sri Lanka","Union Pl, Colombo, Sri Lanka",6.9203664,79.8578057,Partially cloudy,0.0,8.1,74.8,51.1,2023-03-01T06:23:31,2023-03-01T18:22:49,Partially Cloudy,Good,Wednesday,March,Yes,No,None,None
Grandpass Junction,2023-03-04,03:17,Minor Injury,Side-impact Collision,Overspeeding,1,Car,18-25,0,2,Low,"Grandpass Junction, Colombo, Sri Lanka","Grandpass Junction, Colombo, Sri Lanka","Grandpass Rd, Colombo, Sri Lanka",6.9432514,79.8685531,"Rain, Partially cloudy",0.036,8.2,76.5,49.0,2023-03-04T06:22:20,2023-03-04T18:22:45,Light Rain,Good,Saturday,March,No,No,None,None
Wellawatte Junction,2023-03-07,19:35,Minor Injury,Pedestrian Collision,Overspeeding,1,Motorcycle,26-35,0,2,Low,"Wellawatte Junction, Colombo, Sri Lanka","Wellawatte Junction, Colombo, Sri Lanka","Wellawatte, Colombo 00600, Sri Lanka",6.874092099999999,79.8604934,"Rain, Partially cloudy",0.313,7.4,82.6,48.3,2023-03-07T06:21:06,2023-03-07T18:22:38,Light Rain,Good,Tuesday,March,No,No,None,None
Dematagoda Junction,2023-03-08,07:31,Serious Injury,Motorcycle Collision,Reckless Driving,2,Motorcycle; Bus,18-25,0,2,High,"Dematagoda Junction, Colombo, Sri Lanka","Dematagoda Junction, Colombo, Sri Lanka","Dematagoda Pl, Colombo, Sri Lanka",6.9293231,79.8764195,Partially cloudy,0.0,7.8,74.0,29.0,2023-03-08T06:20:40,2023-03-08T18:22:35,Partially Cloudy,Good,Wednesday,March,Yes,No,None,None
Armour Street Pettah,2023-03-10,07:03,Fatal,Head-on Collision,Poor Visibility,2,Three Wheeler; Car,18-25,1,5,High,"Armour Street Pettah, Colombo, Sri Lanka","Armour Street Pettah, Colombo, Sri Lanka","Armour St, Colombo, Sri Lanka",6.9424222,79.8637618,"Rain, Partially cloudy",0.067,7.3,80.6,71.1,2023-03-10T06:19:47,2023-03-10T18:22:27,Light Rain,Good,Friday,March,Yes,No,None,None
Borella Junction,2023-03-13,10:46,Minor Injury,Motorcycle Collision,Driver Negligence,4,Motorcycle; Car; Bus; Van,26-35,0,2,Low,"Borella Junction, Colombo, Sri Lanka","Borella Junction, Colombo, Sri Lanka","18 Dr NM Perera Mawatha Rd, Colombo 00800, Sri Lanka",6.9139525,79.878481,"Rain, Partially cloudy",0.059,7.6,81.4,38.7,2023-03-13T06:18:25,2023-03-13T18:22:14,Light Rain,Good,Monday,March,No,No,None,None
Galle Road Kollupitiya,2023-03-14,17:59,Minor Injury,Single Vehicle Crash,Driver Negligence,1,Three Wheeler,36-45,0,4,Low,"Galle Road Kollupitiya, Colombo, Sri Lanka","Galle Road Kollupitiya, Colombo, Sri Lanka","Galle Rd, Colombo, Sri Lanka",6.9037968,79.8521362,"Rain, Partially cloudy",0.112,7.5,81.1,37.6,2023-03-14T06:17:57,2023-03-14T18:22:09,Light Rain,Good,Tuesday,March,Yes,No,None,None
Dematagoda Junction,2023-03-16,19:00,Serious Injury,Pedestrian Collision,Mechanical Failure,2,Motorcycle; Three Wheeler,46-55,0,6,High,"Dematagoda Junction, Colombo, Sri Lanka","Dematagoda Junction, Colombo, Sri Lanka","Dematagoda Pl, Colombo, Sri Lanka",6.9293231,79.8764195,"Rain, Partially cloudy",0.555,8.2,83.2,72.4,2023-03-16T06:17:01,2023-03-16T18:21:58,Light Rain,Good,Thursday,March,Yes,No,None,None
Modara Junction,2023-03-20,08:28,Minor Injury,Side-impact Collision,Reckless Driving,1,Car,26-35,0,2,High,"Modara Junction, Colombo, Sri Lanka","Modara Junction, Colombo, Sri Lanka","Modara, Colombo, Sri Lanka",6.9669247,79.8711533,"Rain, Partially cloudy",2.833,8.0,83.5,57.6,2023-03-20T06:15:05,2023-03-20T18:21:34,Light Rain,Good,Monday,March,Yes,No,None,None
Messenger Street Pettah,2023-03-23,18:48,Minor Injury,Motorcycle Collision,Failure to Yield,2,Motorcycle; Three Wheeler,46-55,0,2,Moderate,"Messenger Street Pettah, Colombo, Sri Lanka","Messenger Street Pettah, Colombo, Sri Lanka","M. J. M. Lafeer Mawatha, Colombo, Sri Lanka",6.9411356,79.8629811,"Rain, Partially cloudy",1.559,7.9,82.7,69.1,2023-03-23T06:13:37,2023-03-23T18:21:15,Light Rain,Good,Thursday,March,Yes,No,None,None
Dehiwela Junction,2023-03-23,18:53,Serious Injury,Pedestrian Collision,Overspeeding,2,Motorcycle; Lorry,36-45,0,2,High,"Dehiwela Junction, Colombo, Sri Lanka","Dehiwela Junction, Colombo, Sri Lanka","Dehiwala Junction, Galle Rd, Dehiwala-Mount Lavinia, Sri Lanka",6.851808600000001,79.8658258,"Rain, Partially cloudy",1.559,7.9,82.7,69.1,2023-03-23T06:13:37,2023-03-23T18:21:15,Light Rain,Good,Thursday,March,Yes,No,None,None
Kollupitiya Flyover Approach,2023-03-24,07:59,Minor Injury,Multi-vehicle Collision,Driver Fatigue,4,Van; Three Wheeler; Motorcycle; Car,18-25,0,3,High,"Kollupitiya Flyover Approach, Colombo, Sri Lanka","Kollupitiya Flyover Approach, Colombo, Sri Lanka","Kollupitiya, Colombo, Sri Lanka",6.912815399999999,79.8506815,"Rain, Partially cloudy",0.202,8.2,83.5,64.9,2023-03-24T06:13:08,2023-03-24T18:21:09,Light Rain,Good,Friday,March,Yes,No,None,None
D R Wijewardena Mawatha Fort,2023-03-26,09:50,Minor Injury,Pedestrian Collision,Overspeeding,1,Motorcycle,18-25,0,2,Moderate,"D R Wijewardena Mawatha Fort, Colombo, Sri Lanka","D R Wijewardena Mawatha Fort, Colombo, Sri Lanka","McCallum Rd, Colombo, Sri Lanka",6.9324236,79.8505139,"Rain, Partially cloudy",0.074,8.0,80.2,49.9,2023-03-26T06:12:09,2023-03-26T18:20:56,Light Rain,Good,Sunday,March,No,No,None,None
Kotahena Junction,2023-03-27,21:13,Minor Injury,Pedestrian Collision,Overspeeding,1,Motorcycle,26-35,0,1,Moderate,"Kotahena Junction, Colombo, Sri Lanka","Kotahena Junction, Colombo, Sri Lanka","Kotahena St, Colombo 01300, Sri Lanka",6.9494699,79.8626776,Partially cloudy,0.002,8.5,81.2,35.1,2023-03-27T06:11:39,2023-03-27T18:20:49,Partially Cloudy,Good,Monday,March,No,No,None,None
Narahenpita Junction,2023-04-01,14:38,Minor Injury,Pedestrian Collision,Poor Visibility,1,Three Wheeler,46-55,0,2,Moderate,"Narahenpita Junction, Colombo, Sri Lanka","Narahenpita Junction, Colombo, Sri Lanka","Narahenpita, Colombo 00500, Sri Lanka",6.8899209,79.8826281,"Rain, Partially cloudy",0.021,8.0,79.4,52.0,2023-04-01T06:09:12,2023-04-01T18:20:16,Light Rain,Good,Saturday,April,No,No,None,None
Pamankada Junction,2023-04-10,08:32,Fatal,Motorcycle Collision,Unsafe Lane Change,3,Motorcycle; Bus; Bicycle,36-45,1,4,High,"Pamankada Junction, Colombo, Sri Lanka","Pamankada Junction, Colombo, Sri Lanka","Pamankada Ln, Colombo, Sri Lanka",6.8756803,79.8676529,"Rain, Partially cloudy",0.307,8.7,80.2,40.9,2023-04-10T06:04:56,2023-04-10T18:19:25,Light Rain,Good,Monday,April,Yes,No,None,None
Marine Drive Kollupitiya,2023-04-11,09:56,Minor Injury,Single Vehicle Crash,Overspeeding,1,Van,26-35,0,1,High,"Marine Drive Kollupitiya, Colombo, Sri Lanka","Marine Drive Kollupitiya, Colombo, Sri Lanka","Marine Drive, Colombo, Sri Lanka",6.9061405,79.8497258,Partially cloudy,0.0,7.9,77.2,29.7,2023-04-11T06:04:29,2023-04-11T18:19:20,Partially Cloudy,Good,Tuesday,April,No,No,None,None
"Junction of Olcott Mawatha and Sea Street, Colombo 11",2023-04-12,07:47,Serious Injury,Side-impact Collision,Driver Negligence,2,Motorcycle; Car,18-25,0,4,High,"Junction of Olcott Mawatha and Sea Street, Colombo 11, Colombo, Sri Lanka","Junction of Olcott Mawatha and Sea Street, Colombo 11, Colombo, Sri Lanka","Sea St, Colombo 01300, Sri Lanka",6.9418464,79.8542501,Partially cloudy,0.004,8.4,75.7,30.4,2023-04-12T06:04:02,2023-04-12T18:19:15,Partially Cloudy,Good,Wednesday,April,Yes,No,None,None
Sir Chittampalam A Gardiner Mawatha Fort,2023-04-12,19:23,Minor Injury,Head-on Collision,Driver Negligence,1,Bus,26-35,0,3,High,"Sir Chittampalam A Gardiner Mawatha Fort, Colombo, Sri Lanka","Sir Chittampalam A Gardiner Mawatha Fort, Colombo, Sri Lanka","Sir Chittampalam A Gardiner Mawath, Colombo, Sri Lanka",6.9298377,79.8477933,Partially cloudy,0.004,8.4,75.7,30.4,2023-04-12T06:04:02,2023-04-12T18:19:15,Partially Cloudy,Good,Wednesday,April,No,No,None,None
Fort Railway Station Area,2023-04-18,07:18,Serious Injury,Single Vehicle Crash,Driver Negligence,1,Motorcycle,36-45,0,2,High,"Fort Railway Station Area, Colombo, Sri Lanka","Fort Railway Station Area, Colombo, Sri Lanka","Fort Railway station, Colombo, Sri Lanka",6.9337011,79.85003019999999,Partially cloudy,0.0,8.1,78.7,37.4,2023-04-18T06:01:29,2023-04-18T18:18:54,Partially Cloudy,Good,Tuesday,April,Yes,No,None,None
Pettah Clock Tower Area,2023-04-19,08:34,Serious Injury,Rear-end Collision,Driver Fatigue,2,Bicycle; Three Wheeler,18-25,0,5,Moderate,"Pettah Clock Tower Area, Colombo, Sri Lanka","Pettah Clock Tower Area, Colombo, Sri Lanka","Pettah, Colombo, Sri Lanka",6.9367858,79.8525385,Partially cloudy,0.0,8.1,77.4,37.0,2023-04-19T06:01:05,2023-04-19T18:18:51,Partially Cloudy,Good,Wednesday,April,Yes,No,None,None
"Junction of Galle Road and Station Road, Dehiwela",2023-04-20,06:02,Minor Injury,Motorcycle Collision,Driver Fatigue,2,Motorcycle; Van,18-25,0,3,Moderate,"Junction of Galle Road and Station Road, Dehiwela, Colombo, Sri Lanka","Junction of Galle Road and Station Road, Dehiwela, Colombo, Sri Lanka","Station Rd & Galle Rd, Colombo, Sri Lanka",6.893782799999999,79.8554327,Partially cloudy,0.016,8.1,77.3,46.6,2023-04-20T06:00:42,2023-04-20T18:18:49,Partially Cloudy,Good,Thursday,April,No,No,None,None
Nugegoda Junction,2023-04-22,13:05,Minor Injury,Head-on Collision,Reckless Driving,1,Car,36-45,0,3,Low,"Nugegoda Junction, Colombo, Sri Lanka","Nugegoda Junction, Colombo, Sri Lanka","Nugegoda Junction, Nugegoda, Sri Lanka",6.872351,79.89024859999999,"Rain, Partially cloudy",0.517,8.2,80.6,48.6,2023-04-22T05:59:56,2023-04-22T18:18:46,Light Rain,Good,Saturday,April,No,Yes,Eid al-Fitr,Global