Location,Date of Accident,Time of Accident,Accident Severity,Collision Type,Cause of Accident,Number of Vehicles,Vehicle Types,Driver Age Group,Number of Fatalities,Number of Injuries,Property Damage Level,location_standardized,location_name,formatted_address,latitude,longitude,conditions,precip,visibility,humidity,cloudcover,sunrise,sunset,weather_condition_label,visibility_level,Week (Derived),Month (Derived),Peak Hour Indicator (Derived),Public Holiday Indicator (Derived),Public Holiday Name (Derived),Public Holiday Category (Derived)
Union Place,2023-04-28,22:05,Minor Injury,Rear-end Collision,Driver Negligence,1,Van,18-25,0,3,High,"Union Place, Colombo, Sri Lanka","Union Place, Colombo, Sri Lanka","Union Place, Colombo, Sri Lanka",6.922958299999999,79.8523572,"Rain, Partially cloudy",1.801,7.6,87.9,58.7,2023-04-28T05:57:52,2023-04-28T18:18:45,Light Rain,Good,Friday,April,No,No,None,None
Justice Akbar Mawatha Slave Island,2023-05-06,10:02,Serious Injury,Multi-vehicle Collision,Driver Negligence,3,Three Wheeler; Motorcycle; Bus,56+,0,3,High,"Justice Akbar Mawatha Slave Island, Colombo, Sri Lanka","Justice Akbar Mawatha Slave Island, Colombo, Sri Lanka","Justice Akbar Mawatha, Colombo, Sri Lanka",6.9238481,79.8503668,"Rain, Partially cloudy",0.101,7.9,83.7,68.8,2023-05-06T05:55:41,2023-05-06T18:19:08,Light Rain,Good,Saturday,May,No,Yes,Day Following Vesak Full Moon Poya Day,Local
Fort Railway Station Area,2023-05-08,06:07,Minor Injury,Side-impact Collision,Poor Visibility,3,Motorcycle; Three Wheeler; Van,18-25,0,2,Low,"Fort Railway Station Area, Colombo, Sri Lanka","Fort Railway Station Area, Colombo, Sri Lanka","Fort Railway station, Colombo, Sri Lanka",6.9337011,79.85003019999999,"Rain, Partially cloudy",0.108,7.9,82.3,69.6,2023-05-08T05:55:14,2023-05-08T18:19:19,Light Rain,Good,Monday,May,No,No,None,None
Borella Junction,2023-05-08,08:55,Minor Injury,Pedestrian Collision,Reckless Driving,2,Motorcycle; Car,18-25,0,2,Moderate,"Borella Junction, Colombo, Sri Lanka","Borella Junction, Colombo, Sri Lanka","18 Dr NM Perera Mawatha Rd, Colombo 00800, Sri Lanka",6.9139525,79.878481,"Rain, Partially cloudy",0.108,7.9,82.3,69.6,2023-05-08T05:55:14,2023-05-08T18:19:19,Light Rain,Good,Monday,May,Yes,No,None,None
Messenger Street Pettah,2023-05-11,10:27,Minor Injury,Head-on Collision,Driver Fatigue,1,Lorry,36-45,0,1,Moderate,"Messenger Street Pettah, Colombo, Sri Lanka","Messenger Street Pettah, Colombo, Sri Lanka","M. J. M. Lafeer Mawatha, Colombo, Sri Lanka",6.9411356,79.8629811,"Rain, Partially cloudy",0.724,7.7,87.1,77.5,2023-05-11T05:54:40,2023-05-11T18:19:37,Light Rain,Good,Thursday,May,No,No,None,None
Maradana Junction,2023-05-13,09:54,Minor Injury,Multi-vehicle Collision,Driver Negligence,2,Motorcycle; Car,26-35,0,3,Moderate,"Maradana Junction, Colombo, Sri Lanka","Maradana Junction, Colombo, Sri Lanka","Maradana Junction, Colombo 01000, Sri Lanka",6.928874,79.8637428,"Rain, Partially cloudy",0.093,8.0,79.3,57.6,2023-05-13T05:54:21,2023-05-13T18:19:52,Light Rain,Good,Saturday,May,No,No,None,None
Bauddhaloka Mawatha Havelock Town,2023-05-13,16:11,Serious Injury,Single Vehicle Crash,Drunk Driving,1,Car,36-45,0,5,Moderate,"Bauddhaloka Mawatha Havelock Town, Colombo, Sri Lanka","Bauddhaloka Mawatha Havelock Town, Colombo, Sri Lanka","Bauddhaloka Mawatha, Colombo, Sri Lanka",6.897011,79.8598172,"Rain, Partially cloudy",0.093,8.0,79.3,57.6,2023-05-13T05:54:21,2023-05-13T18:19:52,Light Rain,Good,Saturday,May,Yes,No,None,None
Panchikawatte,2023-05-14,09:58,Serious Injury,Motorcycle Collision,Overspeeding,2,Motorcycle; Car,18-25,0,3,Moderate,"Panchikawatte, Colombo, Sri Lanka","Panchikawatte, Colombo, Sri Lanka","Panchikawatta, Colombo 01000, Sri Lanka",6.9309682,79.8639835,"Rain, Partially cloudy",0.592,7.8,84.8,72.4,2023-05-14T05:54:12,2023-05-14T18:19:59,Light Rain,Good,Sunday,May,No,No,None,None
Messenger Street Pettah,2023-05-14,18:27,Fatal,Pedestrian Collision,Failure to Yield,2,Car; Three Wheeler,36-45,1,1,High,"Messenger Street Pettah, Colombo, Sri Lanka","Messenger Street Pettah, Colombo, Sri Lanka","M. J. M. Lafeer Mawatha, Colombo, Sri Lanka",6.9411356,79.8629811,"Rain, Partially cloudy",0.592,7.8,84.8,72.4,2023-05-14T05:54:12,2023-05-14T18:19:59,Light Rain,Good,Sunday,May,Yes,No,None,None
Havelock Road Havelock Town,2023-05-16,09:36,Minor Injury,Single Vehicle Crash,Driver Negligence,1,Motorcycle,18-25,0,3,Low,"Havelock Road Havelock Town, Colombo, Sri Lanka","Havelock Road Havelock Town, Colombo, Sri Lanka","Havelock Rd, Colombo 00500, Sri Lanka",6.8903417,79.8638234,"Rain, Partially cloudy",0.01,8.4,83.0,51.5,2023-05-16T05:53:57,2023-05-16T18:20:16,Light Rain,Good,Tuesday,May,No,No,None,None
Bambalapitiya Junction,2023-05-16,19:13,Minor Injury,Multi-vehicle Collision,Driver Fatigue,3,Van; Three Wheeler; Bus,18-25,0,3,Low,"Bambalapitiya Junction, Colombo, Sri Lanka","Bambalapitiya Junction, Colombo, Sri Lanka","Bambalapitiya, Colombo 00500, Sri Lanka",6.8894192,79.8575468,"Rain, Partially cloudy",0.01,8.4,83.0,51.5,2023-05-16T05:53:57,2023-05-16T18:20:16,Light Rain,Good,Tuesday,May,No,No,None,None
Armour Street Junction,2023-05-16,19:57,Minor Injury,Multi-vehicle Collision,Driver Negligence,3,Three Wheeler; Bicycle; Lorry,46-55,0,1,Moderate,"Armour Street Junction, Colombo, Sri Lanka","Armour Street Junction, Colombo, Sri Lanka","Armour St, Colombo, Sri Lanka",6.9424222,79.8637618,"Rain, Partially cloudy",0.01,8.4,83.0,51.5,2023-05-16T05:53:57,2023-05-16T18:20:16,Light Rain,Good,Tuesday,May,No,No,None,None
Maradana Railway Station Area,2023-05-17,12:58,Minor Injury,Single Vehicle Crash,Driver Negligence,1,Motorcycle,36-45,0,3,High,"Maradana Railway Station Area, Colombo, Sri Lanka","Maradana Railway Station Area, Colombo, Sri Lanka","Maradana Railway Station, Jayantha Weerasekara Mawatha, Colombo 01000, Sri Lanka",6.92946,79.86511000000002,Partially cloudy,0.006,7.9,84.6,56.0,2023-05-17T05:53:51,2023-05-17T18:20:26,Partially Cloudy,Good,Wednesday,May,No,No,None,None
Mutwal Road Mutwal,2023-05-20,17:38,Serious Injury,Side-impact Collision,Driver Negligence,1,Three Wheeler,26-35,0,4,High,"Mutwal Road Mutwal, Colombo, Sri Lanka","Mutwal Road Mutwal, Colombo, Sri Lanka","Muthuwella Mawatha, Colombo, Sri Lanka",6.9640994,79.8649458,"Rain, Partially cloudy",1.025,8.0,84.2,67.0,2023-05-20T05:53:36,2023-05-20T18:20:55,Light Rain,Good,Saturday,May,Yes,No,None,None
Borella Junction,2023-05-24,17:03,Minor Injury,Side-impact Collision,Overspeeding,1,Van,26-35,0,3,Low,"Borella Junction, Colombo, Sri Lanka","Borella Junction, Colombo, Sri Lanka","18 Dr NM Perera Mawatha Rd, Colombo 00800, Sri Lanka",6.9139525,79.878481,Partially cloudy,0.0,8.2,80.3,36.9,2023-05-24T05:53:25,2023-05-24T18:21:40,Partially Cloudy,Good,Wednesday,May,Yes,No,None,None
"Junction of Rajagiriya Flyover Approach and High Level Road, Rajagiriya",2023-05-26,06:41,Fatal,Rear-end Collision,Unsafe Lane Change,3,Three Wheeler; Car; Motorcycle,36-45,1,3,High,"Junction of Rajagiriya Flyover Approach and High Level Road, Rajagiriya, Colombo, Sri Lanka","Junction of Rajagiriya Flyover Approach and High Level Road, Rajagiriya, Colombo, Sri Lanka","Rajagiriya Flyover, Rajagiriya Flyover, Sri Lanka",6.9089212,79.8957392,Partially cloudy,0.002,8.6,79.9,59.9,2023-05-26T05:53:25,2023-05-26T18:22:04,Partially Cloudy,Good,Friday,May,No,No,None,None
Borella Junction,2023-05-26,23:12,Minor Injury,Pedestrian Collision,Unsafe Lane Change,2,Three Wheeler; Car,46-55,0,2,Low,"Borella Junction, Colombo, Sri Lanka","Borella Junction, Colombo, Sri Lanka","18 Dr NM Perera Mawatha Rd, Colombo 00800, Sri Lanka",6.9139525,79.878481,Partially cloudy,0.002,8.6,79.9,59.9,2023-05-26T05:53:25,2023-05-26T18:22:04,Partially Cloudy,Good,Friday,May,No,No,None,None
Slave Island Junction,2023-05-27,08:44,Minor Injury,Multi-vehicle Collision,Reckless Driving,3,Three Wheeler; Bicycle; Motorcycle,18-25,0,2,Low,"Slave Island Junction, Colombo, Sri Lanka","Slave Island Junction, Colombo, Sri Lanka","Kompannavidiya Flyover, Colombo, Sri Lanka",6.9266493,79.8483123,"Rain, Partially cloudy",0.242,8.6,80.2,59.1,2023-05-27T05:53:25,2023-05-27T18:22:17,Light Rain,Good,Saturday,May,Yes,No,None,None
Mutwal Road Mutwal,2023-05-27,18:34,Minor Injury,Side-impact Collision,Driver Negligence,2,Three Wheeler; Bicycle,36-45,0,2,Moderate,"Mutwal Road Mutwal, Colombo, Sri Lanka","Mutwal Road Mutwal, Colombo, Sri Lanka","Muthuwella Mawatha, Colombo, Sri Lanka",6.9640994,79.8649458,"Rain, Partially cloudy",0.242,8.6,80.2,59.1,2023-05-27T05:53:25,2023-05-27T18:22:17,Light Rain,Good,Saturday,May,Yes,No,None,None
Pettah Clock Tower Area,2023-05-27,21:13,Minor Injury,Rear-end Collision,Driver Negligence,1,Motorcycle,56+,0,3,Low,"Pettah Clock Tower Area, Colombo, Sri Lanka","Pettah Clock Tower Area, Colombo, Sri Lanka","Pettah, Colombo, Sri Lanka",6.9367858,79.8525385,"Rain, Partially cloudy",0.242,8.6,80.2,59.1,2023-05-27T05:53:25,2023-05-27T18:22:17,Light Rain,Good,Saturday,May,No,No,None,None
Pettah Clock Tower Area,2023-05-31,02:18,Minor Injury,Rear-end Collision,Driver Fatigue,2,Motorcycle; Car,18-25,0,3,Low,"Pettah Clock Tower Area, Colombo, Sri Lanka","Pettah Clock Tower Area, Colombo, Sri Lanka","Pettah, Colombo, Sri Lanka",6.9367858,79.8525385,"Rain, Partially cloudy",0.278,8.1,79.7,49.5,2023-05-31T05:53:34,2023-05-31T18:23:10,Light Rain,Good,Wednesday,May,No,No,None,None
Kotahena Junction,2023-05-31,09:38,Minor Injury,Rear-end Collision,Distracted Driving,1,Lorry,46-55,0,3,Moderate,"Kotahena Junction, Colombo, Sri Lanka","Kotahena Junction, Colombo, Sri Lanka","Kotahena St, Colombo 01300, Sri Lanka",6.9494699,79.8626776,"Rain, Partially cloudy",0.278,8.1,79.7,49.5,2023-05-31T05:53:34,2023-05-31T18:23:10,Light Rain,Good,Wednesday,May,No,No,None,None
High Level Road Kirulapone,2023-06-04,18:17,Minor Injury,Pedestrian Collision,Driver Fatigue,2,Motorcycle; Car,18-25,0,1,Low,"High Level Road Kirulapone, Colombo, Sri Lanka","High Level Road Kirulapone, Colombo, Sri Lanka","High Level Rd, Colombo, Sri Lanka",6.8775584,79.8793098,"Rain, Partially cloudy",0.113,8.1,79.8,50.4,2023-06-04T05:53:53,2023-06-04T18:24:06,Light Rain,Good,Sunday,June,Yes,No,None,None
Messenger Street Pettah,2023-06-05,09:09,Serious Injury,Rear-end Collision,Overspeeding,1,Three Wheeler,18-25,0,3,High,"Messenger Street Pettah, Colombo, Sri Lanka","Messenger Street Pettah, Colombo, Sri Lanka","M. J. M. Lafeer Mawatha, Colombo, Sri Lanka",6.9411356,79.8629811,"Rain, Partially cloudy",0.202,8.0,83.4,75.8,2023-06-05T05:53:59,2023-06-05T18:24:20,Light Rain,Good,Monday,June,No,No,None,None
Bauddhaloka Mawatha Havelock Town,2023-06-08,23:51,Minor Injury,Pedestrian Collision,Driver Negligence,1,Motorcycle,26-35,0,2,Low,"Bauddhaloka Mawatha Havelock Town, Colombo, Sri Lanka","Bauddhaloka Mawatha Havelock Town, Colombo, Sri Lanka","Bauddhaloka Mawatha, Colombo, Sri Lanka",6.897011,79.8598172,"Rain, Partially cloudy",0.415,8.5,82.3,63.5,2023-06-08T05:54:21,2023-06-08T18:25:04,Light Rain,Good,Thursday,June,No,No,None,None
High Level Road Kirulapone,2023-06-09,16:13,Serious Injury,Rear-end Collision,Reckless Driving,2,Bicycle; Car,26-35,0,6,High,"High Level Road Kirulapone, Colombo, Sri Lanka","High Level Road Kirulapone, Colombo, Sri Lanka","High Level Rd, Colombo, Sri Lanka",6.8775584,79.8793098,"Rain, Partially cloudy",0.173,8.1,82.4,65.0,2023-06-09T05:54:30,2023-06-09T18:25:19,Light Rain,Good,Friday,June,Yes,No,None,None
Ethul Kotte Junction,2023-06-10,17:51,Minor Injury,Single Vehicle Crash,Reckless Driving,1,Motorcycle,36-45,0,4,Low,"Ethul Kotte Junction, Colombo, Sri Lanka","Ethul Kotte Junction, Colombo, Sri Lanka","397 Thalawathugoda Road, Sri Jayawardenepura Kotte, Sri Lanka",6.8793511,79.92028909999999,"Rain, Partially cloudy",0.297,8.1,81.3,62.0,2023-06-10T05:54:38,2023-06-10T18:25:33,Light Rain,Good,Saturday,June,Yes,No,None,None
Mattakkuliya Junction,2023-06-13,21:39,Minor Injury,Side-impact Collision,Distracted Driving,1,Motorcycle,18-25,0,1,Low,"Mattakkuliya Junction, Colombo, Sri Lanka","Mattakkuliya Junction, Colombo, Sri Lanka","Mattakkuliya Brg, Colombo, Sri Lanka",6.9805611,79.875318,"Rain, Partially cloudy",0.49,7.7,86.0,65.9,2023-06-13T05:55:07,2023-06-13T18:26:17,Light Rain,Good,Tuesday,June,No,No,None,None
Darley Road Cinnamon Gardens,2023-06-16,18:53,Minor Injury,Motorcycle Collision,Overspeeding,2,Motorcycle; Bicycle,18-25,0,3,Moderate,"Darley Road Cinnamon Gardens, Colombo, Sri Lanka","Darley Road Cinnamon Gardens, Colombo, Sri Lanka","Darley Rd, Colombo, Sri Lanka",6.9228616,79.8620451,Partially cloudy,0.006,7.9,77.0,57.7,2023-06-16T05:55:40,2023-06-16T18:27:00,Partially Cloudy,Good,Friday,June,Yes,No,None,None
Athurugiriya Junction,2023-06-19,11:04,Minor Injury,Motorcycle Collision,Distracted Driving,2,Motorcycle; Car,26-35,0,2,Low,"Athurugiriya Junction, Colombo, Sri Lanka","Athurugiriya Junction, Colombo, Sri Lanka","Athurugiriya - Nawagamuwa Rd, Sri Lanka",6.9104395,80.0147818,"Rain, Partially cloudy",0.015,8.0,80.3,58.6,2023-06-19T05:56:16,2023-06-19T18:27:42,Light Rain,Good,Monday,June,No,No,None,None
Union Place Slave Island,2023-06-20,11:51,Minor Injury,Motorcycle Collision,Distracted Driving,1,Motorcycle,18-25,0,2,Low,"Union Place Slave Island, Colombo, Sri Lanka","Union Place Slave Island, Colombo, Sri Lanka","Union Pl, Colombo, Sri Lanka",6.9203664,79.8578057,"Rain, Partially cloudy",0.384,7.7,85.5,62.7,2023-06-20T05:56:29,2023-06-20T18:27:55,Light Rain,Good,Tuesday,June,No,No,None,None
Kollupitiya Railway Station Area,2023-06-21,09:37,Minor Injury,Rear-end Collision,Distracted Driving,1,Three Wheeler,56+,0,4,Moderate,"Kollupitiya Railway Station Area, Colombo, Sri Lanka","Kollupitiya Railway Station Area, Colombo, Sri Lanka","Kollupitiya Railway Station, Colombo, Sri Lanka",6.9112629,79.8481782,"Rain, Partially cloudy",0.439,8.2,86.7,65.0,2023-06-21T05:56:42,2023-06-21T18:28:09,Light Rain,Good,Wednesday,June,No,No,None,None
Messenger Street Pettah,2023-06-24,08:42,Minor Injury,Single Vehicle Crash,Driver Negligence,1,Motorcycle,26-35,0,2,Low,"Messenger Street Pettah, Colombo, Sri Lanka","Messenger Street Pettah, Colombo, Sri Lanka","M. J. M. Lafeer Mawatha, Colombo, Sri Lanka",6.9411356,79.8629811,Partially cloudy,0.008,8.1,80.5,59.1,2023-06-24T05:57:21,2023-06-24T18:28:46,Partially Cloudy,Good,Saturday,June,Yes,No,None,None
Sir Chittampalam A Gardiner Mawatha Fort,2023-06-24,09:47,Serious Injury,Motorcycle Collision,Driver Negligence,3,Motorcycle; Bicycle; Car,26-35,0,6,High,"Sir Chittampalam A Gardiner Mawatha Fort, Colombo, Sri Lanka","Sir Chittampalam A Gardiner Mawatha Fort, Colombo, Sri Lanka","Sir Chittampalam A Gardiner Mawath, Colombo, Sri Lanka",6.9298377,79.8477933,Partially cloudy,0.008,8.1,80.5,59.1,2023-06-24T05:57:21,2023-06-24T18:28:46,Partially Cloudy,Good,Saturday,June,No,No,None,None
Kadawatha Junction,2023-06-24,17:41,Minor Injury,Motorcycle Collision,Unsafe Lane Change,2,Motorcycle; Bicycle,46-55,0,3,Moderate,"Kadawatha Junction, Colombo, Sri Lanka","Kadawatha Junction, Colombo, Sri Lanka","Kadawatha Rd, Colombo, Sri Lanka",6.862775,79.8805971,Partially cloudy,0.008,8.1,80.5,59.1,2023-06-24T05:57:21,2023-06-24T18:28:46,Partially Cloudy,Good,Saturday,June,Yes,No,None,None
Messenger Street Pettah,2023-06-24,18:59,Minor Injury,Side-impact Collision,Driver Fatigue,1,Bicycle,26-35,0,1,High,"Messenger Street Pettah, Colombo, Sri Lanka","Messenger Street Pettah, Colombo, Sri Lanka","M. J. M. Lafeer Mawatha, Colombo, Sri Lanka",6.9411356,79.8629811,Partially cloudy,0.008,8.1,80.5,59.1,2023-06-24T05:57:21,2023-06-24T18:28:46,Partially Cloudy,Good,Saturday,June,Yes,No,None,None
Grandpass Junction,2023-06-25,13:40,Minor Injury,Pedestrian Collision,Driver Negligence,1,Bicycle,56+,0,1,Moderate,"Grandpass Junction, Colombo, Sri Lanka","Grandpass Junction, Colombo, Sri Lanka","Grandpass Rd, Colombo, Sri Lanka",6.9432514,79.8685531,"Rain, Partially cloudy",0.099,7.7,82.1,72.2,2023-06-25T05:57:35,2023-06-25T18:28:58,Light Rain,Good,Sunday,June,No,No,None,None
Dutugemunu Street Colombo 06,2023-06-25,16:25,Minor Injury,Motorcycle Collision,Distracted Driving,2,Motorcycle; Bicycle,26-35,0,2,Moderate,"Dutugemunu Street Colombo 06, Colombo, Sri Lanka","Dutugemunu Street Colombo 06, Colombo, Sri Lanka","Dutugemunu St, Colombo, Sri Lanka",6.8713991,79.8760649,"Rain, Partially cloudy",0.099,7.7,82.1,72.2,2023-06-25T05:57:35,2023-06-25T18:28:58,Light Rain,Good,Sunday,June,Yes,No,None,None
Pettah Clock Tower Area,2023-06-26,05:17,Minor Injury,Rear-end Collision,Pedestrian Negligence,1,Three Wheeler,26-35,0,1,Low,"Pettah Clock Tower Area, Colombo, Sri Lanka","Pettah Clock Tower Area, Colombo, Sri Lanka","Pettah, Colombo, Sri Lanka",6.9367858,79.8525385,"Rain, Partially cloudy",0.395,7.7,80.1,62.0,2023-06-26T05:57:48,2023-06-26T18:29:10,Light Rain,Good,Monday,June,No,No,None,None
Sea Street Pettah,2023-06-26,20:02,Serious Injury,Multi-vehicle Collision,Overspeeding,3,Lorry; Car; Van,18-25,0,5,Low,"Sea Street Pettah, Colombo, Sri Lanka","Sea Street Pettah, Colombo, Sri Lanka","Sea St, Colombo 01300, Sri Lanka",6.9418464,79.8542501,"Rain, Partially cloudy",0.395,7.7,80.1,62.0,2023-06-26T05:57:48,2023-06-26T18:29:10,Light Rain,Good,Monday,June,No,No,None,None
Bambalapitiya Junction,2023-06-27,08:47,Minor Injury,Rear-end Collision,Unsafe Lane Change,2,Lorry; Car,18-25,0,2,Moderate,"Bambalapitiya Junction, Colombo, Sri Lanka","Bambalapitiya Junction, Colombo, Sri Lanka","Bambalapitiya, Colombo 00500, Sri Lanka",6.8894192,79.8575468,"Rain, Partially cloudy",0.979,8.1,85.7,51.9,2023-06-27T05:58:02,2023-06-27T18:29:21,Light Rain,Good,Tuesday,June,Yes,No,None,None
Slave Island Junction,2023-06-29,17:23,Serious Injury,Multi-vehicle Collision,Overspeeding,3,Lorry; Three Wheeler; Car,26-35,0,2,High,"Slave Island Junction, Colombo, Sri Lanka","Slave Island Junction, Colombo, Sri Lanka","Kompannavidiya Flyover, Colombo, Sri Lanka",6.9266493,79.8483123,"Rain, Partially cloudy",1.276,8.7,85.7,69.0,2023-06-29T05:58:30,2023-06-29T18:29:42,Light Rain,Good,Thursday,June,Yes,Yes,Eid al-Adha,Global
"No. 27 Flower Road, Colombo 03",2023-06-30,19:13,Minor Injury,Multi-vehicle Collision,Failure to Yield,3,Bicycle; Van; Motorcycle,18-25,0,1,Low,"No. 27 Flower Road, Colombo 03, Colombo, Sri Lanka","No. 27 Flower Road, Colombo 03, Colombo, Sri Lanka","27 Flower Rd, Colombo 00700, Sri Lanka",6.909893899999999,79.857517,Partially cloudy,0.004,8.5,83.7,66.0,2023-06-30T05:58:44,2023-06-30T18:29:52,Partially Cloudy,Good,Friday,June,No,No,None,None
Borella Junction,2023-07-01,18:40,Serious Injury,Pedestrian Collision,Reckless Driving,2,Motorcycle; Three Wheeler,26-35,0,2,Low,"Borella Junction, Colombo, Sri Lanka","Borella Junction, Colombo, Sri Lanka","18 Dr NM Perera Mawatha Rd, Colombo 00800, Sri Lanka",6.9139525,79.878481,"Rain, Partially cloudy",0.154,8.0,82.7,60.1,2023-07-01T05:58:58,2023-07-01T18:30:02,Light Rain,Good,Saturday,July,Yes,No,None,None
"Junction of Cotta Road and Bauddhaloka Mawatha, Colombo 08",2023-07-02,09:15,Minor Injury,Motorcycle Collision,Driver Negligence,2,Motorcycle; Three Wheeler,36-45,0,3,Moderate,"Junction of Cotta Road and Bauddhaloka Mawatha, Colombo 08, Colombo, Sri Lanka","Junction of Cotta Road and Bauddhaloka Mawatha, Colombo 08, Colombo, Sri Lanka","18 Dr NM Perera Mawatha Rd, Colombo 00800, Sri Lanka",6.9139525,79.878481,"Rain, Partially cloudy",0.469,7.8,84.0,79.4,2023-07-02T05:59:12,2023-07-02T18:30:11,Light Rain,Good,Sunday,July,No,No,None,None
Hulftsdorp Junction,2023-07-04,15:38,Minor Injury,Rear-end Collision,Driver Negligence,1,Motorcycle,18-25,0,2,Low,"Hulftsdorp Junction, Colombo, Sri Lanka","Hulftsdorp Junction, Colombo, Sri Lanka","Hultsdorf St, Colombo, Sri Lanka",6.9375553,79.8608161,"Rain, Partially cloudy",0.221,7.7,84.7,71.6,2023-07-04T05:59:40,2023-07-04T18:30:27,Light Rain,Good,Tuesday,July,No,No,None,None
Fort Railway Station Area,2023-07-05,15:49,Minor Injury,Single Vehicle Crash,Overspeeding,1,Three Wheeler,26-35,0,2,Low,"Fort Railway Station Area, Colombo, Sri Lanka","Fort Railway Station Area, Colombo, Sri Lanka","Fort Railway station, Colombo, Sri Lanka",6.9337011,79.85003019999999,"Rain, Partially cloudy",2.147,6.5,85.5,86.3,2023-07-05T05:59:54,2023-07-05T18:30:35,Light Rain,Good,Wednesday,July,No,No,None,None
Marine Drive Kollupitiya,2023-07-06,22:59,Minor Injury,Single Vehicle Crash,Driver Negligence,1,Motorcycle,18-25,0,1,Low,"Marine Drive Kollupitiya, Colombo, Sri Lanka","Marine Drive Kollupitiya, Colombo, Sri Lanka","Marine Drive, Colombo, Sri Lanka",6.9061405,79.8497258,"Rain, Partially cloudy",0.221,8.4,85.2,65.2,2023-07-06T06:00:07,2023-07-06T18:30:41,Light Rain,Good,Thursday,July,No,No,None,None
Bambalapitiya Railway Station Area,2023-07-09,07:46,Minor Injury,Rear-end Collision,Reckless Driving,1,Car,46-55,0,2,Moderate,"Bambalapitiya Railway Station Area, Colombo, Sri Lanka","Bambalapitiya Railway Station Area, Colombo, Sri Lanka","Bambalapitiya Railway Station, Colombo, Sri Lanka",6.8936984,79.8529574,Partially cloudy,0.0,8.1,81.9,80.4,2023-07-09T06:00:48,2023-07-09T18:30:58,Partially Cloudy,Good,Sunday,July,Yes,No,None,None
High Level Road Kirulapone,2023-07-11,14:26,Minor Injury,Rear-end Collision,Distracted Driving,1,Van,36-45,0,3,Low,"High Level Road Kirulapone, Colombo, Sri Lanka","High Level Road Kirulapone, Colombo, Sri Lanka","High Level Rd, Colombo, Sri Lanka",6.8775584,79.8793098,Partially cloudy,0.005,7.9,83.9,80.8,2023-07-11T06:01:14,2023-07-11T18:31:06,Partially Cloudy,Good,Tuesday,July,No,No,None,None
Maradana Junction,2023-07-11,17:21,Minor Injury,Pedestrian Collision,Overspeeding,1,Motorcycle,18-25,0,1,Low,"Maradana Junction, Colombo, Sri Lanka","Maradana Junction, Colombo, Sri Lanka","Maradana Junction, Colombo 01000, Sri Lanka",6.928874,79.8637428,Partially cloudy,0.005,7.9,83.9,80.8,2023-07-11T06:01:14,2023-07-11T18:31:06,Partially Cloudy,Good,Tuesday,July,Yes,No,None,None
T B Jayah Mawatha Maradana,2023-07-12,17:43,Fatal,Rear-end Collision,Reckless Driving,1,Motorcycle,36-45,1,5,High,"T B Jayah Mawatha Maradana, Colombo, Sri Lanka","T B Jayah Mawatha Maradana, Colombo, Sri Lanka","T. B. Jayah Mawatha, Colombo, Sri Lanka",6.9235871,79.8619082,Partially cloudy,0.0,8.0,83.6,62.5,2023-07-12T06:01:26,2023-07-12T18:31:09,Partially Cloudy,Good,Wednesday,July,Yes,No,None,None
"No. 34 Galle Road, Dehiwela",2023-07-12,18:15,Minor Injury,Multi-vehicle Collision,Unsafe Lane Change,3,Van; Car; Motorcycle,18-25,0,3,Moderate,"No. 34 Galle Road, Dehiwela, Colombo, Sri Lanka","No. 34 Galle Road, Dehiwela, Colombo, Sri Lanka","34 Galle Rd, Colombo 00600, Sri Lanka",6.878424499999999,79.8597612,Partially cloudy,0.0,8.0,83.6,62.5,2023-07-12T06:01:26,2023-07-12T18:31:09,Partially Cloudy,Good,Wednesday,July,Yes,No,None,None
Hulftsdorp Junction,2023-07-12,18:45,Fatal,Pedestrian Collision,Reckless Driving,2,Motorcycle; Car,56+,1,5,Moderate,"Hulftsdorp Junction, Colombo, Sri Lanka","Hulftsdorp Junction, Colombo, Sri Lanka","Hultsdorf St, Colombo, Sri Lanka",6.9375553,79.8608161,Partially cloudy,0.0,8.0,83.6,62.5,2023-07-12T06:01:26,2023-07-12T18:31:09,Partially Cloudy,Good,Wednesday,July,Yes,No,None,None
Fort Railway Station Area,2023-07-16,08:22,Serious Injury,Single Vehicle Crash,Driver Fatigue,1,Car,46-55,0,3,High,"Fort Railway Station Area, Colombo, Sri Lanka","Fort Railway Station Area, Colombo, Sri Lanka","Fort Railway station, Colombo, Sri Lanka",6.9337011,79.85003019999999,Partially cloudy,0.004,8.2,80.4,63.0,2023-07-16T06:02:14,2023-07-16T18:31:15,Partially Cloudy,Good,Sunday,July,Yes,No,None,None
Ibbanwala Junction,2023-07-16,08:39,Minor Injury,Side-impact Collision,Driver Negligence,4,Car; Bicycle; Motorcycle; Three Wheeler,36-45,0,2,Moderate,"Ibbanwala Junction, Colombo, Sri Lanka","Ibbanwala Junction, Colombo, Sri Lanka","Ibbanwala, Colombo, Sri Lanka",6.917642,79.8597831,Partially cloudy,0.004,8.2,80.4,63.0,2023-07-16T06:02:14,2023-07-16T18:31:15,Partially Cloudy,Good,Sunday,July,Yes,No,None,None