Location,Date of Accident,Time of Accident,Accident Severity,Collision Type,Cause of Accident,Number of Vehicles,Vehicle Types,Driver Age Group,Number of Fatalities,Number of Injuries,Property Damage Level,location_standardized,location_name,formatted_address,latitude,longitude,conditions,precip,visibility,humidity,cloudcover,sunrise,sunset,weather_condition_label,visibility_level,Week (Derived),Month (Derived),Peak Hour Indicator (Derived),Public Holiday Indicator (Derived),Public Holiday Name (Derived),Public Holiday Category (Derived)
Pettah Clock Tower Area,2023-07-17,16:56,Minor Injury,Pedestrian Collision,Unsafe Lane Change,2,Motorcycle; Three Wheeler,36-45,0,1,Moderate,"Pettah Clock Tower Area, Colombo, Sri Lanka","Pettah Clock Tower Area, Colombo, Sri Lanka","Pettah, Colombo, Sri Lanka",6.9367858,79.8525385,Partially cloudy,0.0,8.2,79.9,56.2,2023-07-17T06:02:25,2023-07-17T18:31:14,Partially Cloudy,Good,Monday,July,Yes,No,None,None
Rajagiriya Flyover,2023-07-18,22:50,Minor Injury,Rear-end Collision,Failure to Yield,2,Motorcycle; Car,36-45,0,1,Low,"Rajagiriya Flyover, Colombo, Sri Lanka","Rajagiriya Flyover, Colombo, Sri Lanka","Rajagiriya Flyover, Sri Lanka",6.909007,79.8958705,Partially cloudy,0.0,8.2,79.0,46.8,2023-07-18T06:02:36,2023-07-18T18:31:13,Partially Cloudy,Good,Tuesday,July,No,No,None,None
Olcott Mawatha Pettah,2023-07-19,20:56,Minor Injury,Rear-end Collision,Driver Negligence,3,Motorcycle; Bicycle; Bus,26-35,0,4,Moderate,"Olcott Mawatha Pettah, Colombo, Sri Lanka","Olcott Mawatha Pettah, Colombo, Sri Lanka","Olcott Mawatha, Colombo, Sri Lanka",6.9344449,79.8544929,"Rain, Partially cloudy",0.043,8.5,79.6,43.2,2023-07-19T06:02:47,2023-07-19T18:31:12,Light Rain,Good,Wednesday,July,No,No,None,None
Fort Railway Station Area,2023-07-20,22:57,Serious Injury,Rear-end Collision,Reckless Driving,1,Lorry,36-45,0,4,High,"Fort Railway Station Area, Colombo, Sri Lanka","Fort Railway Station Area, Colombo, Sri Lanka","Fort Railway station, Colombo, Sri Lanka",6.9337011,79.85003019999999,"Rain, Partially cloudy",0.201,8.5,80.7,48.3,2023-07-20T06:02:57,2023-07-20T18:31:09,Light Rain,Good,Thursday,July,No,No,None,None
Pamankada Junction,2023-07-22,06:38,Minor Injury,Multi-vehicle Collision,Pedestrian Negligence,2,Bus; Lorry,36-45,0,3,Low,"Pamankada Junction, Colombo, Sri Lanka","Pamankada Junction, Colombo, Sri Lanka","Pamankada Ln, Colombo, Sri Lanka",6.8756803,79.8676529,Partially cloudy,0.0,8.1,79.3,46.5,2023-07-22T06:03:16,2023-07-22T18:31:02,Partially Cloudy,Good,Saturday,July,No,No,None,None
Darley Road Cinnamon Gardens,2023-07-23,15:30,Serious Injury,Rear-end Collision,Distracted Driving,4,Motorcycle; Car; Bicycle; Three Wheeler,36-45,0,6,Moderate,"Darley Road Cinnamon Gardens, Colombo, Sri Lanka","Darley Road Cinnamon Gardens, Colombo, Sri Lanka","Darley Rd, Colombo, Sri Lanka",6.9228616,79.8620451,"Rain, Partially cloudy",0.019,8.1,80.0,51.0,2023-07-23T06:03:25,2023-07-23T18:30:57,Light Rain,Good,Sunday,July,No,No,None,None
Union Place Borella,2023-07-24,18:12,Serious Injury,Pedestrian Collision,Reckless Driving,1,Motorcycle,56+,0,3,High,"Union Place Borella, Colombo, Sri Lanka","Union Place Borella, Colombo, Sri Lanka","Colombo 08, Colombo, Sri Lanka",6.9147836,79.8775951,"Rain, Partially cloudy",0.335,7.9,81.9,56.7,2023-07-24T06:03:34,2023-07-24T18:30:51,Light Rain,Good,Monday,July,Yes,No,None,None
Kollupitiya Railway Station Area,2023-07-25,19:01,Minor Injury,Pedestrian Collision,Overspeeding,1,Motorcycle,18-25,0,2,Moderate,"Kollupitiya Railway Station Area, Colombo, Sri Lanka","Kollupitiya Railway Station Area, Colombo, Sri Lanka","Kollupitiya Railway Station, Colombo, Sri Lanka",6.9112629,79.8481782,"Rain, Partially cloudy",1.819,7.4,88.9,68.5,2023-07-25T06:03:42,2023-07-25T18:30:45,Light Rain,Good,Tuesday,July,No,No,None,None
Pettah Clock Tower Area,2023-07-25,23:54,Minor Injury,Pedestrian Collision,Driver Fatigue,1,Three Wheeler,46-55,0,2,Moderate,"Pettah Clock Tower Area, Colombo, Sri Lanka","Pettah Clock Tower Area, Colombo, Sri Lanka","Pettah, Colombo, Sri Lanka",6.9367858,79.8525385,"Rain, Partially cloudy",1.819,7.4,88.9,68.5,2023-07-25T06:03:42,2023-07-25T18:30:45,Light Rain,Good,Tuesday,July,No,No,None,None
Kotahena Junction,2023-07-28,14:25,Minor Injury,Motorcycle Collision,Pedestrian Negligence,2,Motorcycle; Car,56+,0,3,Low,"Kotahena Junction, Colombo, Sri Lanka","Kotahena Junction, Colombo, Sri Lanka","Kotahena St, Colombo 01300, Sri Lanka",6.9494699,79.8626776,Partially cloudy,0.0,8.2,78.6,52.9,2023-07-28T06:04:04,2023-07-28T18:30:22,Partially Cloudy,Good,Friday,July,No,No,None,None
Borella Junction,2023-07-29,11:11,Minor Injury,Rear-end Collision,Overspeeding,2,Lorry; Motorcycle,26-35,0,4,High,"Borella Junction, Colombo, Sri Lanka","Borella Junction, Colombo, Sri Lanka","18 Dr NM Perera Mawatha Rd, Colombo 00800, Sri Lanka",6.9139525,79.878481,Partially cloudy,0.0,8.1,77.4,58.0,2023-07-29T06:04:11,2023-07-29T18:30:12,Partially Cloudy,Good,Saturday,July,No,No,None,None
Baseline Road Borella,2023-07-30,09:37,Minor Injury,Single Vehicle Crash,Driver Negligence,1,Three Wheeler,56+,0,3,Moderate,"Baseline Road Borella, Colombo, Sri Lanka","Baseline Road Borella, Colombo, Sri Lanka","Baseline Rd, Colombo, Sri Lanka",6.919902,79.8776917,Partially cloudy,0.0,8.1,77.9,50.1,2023-07-30T06:04:17,2023-07-30T18:30:02,Partially Cloudy,Good,Sunday,July,No,No,None,None
Pettah Clock Tower Area,2023-07-30,17:06,Serious Injury,Single Vehicle Crash,Reckless Driving,1,Van,26-35,0,6,High,"Pettah Clock Tower Area, Colombo, Sri Lanka","Pettah Clock Tower Area, Colombo, Sri Lanka","Pettah, Colombo, Sri Lanka",6.9367858,79.8525385,Partially cloudy,0.0,8.1,77.9,50.1,2023-07-30T06:04:17,2023-07-30T18:30:02,Partially Cloudy,Good,Sunday,July,Yes,No,None,None
Borella Junction,2023-07-30,21:26,Minor Injury,Side-impact Collision,Reckless Driving,2,Van; Bicycle,36-45,0,1,High,"Borella Junction, Colombo, Sri Lanka","Borella Junction, Colombo, Sri Lanka","18 Dr NM Perera Mawatha Rd, Colombo 00800, Sri Lanka",6.9139525,79.878481,Partially cloudy,0.0,8.1,77.9,50.1,2023-07-30T06:04:17,2023-07-30T18:30:02,Partially Cloudy,Good,Sunday,July,No,No,None,None
Galle Road Fort,2023-08-02,08:28,Fatal,Multi-vehicle Collision,Distracted Driving,3,Motorcycle; Car; Three Wheeler,18-25,1,4,High,"Galle Road Fort, Colombo, Sri Lanka","Galle Road Fort, Colombo, Sri Lanka","Galle Buck Rd, Colombo, Sri Lanka",6.9363912,79.8415204,Partially cloudy,0.0,7.6,80.3,62.4,2023-08-02T06:04:32,2023-08-02T18:29:27,Partially Cloudy,Good,Wednesday,August,Yes,No,None,None
Union Place Borella,2023-08-03,16:43,Serious Injury,Rear-end Collision,Reckless Driving,1,Three Wheeler,26-35,0,3,High,"Union Place Borella, Colombo, Sri Lanka","Union Place Borella, Colombo, Sri Lanka","Colombo 08, Colombo, Sri Lanka",6.9147836,79.8775951,Partially cloudy,0.0,8.0,81.8,47.3,2023-08-03T06:04:36,2023-08-03T18:29:14,Partially Cloudy,Good,Thursday,August,Yes,No,None,None
Sir Chittampalam A Gardiner Mawatha Fort,2023-08-04,14:15,Minor Injury,Pedestrian Collision,Distracted Driving,1,Motorcycle,18-25,0,2,Low,"Sir Chittampalam A Gardiner Mawatha Fort, Colombo, Sri Lanka","Sir Chittampalam A Gardiner Mawatha Fort, Colombo, Sri Lanka","Sir Chittampalam A Gardiner Mawath, Colombo, Sri Lanka",6.9298377,79.8477933,Partially cloudy,0.0,8.3,78.7,58.5,2023-08-04T06:04:40,2023-08-04T18:29:01,Partially Cloudy,Good,Friday,August,No,No,None,None
Galle Road Kollupitiya,2023-08-05,17:09,Minor Injury,Multi-vehicle Collision,Reckless Driving,3,Car; Three Wheeler; Motorcycle,18-25,0,2,Low,"Galle Road Kollupitiya, Colombo, Sri Lanka","Galle Road Kollupitiya, Colombo, Sri Lanka","Galle Rd, Colombo, Sri Lanka",6.9037968,79.8521362,"Rain, Partially cloudy",0.021,8.1,78.4,53.3,2023-08-05T06:04:43,2023-08-05T18:28:46,Light Rain,Good,Saturday,August,Yes,No,None,None
Bambalapitiya Junction,2023-08-06,12:43,Minor Injury,Pedestrian Collision,Reckless Driving,2,Three Wheeler; Motorcycle,26-35,0,2,Low,"Bambalapitiya Junction, Colombo, Sri Lanka","Bambalapitiya Junction, Colombo, Sri Lanka","Bambalapitiya, Colombo 00500, Sri Lanka",6.8894192,79.8575468,Partially cloudy,0.0,8.1,79.6,63.2,2023-08-06T06:04:45,2023-08-06T18:28:31,Partially Cloudy,Good,Sunday,August,No,No,None,None
Fort Railway Station Area,2023-08-07,07:26,Serious Injury,Motorcycle Collision,Drunk Driving,2,Motorcycle; Van,56+,0,4,Moderate,"Fort Railway Station Area, Colombo, Sri Lanka","Fort Railway Station Area, Colombo, Sri Lanka","Fort Railway station, Colombo, Sri Lanka",6.9337011,79.85003019999999,Partially cloudy,0.0,8.8,78.9,68.4,2023-08-07T06:04:48,2023-08-07T18:28:15,Partially Cloudy,Good,Monday,August,Yes,No,None,None
Hospital Road Colombo 10,2023-08-07,07:57,Serious Injury,Pedestrian Collision,Driver Negligence,2,Motorcycle; Three Wheeler,46-55,0,2,Moderate,"Hospital Road Colombo 10, Colombo, Sri Lanka","Hospital Road Colombo 10, Colombo, Sri Lanka","Hospital Rd, Colombo, Sri Lanka",6.8648594,79.8703535,Partially cloudy,0.0,8.8,78.9,68.4,2023-08-07T06:04:48,2023-08-07T18:28:15,Partially Cloudy,Good,Monday,August,Yes,No,None,None
Pamankada Junction,2023-08-07,08:21,Minor Injury,Motorcycle Collision,Failure to Yield,2,Motorcycle; Bicycle,36-45,0,3,Moderate,"Pamankada Junction, Colombo, Sri Lanka","Pamankada Junction, Colombo, Sri Lanka","Pamankada Ln, Colombo, Sri Lanka",6.8756803,79.8676529,Partially cloudy,0.0,8.8,78.9,68.4,2023-08-07T06:04:48,2023-08-07T18:28:15,Partially Cloudy,Good,Monday,August,Yes,No,None,None
Kolonnawa Junction,2023-08-08,19:55,Minor Injury,Side-impact Collision,Poor Visibility,1,Three Wheeler,36-45,0,4,Low,"Kolonnawa Junction, Colombo, Sri Lanka","Kolonnawa Junction, Colombo, Sri Lanka","Kolonnawa Rd, Colombo, Sri Lanka",6.9303402,79.8806763,Partially cloudy,0.0,8.2,75.6,53.4,2023-08-08T06:04:49,2023-08-08T18:27:58,Partially Cloudy,Good,Tuesday,August,No,No,None,None
Olcott Mawatha Pettah,2023-08-08,22:19,Serious Injury,Motorcycle Collision,Reckless Driving,2,Motorcycle; Bicycle,36-45,0,6,Moderate,"Olcott Mawatha Pettah, Colombo, Sri Lanka","Olcott Mawatha Pettah, Colombo, Sri Lanka","Olcott Mawatha, Colombo, Sri Lanka",6.9344449,79.8544929,Partially cloudy,0.0,8.2,75.6,53.4,2023-08-08T06:04:49,2023-08-08T18:27:58,Partially Cloudy,Good,Tuesday,August,No,No,None,None
Fort Railway Station Area,2023-08-14,18:34,Minor Injury,Motorcycle Collision,Reckless Driving,2,Motorcycle; Van,26-35,0,3,Low,"Fort Railway Station Area, Colombo, Sri Lanka","Fort Railway Station Area, Colombo, Sri Lanka","Fort Railway station, Colombo, Sri Lanka",6.9337011,79.85003019999999,"Rain, Partially cloudy",0.025,8.0,75.8,53.6,2023-08-14T06:04:50,2023-08-14T18:26:04,Light Rain,Good,Monday,August,Yes,No,None,None
High Level Road Kirulapone,2023-08-15,16:28,Minor Injury,Head-on Collision,Mechanical Failure,3,Motorcycle; Three Wheeler; Van,46-55,0,1,Moderate,"High Level Road Kirulapone, Colombo, Sri Lanka","High Level Road Kirulapone, Colombo, Sri Lanka","High Level Rd, Colombo, Sri Lanka",6.8775584,79.8793098,Partially cloudy,0.001,8.1,76.7,49.3,2023-08-15T06:04:48,2023-08-15T18:25:43,Partially Cloudy,Good,Tuesday,August,Yes,No,None,None
Duplication Road Bambalapitiya,2023-08-16,23:39,Minor Injury,Rear-end Collision,Driver Fatigue,3,Three Wheeler; Motorcycle; Van,26-35,0,2,Moderate,"Duplication Road Bambalapitiya, Colombo, Sri Lanka","Duplication Road Bambalapitiya, Colombo, Sri Lanka","450 E R. A. De Mel Mawatha, Colombo 00200, Sri Lanka",6.9024028,79.8545389,"Rain, Partially cloudy",0.038,8.6,77.7,48.1,2023-08-16T06:04:46,2023-08-16T18:25:21,Light Rain,Good,Wednesday,August,No,No,None,None
Wellawatte Junction,2023-08-18,05:40,Minor Injury,Rear-end Collision,Driver Fatigue,1,Lorry,18-25,0,4,Low,"Wellawatte Junction, Colombo, Sri Lanka","Wellawatte Junction, Colombo, Sri Lanka","Wellawatte, Colombo 00600, Sri Lanka",6.874092099999999,79.8604934,Partially cloudy,0.008,8.2,75.7,50.0,2023-08-18T06:04:41,2023-08-18T18:24:35,Partially Cloudy,Good,Friday,August,No,No,None,None
High Level Road Kirulapone,2023-08-19,14:50,Minor Injury,Side-impact Collision,Mechanical Failure,2,Bicycle; Three Wheeler,56+,0,1,Low,"High Level Road Kirulapone, Colombo, Sri Lanka","High Level Road Kirulapone, Colombo, Sri Lanka","High Level Rd, Colombo, Sri Lanka",6.8775584,79.8793098,Partially cloudy,0.0,8.2,75.7,61.4,2023-08-19T06:04:38,2023-08-19T18:24:11,Partially Cloudy,Good,Saturday,August,No,No,None,None
High Level Road Nugegoda,2023-08-20,17:07,Fatal,Rear-end Collision,Reckless Driving,2,Motorcycle; Bicycle,56+,1,4,High,"High Level Road Nugegoda, Colombo, Sri Lanka","High Level Road Nugegoda, Colombo, Sri Lanka","High Level Rd, Colombo, Sri Lanka",6.8780486,79.8770959,Partially cloudy,0.0,8.2,75.3,50.8,2023-08-20T06:04:34,2023-08-20T18:23:47,Partially Cloudy,Good,Sunday,August,Yes,No,None,None
Bambalapitiya Junction,2023-08-23,10:39,Minor Injury,Side-impact Collision,Overspeeding,2,Bicycle; Lorry,26-35,0,2,Moderate,"Bambalapitiya Junction, Colombo, Sri Lanka","Bambalapitiya Junction, Colombo, Sri Lanka","Bambalapitiya, Colombo 00500, Sri Lanka",6.8894192,79.8575468,"Rain, Partially cloudy",0.386,8.2,80.2,46.6,2023-08-23T06:04:21,2023-08-23T18:22:31,Light Rain,Good,Wednesday,August,No,No,None,None
Messenger Street Pettah,2023-08-24,00:28,Minor Injury,Rear-end Collision,Overspeeding,3,Bicycle; Lorry; Motorcycle,26-35,0,4,Low,"Messenger Street Pettah, Colombo, Sri Lanka","Messenger Street Pettah, Colombo, Sri Lanka","M. J. M. Lafeer Mawatha, Colombo, Sri Lanka",6.9411356,79.8629811,"Rain, Partially cloudy",0.063,8.2,76.6,51.3,2023-08-24T06:04:16,2023-08-24T18:22:05,Light Rain,Good,Thursday,August,No,No,None,None
Sir Chittampalam A Gardiner Mawatha Fort,2023-08-24,14:55,Minor Injury,Rear-end Collision,Failure to Yield,2,Van; Motorcycle,26-35,0,1,Low,"Sir Chittampalam A Gardiner Mawatha Fort, Colombo, Sri Lanka","Sir Chittampalam A Gardiner Mawatha Fort, Colombo, Sri Lanka","Sir Chittampalam A Gardiner Mawath, Colombo, Sri Lanka",6.9298377,79.8477933,"Rain, Partially cloudy",0.063,8.2,76.6,51.3,2023-08-24T06:04:16,2023-08-24T18:22:05,Light Rain,Good,Thursday,August,No,No,None,None
High Level Road Kirulapone,2023-08-26,15:11,Minor Injury,Single Vehicle Crash,Driver Negligence,1,Van,26-35,0,1,Moderate,"High Level Road Kirulapone, Colombo, Sri Lanka","High Level Road Kirulapone, Colombo, Sri Lanka","High Level Rd, Colombo, Sri Lanka",6.8775584,79.8793098,Partially cloudy,0.0,8.2,79.5,44.2,2023-08-26T06:04:04,2023-08-26T18:21:11,Partially Cloudy,Good,Saturday,August,No,No,None,None
Pettah Market Area,2023-08-27,08:16,Minor Injury,Head-on Collision,Unsafe Lane Change,4,Car; Motorcycle; Three Wheeler; Van,26-35,0,4,Low,"Pettah Market Area, Colombo, Sri Lanka","Pettah Market Area, Colombo, Sri Lanka","WVP3+VMM, Keyzer St, Colombo 01100, Sri Lanka",6.937201699999999,79.854187,"Rain, Partially cloudy",0.143,8.2,77.7,46.5,2023-08-27T06:03:58,2023-08-27T18:20:43,Light Rain,Good,Sunday,August,Yes,No,None,None
Union Place Slave Island,2023-08-28,14:35,Minor Injury,Rear-end Collision,Overspeeding,2,Car; Motorcycle,26-35,0,2,Low,"Union Place Slave Island, Colombo, Sri Lanka","Union Place Slave Island, Colombo, Sri Lanka","Union Pl, Colombo, Sri Lanka",6.9203664,79.8578057,"Rain, Partially cloudy",0.13,8.2,79.5,50.9,2023-08-28T06:03:51,2023-08-28T18:20:15,Light Rain,Good,Monday,August,No,No,None,None
"Junction of Ward Place and D S Senanayake Mawatha (Baseline Road), Colombo 08",2023-08-30,22:49,Serious Injury,Motorcycle Collision,Distracted Driving,2,Motorcycle; Three Wheeler,36-45,0,3,High,"Junction of Ward Place and D S Senanayake Mawatha (Baseline Road), Colombo 08, Colombo, Sri Lanka","Junction of Ward Place and D S Senanayake Mawatha (Baseline Road), Colombo 08, Colombo, Sri Lanka","Baseline Rd & D. S. Senanayake Mawatha, Colombo 00700, Sri Lanka",6.9147089,79.87752259999999,"Rain, Partially cloudy",0.389,7.5,83.8,68.4,2023-08-30T06:03:37,2023-08-30T18:19:18,Light Rain,Good,Wednesday,August,No,Yes,Nikini Full Moon Poya Day,Local
Duplication Road Bambalapitiya,2023-08-31,07:22,Fatal,Pedestrian Collision,Overspeeding,1,Motorcycle,26-35,1,3,Low,"Duplication Road Bambalapitiya, Colombo, Sri Lanka","Duplication Road Bambalapitiya, Colombo, Sri Lanka","450 E R. A. De Mel Mawatha, Colombo 00200, Sri Lanka",6.9024028,79.8545389,"Rain, Partially cloudy",1.538,7.5,88.8,85.9,2023-08-31T06:03:29,2023-08-31T18:18:48,Light Rain,Good,Thursday,August,Yes,No,None,None
Colombo Fort Bus Stand Area,2023-08-31,18:18,Minor Injury,Motorcycle Collision,Driver Negligence,4,Motorcycle; Three Wheeler; Bus; Car,26-35,0,3,Low,"Colombo Fort Bus Stand Area, Colombo, Sri Lanka","Colombo Fort Bus Stand Area, Colombo, Sri Lanka","WVM4+6G8 Bastian Mawatha Bus Station, Olcott Mawatha, Colombo, Sri Lanka",6.932847,79.856589,"Rain, Partially cloudy",1.538,7.5,88.8,85.9,2023-08-31T06:03:29,2023-08-31T18:18:48,Light Rain,Good,Thursday,August,Yes,No,None,None
T B Jayah Mawatha Maradana,2023-09-02,02:18,Minor Injury,Pedestrian Collision,Drunk Driving,1,Motorcycle,26-35,0,2,Low,"T B Jayah Mawatha Maradana, Colombo, Sri Lanka","T B Jayah Mawatha Maradana, Colombo, Sri Lanka","T. B. Jayah Mawatha, Colombo, Sri Lanka",6.9235871,79.8619082,"Rain, Partially cloudy",1.242,7.4,88.2,81.9,2023-09-02T06:03:14,2023-09-02T18:17:49,Light Rain,Good,Saturday,September,No,No,None,None
Fort Railway Station Area,2023-09-02,08:19,Fatal,Multi-vehicle Collision,Reckless Driving,4,Three Wheeler; Car; Motorcycle; Van,36-45,1,3,High,"Fort Railway Station Area, Colombo, Sri Lanka","Fort Railway Station Area, Colombo, Sri Lanka","Fort Railway station, Colombo, Sri Lanka",6.9337011,79.85003019999999,"Rain, Partially cloudy",1.242,7.4,88.2,81.9,2023-09-02T06:03:14,2023-09-02T18:17:49,Light Rain,Good,Saturday,September,Yes,No,None,None
Sri Jayawardenepura Kotte Junction,2023-09-02,21:43,Minor Injury,Rear-end Collision,Poor Visibility,1,Car,26-35,0,2,Low,"Sri Jayawardenepura Kotte Junction, Colombo, Sri Lanka","Sri Jayawardenepura Kotte Junction, Colombo, Sri Lanka","Kotte - Bope Rd, Sri Lanka",6.86535,80.022372,"Rain, Partially cloudy",1.242,7.4,88.2,81.9,2023-09-02T06:03:14,2023-09-02T18:17:49,Light Rain,Good,Saturday,September,No,No,None,None
Angulana Junction,2023-09-06,15:09,Serious Injury,Rear-end Collision,Reckless Driving,2,Car; Motorcycle,18-25,0,6,High,"Angulana Junction, Colombo, Sri Lanka","Angulana Junction, Colombo, Sri Lanka","Galle Rd, Dehiwala-Mount Lavinia, Sri Lanka",6.804609699999999,79.8866977,"Rain, Partially cloudy",1.677,7.7,88.0,79.0,2023-09-06T06:02:39,2023-09-06T18:15:45,Light Rain,Good,Wednesday,September,No,No,None,None
Borella Junction,2023-09-08,07:15,Minor Injury,Side-impact Collision,Driver Negligence,1,Car,18-25,0,3,Low,"Borella Junction, Colombo, Sri Lanka","Borella Junction, Colombo, Sri Lanka","18 Dr NM Perera Mawatha Rd, Colombo 00800, Sri Lanka",6.9139525,79.878481,"Rain, Partially cloudy",1.192,7.8,84.5,66.3,2023-09-08T06:02:21,2023-09-08T18:14:42,Light Rain,Good,Friday,September,Yes,No,None,None
Wellawatte Junction,2023-09-08,23:52,Minor Injury,Motorcycle Collision,Overspeeding,2,Motorcycle; Bus,26-35,0,1,Low,"Wellawatte Junction, Colombo, Sri Lanka","Wellawatte Junction, Colombo, Sri Lanka","Wellawatte, Colombo 00600, Sri Lanka",6.874092099999999,79.8604934,"Rain, Partially cloudy",1.192,7.8,84.5,66.3,2023-09-08T06:02:21,2023-09-08T18:14:42,Light Rain,Good,Friday,September,No,No,None,None
Borella Junction,2023-09-12,16:24,Minor Injury,Motorcycle Collision,Overspeeding,2,Motorcycle; Van,26-35,0,3,Moderate,"Borella Junction, Colombo, Sri Lanka","Borella Junction, Colombo, Sri Lanka","18 Dr NM Perera Mawatha Rd, Colombo 00800, Sri Lanka",6.9139525,79.878481,"Rain, Partially cloudy",0.913,8.1,84.8,67.7,2023-09-12T06:01:42,2023-09-12T18:12:34,Light Rain,Good,Tuesday,September,Yes,No,None,None
Duplication Road Bambalapitiya,2023-09-18,09:26,Serious Injury,Motorcycle Collision,Poor Visibility,2,Motorcycle; Van,26-35,0,3,High,"Duplication Road Bambalapitiya, Colombo, Sri Lanka","Duplication Road Bambalapitiya, Colombo, Sri Lanka","450 E R. A. De Mel Mawatha, Colombo 00200, Sri Lanka",6.9024028,79.8545389,"Rain, Partially cloudy",1.552,7.3,90.8,77.1,2023-09-18T06:00:42,2023-09-18T18:09:18,Light Rain,Good,Monday,September,No,No,None,None
"Junction of Reid Avenue and Independence Avenue, Colombo 07",2023-09-18,19:28,Minor Injury,Motorcycle Collision,Driver Fatigue,2,Motorcycle; Car,26-35,0,2,High,"Junction of Reid Avenue and Independence Avenue, Colombo 07, Colombo, Sri Lanka","Junction of Reid Avenue and Independence Avenue, Colombo 07, Colombo, Sri Lanka","Independence Ave, Colombo 00700, Sri Lanka",6.9063152,79.8660112,"Rain, Partially cloudy",1.552,7.3,90.8,77.1,2023-09-18T06:00:42,2023-09-18T18:09:18,Light Rain,Good,Monday,September,No,No,None,None
Maradana Junction,2023-09-19,09:33,Minor Injury,Motorcycle Collision,Mechanical Failure,2,Motorcycle; Three Wheeler,18-25,0,3,Moderate,"Maradana Junction, Colombo, Sri Lanka","Maradana Junction, Colombo, Sri Lanka","Maradana Junction, Colombo 01000, Sri Lanka",6.928874,79.8637428,"Rain, Partially cloudy",1.658,6.2,89.9,71.5,2023-09-19T06:00:32,2023-09-19T18:08:45,Light Rain,Good,Tuesday,September,No,No,None,None
Union Place Slave Island,2023-09-19,19:34,Minor Injury,Single Vehicle Crash,Reckless Driving,1,Lorry,46-55,0,3,Moderate,"Union Place Slave Island, Colombo, Sri Lanka","Union Place Slave Island, Colombo, Sri Lanka","Union Pl, Colombo, Sri Lanka",6.9203664,79.8578057,"Rain, Partially cloudy",1.658,6.2,89.9,71.5,2023-09-19T06:00:32,2023-09-19T18:08:45,Light Rain,Good,Tuesday,September,No,No,None,None
Bambalapitiya Junction,2023-09-21,11:28,Minor Injury,Rear-end Collision,Drunk Driving,1,Three Wheeler,26-35,0,1,High,"Bambalapitiya Junction, Colombo, Sri Lanka","Bambalapitiya Junction, Colombo, Sri Lanka","Bambalapitiya, Colombo 00500, Sri Lanka",6.8894192,79.8575468,"Rain, Partially cloudy",0.597,8.1,84.4,53.5,2023-09-21T06:00:12,2023-09-21T18:07:40,Light Rain,Good,Thursday,September,No,No,None,None
Armour Street Junction,2023-09-22,06:57,Fatal,Multi-vehicle Collision,Pedestrian Negligence,4,Van; Motorcycle; Three Wheeler; Bicycle,36-45,1,7,High,"Armour Street Junction, Colombo, Sri Lanka","Armour Street Junction, Colombo, Sri Lanka","Armour St, Colombo, Sri Lanka",6.9424222,79.8637618,"Rain, Partially cloudy",2.439,8.8,87.9,74.7,2023-09-22T06:00:02,2023-09-22T18:07:07,Light Rain,Good,Friday,September,No,No,None,None
Liberty Plaza Area,2023-09-23,13:12,Minor Injury,Rear-end Collision,Overspeeding,3,Car; Motorcycle; Three Wheeler,18-25,0,4,Low,"Liberty Plaza Area, Colombo, Sri Lanka","Liberty Plaza Area, Colombo, Sri Lanka","300 Srimath Anagarika Dharmapala Mawatha, Colombo 00300, Sri Lanka",6.9118996,79.85130869999999,"Rain, Partially cloudy",0.335,8.0,83.7,60.9,2023-09-23T05:59:52,2023-09-23T18:06:35,Light Rain,Good,Saturday,September,No,No,None,None
"Junction of St. Joseph's Street and Kotahena Street, Colombo 13",2023-09-25,16:05,Serious Injury,Motorcycle Collision,Driver Negligence,3,Motorcycle; Three Wheeler; Bus,18-25,0,6,Moderate,"Junction of St. Joseph's Street and Kotahena Street, Colombo 13, Colombo, Sri Lanka","Junction of St. Joseph's Street and Kotahena Street, Colombo 13, Colombo, Sri Lanka","Kotahena St, Colombo 01300, Sri Lanka",6.9494699,79.8626776,"Rain, Partially cloudy",0.21,8.0,81.6,62.3,2023-09-25T05:59:32,2023-09-25T18:05:30,Light Rain,Good,Monday,September,Yes,No,None,None
High Level Road Kirulapone,2023-09-27,13:27,Serious Injury,Motorcycle Collision,Reckless Driving,1,Motorcycle,36-45,0,6,High,"High Level Road Kirulapone, Colombo, Sri Lanka","High Level Road Kirulapone, Colombo, Sri Lanka","High Level Rd, Colombo, Sri Lanka",6.8775584,79.8793098,"Rain, Partially cloudy",1.9,7.3,91.9,67.4,2023-09-27T05:59:14,2023-09-27T18:04:26,Light Rain,Good,Wednesday,September,No,No,None,None