Location,Date of Accident,Time of Accident,Accident Severity,Collision Type,Cause of Accident,Number of Vehicles,Vehicle Types,Driver Age Group,Number of Fatalities,Number of Injuries,Property Damage Level,location_standardized,location_name,formatted_address,latitude,longitude,conditions,precip,visibility,humidity,cloudcover,sunrise,sunset,weather_condition_label,visibility_level,Week (Derived),Month (Derived),Peak Hour Indicator (Derived),Public Holiday Indicator (Derived),Public Holiday Name (Derived),Public Holiday Category (Derived)
Kotahena Junction,2023-09-28,03:36,Serious Injury,Motorcycle Collision,Reckless Driving,2,Motorcycle; Three Wheeler,18-25,0,3,High,"Kotahena Junction, Colombo, Sri Lanka","Kotahena Junction, Colombo, Sri Lanka","Kotahena St, Colombo 01300, Sri Lanka",6.9494699,79.8626776,"Rain, Partially cloudy",1.588,7.9,88.2,74.2,2023-09-28T05:59:05,2023-09-28T18:03:55,Light Rain,Good,Thursday,September,No,Yes,Prophet's Birthday,Local
Darley Road Cinnamon Gardens,2023-09-28,07:13,Minor Injury,Rear-end Collision,Reckless Driving,3,Motorcycle; Three Wheeler; Van,56+,0,2,Low,"Darley Road Cinnamon Gardens, Colombo, Sri Lanka","Darley Road Cinnamon Gardens, Colombo, Sri Lanka","Darley Rd, Colombo, Sri Lanka",6.9228616,79.8620451,"Rain, Partially cloudy",1.588,7.9,88.2,74.2,2023-09-28T05:59:05,2023-09-28T18:03:55,Light Rain,Good,Thursday,September,Yes,Yes,Prophet's Birthday,Local
Borella Junction,2023-09-28,10:07,Minor Injury,Rear-end Collision,Unsafe Lane Change,2,Three Wheeler; Van,26-35,0,1,Low,"Borella Junction, Colombo, Sri Lanka","Borella Junction, Colombo, Sri Lanka","18 Dr NM Perera Mawatha Rd, Colombo 00800, Sri Lanka",6.9139525,79.878481,"Rain, Partially cloudy",1.588,7.9,88.2,74.2,2023-09-28T05:59:05,2023-09-28T18:03:55,Light Rain,Good,Thursday,September,No,Yes,Prophet's Birthday,Local
Narahenpita Junction,2023-09-29,07:23,Serious Injury,Multi-vehicle Collision,Reckless Driving,4,Motorcycle; Three Wheeler; Bus; Bicycle,18-25,0,4,High,"Narahenpita Junction, Colombo, Sri Lanka","Narahenpita Junction, Colombo, Sri Lanka","Narahenpita, Colombo 00500, Sri Lanka",6.8899209,79.8826281,"Rain, Partially cloudy",6.049,7.3,90.3,81.5,2023-09-29T05:58:56,2023-09-29T18:03:23,Heavy Rain,Good,Friday,September,Yes,Yes,Binara Full Moon Poya Day,Local
Hulftsdorp Junction,2023-10-01,09:13,Minor Injury,Rear-end Collision,Distracted Driving,2,Car; Bicycle,18-25,0,2,High,"Hulftsdorp Junction, Colombo, Sri Lanka","Hulftsdorp Junction, Colombo, Sri Lanka","Hultsdorf St, Colombo, Sri Lanka",6.9375553,79.8608161,"Rain, Partially cloudy",2.092,7.1,93.0,70.6,2023-10-01T05:58:39,2023-10-01T18:02:21,Light Rain,Good,Sunday,October,No,No,None,None
Mahanama College Junction,2023-10-03,12:22,Minor Injury,Pedestrian Collision,Reckless Driving,2,Car; Bus,18-25,0,1,Moderate,"Mahanama College Junction, Colombo, Sri Lanka","Mahanama College Junction, Colombo, Sri Lanka","WV43+FW2, R. A. De Mel Mawatha, Colombo, Sri Lanka",6.9061492,79.8547687,"Rain, Partially cloudy",3.603,7.4,91.6,78.6,2023-10-03T05:58:22,2023-10-03T18:01:20,Light Rain,Good,Tuesday,October,No,No,None,None
Slave Island Junction,2023-10-04,08:36,Minor Injury,Single Vehicle Crash,Pedestrian Negligence,1,Three Wheeler,46-55,0,1,Low,"Slave Island Junction, Colombo, Sri Lanka","Slave Island Junction, Colombo, Sri Lanka","Kompannavidiya Flyover, Colombo, Sri Lanka",6.9266493,79.8483123,"Rain, Partially cloudy",6.919,6.7,92.3,78.5,2023-10-04T05:58:15,2023-10-04T18:00:50,Heavy Rain,Good,Wednesday,October,Yes,No,None,None
Sea Street Pettah,2023-10-04,19:19,Fatal,Rear-end Collision,Overspeeding,4,Three Wheeler; Motorcycle; Van; Car,26-35,1,7,High,"Sea Street Pettah, Colombo, Sri Lanka","Sea Street Pettah, Colombo, Sri Lanka","Sea St, Colombo 01300, Sri Lanka",6.9418464,79.8542501,"Rain, Partially cloudy",6.919,6.7,92.3,78.5,2023-10-04T05:58:15,2023-10-04T18:00:50,Heavy Rain,Good,Wednesday,October,No,No,None,None
Ingurukade Junction,2023-10-07,18:50,Minor Injury,Single Vehicle Crash,Unsafe Lane Change,1,Car,46-55,0,3,Low,"Ingurukade Junction, Colombo, Sri Lanka","Ingurukade Junction, Colombo, Sri Lanka","Inguru Kade Junction Bus Stop, Colombo, Sri Lanka",6.9503796,79.8735945,"Rain, Partially cloudy",0.579,7.5,91.4,65.0,2023-10-07T05:57:54,2023-10-07T17:59:22,Light Rain,Good,Saturday,October,Yes,No,None,None
Hulftsdorp Junction,2023-10-14,20:44,Minor Injury,Multi-vehicle Collision,Distracted Driving,3,Three Wheeler; Bus; Car,56+,0,1,Moderate,"Hulftsdorp Junction, Colombo, Sri Lanka","Hulftsdorp Junction, Colombo, Sri Lanka","Hultsdorf St, Colombo, Sri Lanka",6.9375553,79.8608161,"Rain, Partially cloudy",0.393,7.8,83.6,63.7,2023-10-14T05:57:19,2023-10-14T17:56:13,Light Rain,Good,Saturday,October,No,No,None,None
Galle Road Rathmalana,2023-10-15,22:18,Minor Injury,Motorcycle Collision,Driver Fatigue,2,Motorcycle; Bus,46-55,0,3,Moderate,"Galle Road Rathmalana, Colombo, Sri Lanka","Galle Road Rathmalana, Colombo, Sri Lanka","Galle Rd, Sri Lanka",6.8164799,79.8765378,"Rain, Partially cloudy",2.866,7.6,85.0,58.9,2023-10-15T05:57:16,2023-10-15T17:55:48,Light Rain,Good,Sunday,October,No,No,None,None
Armour Street Junction,2023-10-16,09:06,Fatal,Multi-vehicle Collision,Overspeeding,4,Bus; Motorcycle; Car; Three Wheeler,36-45,1,5,High,"Armour Street Junction, Colombo, Sri Lanka","Armour Street Junction, Colombo, Sri Lanka","Armour St, Colombo, Sri Lanka",6.9424222,79.8637618,Partially cloudy,0.0,8.1,79.8,39.8,2023-10-16T05:57:13,2023-10-16T17:55:24,Partially Cloudy,Good,Monday,October,No,No,None,None
Manning Market Area,2023-10-17,13:41,Fatal,Motorcycle Collision,Overspeeding,2,Motorcycle; Bicycle,26-35,1,4,High,"Manning Market Area, Colombo, Sri Lanka","Manning Market Area, Colombo, Sri Lanka","Manning Market, Colombo, Sri Lanka",6.934375999999999,79.853132,"Rain, Partially cloudy",2.348,7.9,87.7,69.8,2023-10-17T05:57:11,2023-10-17T17:55:00,Light Rain,Good,Tuesday,October,No,No,None,None
Pettah Clock Tower Area,2023-10-17,14:03,Serious Injury,Rear-end Collision,Distracted Driving,1,Motorcycle,26-35,0,4,High,"Pettah Clock Tower Area, Colombo, Sri Lanka","Pettah Clock Tower Area, Colombo, Sri Lanka","Pettah, Colombo, Sri Lanka",6.9367858,79.8525385,"Rain, Partially cloudy",2.348,7.9,87.7,69.8,2023-10-17T05:57:11,2023-10-17T17:55:00,Light Rain,Good,Tuesday,October,No,No,None,None
Maradana Railway Station Area,2023-10-18,10:18,Serious Injury,Pedestrian Collision,Driver Negligence,2,Three Wheeler; Motorcycle,26-35,0,6,High,"Maradana Railway Station Area, Colombo, Sri Lanka","Maradana Railway Station Area, Colombo, Sri Lanka","Maradana Railway Station, Jayantha Weerasekara Mawatha, Colombo 01000, Sri Lanka",6.92946,79.86511000000002,"Rain, Partially cloudy",1.749,6.6,92.3,70.0,2023-10-18T05:57:09,2023-10-18T17:54:37,Light Rain,Good,Wednesday,October,No,No,None,None
Hulftsdorp Junction,2023-10-19,11:38,Fatal,Rear-end Collision,Driver Fatigue,1,Lorry,26-35,1,5,High,"Hulftsdorp Junction, Colombo, Sri Lanka","Hulftsdorp Junction, Colombo, Sri Lanka","Hultsdorf St, Colombo, Sri Lanka",6.9375553,79.8608161,"Rain, Partially cloudy",1.838,7.1,89.5,67.3,2023-10-19T05:57:08,2023-10-19T17:54:15,Light Rain,Good,Thursday,October,No,No,None,None
Pettah Market Area,2023-10-22,13:59,Fatal,Single Vehicle Crash,Unsafe Lane Change,1,Motorcycle,26-35,1,3,High,"Pettah Market Area, Colombo, Sri Lanka","Pettah Market Area, Colombo, Sri Lanka","WVP3+VMM, Keyzer St, Colombo 01100, Sri Lanka",6.937201699999999,79.854187,"Rain, Partially cloudy",0.541,8.0,85.1,60.7,2023-10-22T05:57:09,2023-10-22T17:53:12,Light Rain,Good,Sunday,October,No,No,None,None
Armour Street Junction,2023-10-23,08:45,Minor Injury,Multi-vehicle Collision,Failure to Yield,4,Motorcycle; Three Wheeler; Bicycle; Car,18-25,0,4,High,"Armour Street Junction, Colombo, Sri Lanka","Armour Street Junction, Colombo, Sri Lanka","Armour St, Colombo, Sri Lanka",6.9424222,79.8637618,"Rain, Partially cloudy",2.57,8.1,87.5,67.9,2023-10-23T05:57:10,2023-10-23T17:52:53,Light Rain,Good,Monday,October,Yes,No,None,None
Bambalapitiya Junction,2023-10-23,22:30,Minor Injury,Rear-end Collision,Reckless Driving,1,Motorcycle,18-25,0,2,Low,"Bambalapitiya Junction, Colombo, Sri Lanka","Bambalapitiya Junction, Colombo, Sri Lanka","Bambalapitiya, Colombo 00500, Sri Lanka",6.8894192,79.8575468,"Rain, Partially cloudy",2.57,8.1,87.5,67.9,2023-10-23T05:57:10,2023-10-23T17:52:53,Light Rain,Good,Monday,October,No,No,None,None
Colombo Fort Bus Stand Area,2023-10-25,21:14,Serious Injury,Side-impact Collision,Driver Negligence,2,Motorcycle; Car,36-45,0,2,High,"Colombo Fort Bus Stand Area, Colombo, Sri Lanka","Colombo Fort Bus Stand Area, Colombo, Sri Lanka","WVM4+6G8 Bastian Mawatha Bus Station, Olcott Mawatha, Colombo, Sri Lanka",6.932847,79.856589,"Rain, Partially cloudy",0.12,7.8,82.7,56.7,2023-10-25T05:57:15,2023-10-25T17:52:16,Light Rain,Good,Wednesday,October,No,No,None,None
"Junction of Horana Road and Piliyandala Road, Kesbewa",2023-10-26,19:09,Serious Injury,Single Vehicle Crash,Driver Negligence,1,Van,36-45,0,5,Moderate,"Junction of Horana Road and Piliyandala Road, Kesbewa, Colombo, Sri Lanka","Junction of Horana Road and Piliyandala Road, Kesbewa, Colombo, Sri Lanka","Horana Rd & Piliyandala Rd, Pannipitiya 10230, Sri Lanka",6.832952000000001,79.9647521,"Rain, Partially cloudy",0.145,7.4,84.4,45.5,2023-10-26T05:57:18,2023-10-26T17:51:59,Light Rain,Good,Thursday,October,No,No,None,None
Kotahena Junction,2023-10-28,13:36,Minor Injury,Head-on Collision,Driver Negligence,1,Motorcycle,26-35,0,1,Low,"Kotahena Junction, Colombo, Sri Lanka","Kotahena Junction, Colombo, Sri Lanka","Kotahena St, Colombo 01300, Sri Lanka",6.9494699,79.8626776,"Rain, Partially cloudy",0.699,8.0,85.0,61.4,2023-10-28T05:57:27,2023-10-28T17:51:27,Light Rain,Good,Saturday,October,No,Yes,Vap Full Moon Poya Day,Local
"No. 78 Sir Chittampalam A Gardiner Mawatha, Colombo 02",2023-10-28,17:01,Minor Injury,Multi-vehicle Collision,Pedestrian Negligence,3,Motorcycle; Bus; Three Wheeler,56+,0,1,Moderate,"No. 78 Sir Chittampalam A Gardiner Mawatha, Colombo 02, Colombo, Sri Lanka","No. 78 Sir Chittampalam A Gardiner Mawatha, Colombo 02, Colombo, Sri Lanka","78 Sir Chittampalam A Gardiner Mawath, Colombo, Sri Lanka",6.9305753,79.84730929999999,"Rain, Partially cloudy",0.699,8.0,85.0,61.4,2023-10-28T05:57:27,2023-10-28T17:51:27,Light Rain,Good,Saturday,October,Yes,Yes,Vap Full Moon Poya Day,Local
Fort Railway Station Area,2023-10-29,12:17,Minor Injury,Motorcycle Collision,Distracted Driving,3,Motorcycle; Lorry; Car,56+,0,2,Moderate,"Fort Railway Station Area, Colombo, Sri Lanka","Fort Railway Station Area, Colombo, Sri Lanka","Fort Railway station, Colombo, Sri Lanka",6.9337011,79.85003019999999,"Rain, Partially cloudy",1.233,8.3,86.5,58.0,2023-10-29T05:57:32,2023-10-29T17:51:13,Light Rain,Good,Sunday,October,No,No,None,None
Pettah Clock Tower Area,2023-11-01,10:27,Serious Injury,Multi-vehicle Collision,Mechanical Failure,3,Car; Motorcycle; Three Wheeler,26-35,0,4,High,"Pettah Clock Tower Area, Colombo, Sri Lanka","Pettah Clock Tower Area, Colombo, Sri Lanka","Pettah, Colombo, Sri Lanka",6.9367858,79.8525385,"Rain, Partially cloudy",1.291,7.2,87.3,55.2,2023-11-01T05:57:52,2023-11-01T17:50:34,Light Rain,Good,Wednesday,November,No,No,None,None
Kotahena Junction,2023-11-02,13:40,Minor Injury,Side-impact Collision,Pedestrian Negligence,2,Three Wheeler; Motorcycle,36-45,0,3,High,"Kotahena Junction, Colombo, Sri Lanka","Kotahena Junction, Colombo, Sri Lanka","Kotahena St, Colombo 01300, Sri Lanka",6.9494699,79.8626776,"Rain, Partially cloudy",0.793,7.2,85.2,62.7,2023-11-02T05:58:00,2023-11-02T17:50:23,Light Rain,Good,Thursday,November,No,No,None,None
Second Cross Street Pettah,2023-11-04,13:11,Serious Injury,Multi-vehicle Collision,Unsafe Lane Change,4,Bicycle; Van; Car; Three Wheeler,36-45,0,4,Moderate,"Second Cross Street Pettah, Colombo, Sri Lanka","Second Cross Street Pettah, Colombo, Sri Lanka","2nd Cross Street, Colombo, Sri Lanka",6.9372138,79.8519567,"Rain, Partially cloudy",1.428,8.0,86.3,58.7,2023-11-04T05:58:19,2023-11-04T17:50:03,Light Rain,Good,Saturday,November,No,No,None,None
Marine Drive Kollupitiya,2023-11-05,09:10,Serious Injury,Pedestrian Collision,Overspeeding,2,Motorcycle; Three Wheeler,18-25,0,6,High,"Marine Drive Kollupitiya, Colombo, Sri Lanka","Marine Drive Kollupitiya, Colombo, Sri Lanka","Marine Drive, Colombo, Sri Lanka",6.9061405,79.8497258,"Rain, Partially cloudy",0.663,7.2,86.8,56.4,2023-11-05T05:58:29,2023-11-05T17:49:55,Light Rain,Good,Sunday,November,No,No,None,None
Liberty Plaza Area,2023-11-05,12:14,Minor Injury,Motorcycle Collision,Poor Visibility,2,Motorcycle; Car,46-55,0,1,Moderate,"Liberty Plaza Area, Colombo, Sri Lanka","Liberty Plaza Area, Colombo, Sri Lanka","300 Srimath Anagarika Dharmapala Mawatha, Colombo 00300, Sri Lanka",6.9118996,79.85130869999999,"Rain, Partially cloudy",0.663,7.2,86.8,56.4,2023-11-05T05:58:29,2023-11-05T17:49:55,Light Rain,Good,Sunday,November,No,No,None,None
High Level Road Kirulapone,2023-11-06,09:34,Minor Injury,Multi-vehicle Collision,Overspeeding,3,Motorcycle; Bus; Lorry,46-55,0,3,Moderate,"High Level Road Kirulapone, Colombo, Sri Lanka","High Level Road Kirulapone, Colombo, Sri Lanka","High Level Rd, Colombo, Sri Lanka",6.8775584,79.8793098,"Rain, Partially cloudy",4.384,8.2,87.3,58.6,2023-11-06T05:58:40,2023-11-06T17:49:48,Light Rain,Good,Monday,November,No,No,None,None
Kandy Road Kelaniya,2023-11-06,17:28,Minor Injury,Pedestrian Collision,Driver Negligence,1,Motorcycle,26-35,0,1,Low,"Kandy Road Kelaniya, Colombo, Sri Lanka","Kandy Road Kelaniya, Colombo, Sri Lanka","Kandy Rd, Colombo, Sri Lanka",6.9559402,79.8879039,"Rain, Partially cloudy",4.384,8.2,87.3,58.6,2023-11-06T05:58:40,2023-11-06T17:49:48,Light Rain,Good,Monday,November,Yes,No,None,None
Marine Drive Kollupitiya,2023-11-07,14:30,Minor Injury,Rear-end Collision,Reckless Driving,1,Motorcycle,56+,0,1,Moderate,"Marine Drive Kollupitiya, Colombo, Sri Lanka","Marine Drive Kollupitiya, Colombo, Sri Lanka","Marine Drive, Colombo, Sri Lanka",6.9061405,79.8497258,"Rain, Partially cloudy",2.446,7.8,88.3,59.4,2023-11-07T05:58:52,2023-11-07T17:49:41,Light Rain,Good,Tuesday,November,No,No,None,None
Pamankada Junction,2023-11-07,16:23,Serious Injury,Side-impact Collision,Driver Fatigue,3,Motorcycle; Three Wheeler; Bus,36-45,0,4,High,"Pamankada Junction, Colombo, Sri Lanka","Pamankada Junction, Colombo, Sri Lanka","Pamankada Ln, Colombo, Sri Lanka",6.8756803,79.8676529,"Rain, Partially cloudy",2.446,7.8,88.3,59.4,2023-11-07T05:58:52,2023-11-07T17:49:41,Light Rain,Good,Tuesday,November,Yes,No,None,None
Galle Road Moratuwa,2023-11-07,16:49,Serious Injury,Rear-end Collision,Failure to Yield,2,Motorcycle; Three Wheeler,26-35,0,4,High,"Galle Road Moratuwa, Colombo, Sri Lanka","Galle Road Moratuwa, Colombo, Sri Lanka","Galle Rd, Sri Lanka",6.8164799,79.8765378,"Rain, Partially cloudy",2.446,7.8,88.3,59.4,2023-11-07T05:58:52,2023-11-07T17:49:41,Light Rain,Good,Tuesday,November,Yes,No,None,None
Wellawatte Junction,2023-11-12,09:07,Fatal,Rear-end Collision,Overspeeding,1,Three Wheeler,26-35,1,1,Moderate,"Wellawatte Junction, Colombo, Sri Lanka","Wellawatte Junction, Colombo, Sri Lanka","Wellawatte, Colombo 00600, Sri Lanka",6.874092099999999,79.8604934,"Rain, Partially cloudy",1.171,7.9,89.8,65.7,2023-11-12T06:00:02,2023-11-12T17:49:24,Light Rain,Good,Sunday,November,No,Yes,Deepavali Festival Day,Local
Pettah Clock Tower Area,2023-11-15,20:54,Serious Injury,Motorcycle Collision,Driver Negligence,2,Motorcycle; Bicycle,26-35,0,3,Moderate,"Pettah Clock Tower Area, Colombo, Sri Lanka","Pettah Clock Tower Area, Colombo, Sri Lanka","Pettah, Colombo, Sri Lanka",6.9367858,79.8525385,"Rain, Partially cloudy",0.276,7.2,89.0,59.7,2023-11-15T06:00:52,2023-11-15T17:49:26,Light Rain,Good,Wednesday,November,No,No,None,None
Bauddhaloka Mawatha Cinnamon Gardens,2023-11-17,07:59,Fatal,Motorcycle Collision,Failure to Yield,2,Motorcycle; Bus,26-35,1,3,Low,"Bauddhaloka Mawatha Cinnamon Gardens, Colombo, Sri Lanka","Bauddhaloka Mawatha Cinnamon Gardens, Colombo, Sri Lanka","Bauddhaloka Mawatha, Colombo 00700, Sri Lanka",6.901932,79.8694402,"Rain, Partially cloudy",0.351,7.8,87.8,61.2,2023-11-17T06:01:30,2023-11-17T17:49:32,Light Rain,Good,Friday,November,Yes,No,None,None
Baseline Road Borella,2023-11-18,11:05,Serious Injury,Motorcycle Collision,Distracted Driving,3,Motorcycle; Bicycle; Three Wheeler,18-25,0,3,High,"Baseline Road Borella, Colombo, Sri Lanka","Baseline Road Borella, Colombo, Sri Lanka","Baseline Rd, Colombo, Sri Lanka",6.919902,79.8776917,"Rain, Partially cloudy",2.892,8.4,87.8,60.8,2023-11-18T06:01:49,2023-11-18T17:49:36,Light Rain,Good,Saturday,November,No,No,None,None
Union Place Slave Island,2023-11-18,19:58,Serious Injury,Side-impact Collision,Distracted Driving,3,Bus; Car; Three Wheeler,26-35,0,6,High,"Union Place Slave Island, Colombo, Sri Lanka","Union Place Slave Island, Colombo, Sri Lanka","Union Pl, Colombo, Sri Lanka",6.9203664,79.8578057,"Rain, Partially cloudy",2.892,8.4,87.8,60.8,2023-11-18T06:01:49,2023-11-18T17:49:36,Light Rain,Good,Saturday,November,No,No,None,None
"Junction of D S Senanayake Mawatha and Gnanartha Pradeepa Mawatha, Colombo 08",2023-11-18,20:13,Minor Injury,Motorcycle Collision,Reckless Driving,2,Motorcycle; Bicycle,36-45,0,1,Low,"Junction of D S Senanayake Mawatha and Gnanartha Pradeepa Mawatha, Colombo 08, Colombo, Sri Lanka","Junction of D S Senanayake Mawatha and Gnanartha Pradeepa Mawatha, Colombo 08, Colombo, Sri Lanka","D. S. Senanayake Mawatha & Gnanartha Pradeepa Mawatha, Colombo 00700, Sri Lanka",6.9147089,79.87752259999999,"Rain, Partially cloudy",2.892,8.4,87.8,60.8,2023-11-18T06:01:49,2023-11-18T17:49:36,Light Rain,Good,Saturday,November,No,No,None,None
Kotahena Junction,2023-11-19,20:57,Minor Injury,Multi-vehicle Collision,Poor Visibility,4,Lorry; Three Wheeler; Motorcycle; Van,56+,0,4,Moderate,"Kotahena Junction, Colombo, Sri Lanka","Kotahena Junction, Colombo, Sri Lanka","Kotahena St, Colombo 01300, Sri Lanka",6.9494699,79.8626776,"Rain, Partially cloudy",1.567,7.6,90.5,55.3,2023-11-19T06:02:10,2023-11-19T17:49:42,Light Rain,Good,Sunday,November,No,No,None,None
Galle Road Fort,2023-11-21,08:43,Serious Injury,Single Vehicle Crash,Driver Negligence,1,Car,18-25,0,6,High,"Galle Road Fort, Colombo, Sri Lanka","Galle Road Fort, Colombo, Sri Lanka","Galle Buck Rd, Colombo, Sri Lanka",6.9363912,79.8415204,"Rain, Partially cloudy",2.921,8.4,85.2,56.2,2023-11-21T06:02:53,2023-11-21T17:49:56,Light Rain,Good,Tuesday,November,Yes,No,None,None
Union Place Slave Island,2023-11-21,13:03,Fatal,Multi-vehicle Collision,Driver Negligence,3,Van; Motorcycle; Car,26-35,1,7,Moderate,"Union Place Slave Island, Colombo, Sri Lanka","Union Place Slave Island, Colombo, Sri Lanka","Union Pl, Colombo, Sri Lanka",6.9203664,79.8578057,"Rain, Partially cloudy",2.921,8.4,85.2,56.2,2023-11-21T06:02:53,2023-11-21T17:49:56,Light Rain,Good,Tuesday,November,No,No,None,None
Messenger Street Pettah,2023-11-29,18:14,Minor Injury,Side-impact Collision,Driver Negligence,2,Three Wheeler; Van,56+,0,1,Moderate,"Messenger Street Pettah, Colombo, Sri Lanka","Messenger Street Pettah, Colombo, Sri Lanka","M. J. M. Lafeer Mawatha, Colombo, Sri Lanka",6.9411356,79.8629811,"Rain, Partially cloudy",2.525,7.4,88.1,63.6,2023-11-29T06:06:07,2023-11-29T17:51:30,Light Rain,Good,Wednesday,November,Yes,No,None,None
Colombo 07 Junction,2023-11-30,14:10,Minor Injury,Single Vehicle Crash,Reckless Driving,1,Motorcycle,36-45,0,1,Low,"Colombo 07 Junction, Colombo, Sri Lanka","Colombo 07 Junction, Colombo, Sri Lanka","Colombo 07, Colombo 00700, Sri Lanka",6.9066125,79.8596227,"Rain, Partially cloudy",0.055,7.6,87.7,43.7,2023-11-30T06:06:34,2023-11-30T17:51:46,Light Rain,Good,Thursday,November,No,No,None,None
Fort Railway Station Area,2023-12-01,07:08,Fatal,Multi-vehicle Collision,Reckless Driving,3,Bicycle; Motorcycle; Bus,26-35,1,6,High,"Fort Railway Station Area, Colombo, Sri Lanka","Fort Railway Station Area, Colombo, Sri Lanka","Fort Railway station, Colombo, Sri Lanka",6.9337011,79.85003019999999,"Rain, Partially cloudy",0.156,8.2,89.5,60.1,2023-12-01T06:07:01,2023-12-01T17:52:03,Light Rain,Good,Friday,December,Yes,No,None,None
Liberty Plaza Area,2023-12-03,02:07,Minor Injury,Side-impact Collision,Distracted Driving,1,Van,46-55,0,3,High,"Liberty Plaza Area, Colombo, Sri Lanka","Liberty Plaza Area, Colombo, Sri Lanka","300 Srimath Anagarika Dharmapala Mawatha, Colombo 00300, Sri Lanka",6.9118996,79.85130869999999,"Rain, Partially cloudy",0.057,7.7,84.0,60.1,2023-12-03T06:07:57,2023-12-03T17:52:39,Light Rain,Good,Sunday,December,No,No,None,None
Mattakkuliya Junction,2023-12-03,18:53,Minor Injury,Motorcycle Collision,Unsafe Lane Change,2,Motorcycle; Van,26-35,0,3,Moderate,"Mattakkuliya Junction, Colombo, Sri Lanka","Mattakkuliya Junction, Colombo, Sri Lanka","Mattakkuliya Brg, Colombo, Sri Lanka",6.9805611,79.875318,"Rain, Partially cloudy",0.057,7.7,84.0,60.1,2023-12-03T06:07:57,2023-12-03T17:52:39,Light Rain,Good,Sunday,December,Yes,No,None,None
Maradana Junction,2023-12-09,10:44,Minor Injury,Single Vehicle Crash,Reckless Driving,1,Motorcycle,56+,0,4,Low,"Maradana Junction, Colombo, Sri Lanka","Maradana Junction, Colombo, Sri Lanka","Maradana Junction, Colombo 01000, Sri Lanka",6.928874,79.8637428,"Rain, Partially cloudy",0.295,7.6,87.6,51.2,2023-12-09T06:10:52,2023-12-09T17:54:47,Light Rain,Good,Saturday,December,No,No,None,None
"No. 15 Colvin R. de Silva Mawatha, Colombo 02",2023-12-11,16:31,Serious Injury,Pedestrian Collision,Driver Fatigue,1,Motorcycle,26-35,0,2,Moderate,"No. 15 Colvin R. de Silva Mawatha, Colombo 02, Colombo, Sri Lanka","No. 15 Colvin R. de Silva Mawatha, Colombo 02, Colombo, Sri Lanka","393/15/1/1 Dr Colvin R de Silva Mawatha, Colombo 00700, Sri Lanka",6.9199075,79.8600008,"Rain, Partially cloudy",1.037,7.8,85.8,64.9,2023-12-11T06:11:52,2023-12-11T17:55:35,Light Rain,Good,Monday,December,Yes,No,None,None
High Level Road Kirulapone,2023-12-12,07:59,Minor Injury,Pedestrian Collision,Unsafe Lane Change,1,Motorcycle,46-55,0,2,Low,"High Level Road Kirulapone, Colombo, Sri Lanka","High Level Road Kirulapone, Colombo, Sri Lanka","High Level Rd, Colombo, Sri Lanka",6.8775584,79.8793098,"Rain, Partially cloudy",1.131,7.8,84.0,57.2,2023-12-12T06:12:23,2023-12-12T17:56:00,Light Rain,Good,Tuesday,December,Yes,No,None,None
Slave Island Junction,2023-12-12,08:54,Minor Injury,Rear-end Collision,Distracted Driving,1,Three Wheeler,36-45,0,1,Low,"Slave Island Junction, Colombo, Sri Lanka","Slave Island Junction, Colombo, Sri Lanka","Kompannavidiya Flyover, Colombo, Sri Lanka",6.9266493,79.8483123,"Rain, Partially cloudy",1.131,7.8,84.0,57.2,2023-12-12T06:12:23,2023-12-12T17:56:00,Light Rain,Good,Tuesday,December,Yes,No,None,None
Modara Junction,2023-12-13,09:32,Fatal,Side-impact Collision,Distracted Driving,1,Three Wheeler,46-55,1,4,High,"Modara Junction, Colombo, Sri Lanka","Modara Junction, Colombo, Sri Lanka","Modara, Colombo, Sri Lanka",6.9669247,79.8711533,"Rain, Partially cloudy",0.012,7.7,78.1,33.3,2023-12-13T06:12:53,2023-12-13T17:56:26,Light Rain,Good,Wednesday,December,No,No,None,None
Olcott Mawatha Pettah,2023-12-14,11:04,Minor Injury,Rear-end Collision,Driver Negligence,2,Motorcycle; Bicycle,36-45,0,1,Moderate,"Olcott Mawatha Pettah, Colombo, Sri Lanka","Olcott Mawatha Pettah, Colombo, Sri Lanka","Olcott Mawatha, Colombo, Sri Lanka",6.9344449,79.8544929,"Rain, Partially cloudy",0.345,7.8,84.7,48.1,2023-12-14T06:13:24,2023-12-14T17:56:52,Light Rain,Good,Thursday,December,No,No,None,None