Location,Date of Accident,Time of Accident,Accident Severity,Collision Type,Cause of Accident,Number of Vehicles,Vehicle Types,Driver Age Group,Number of Fatalities,Number of Injuries,Property Damage Level,location_standardized,location_name,formatted_address,latitude,longitude,conditions,precip,visibility,humidity,cloudcover,sunrise,sunset,weather_condition_label,visibility_level,Week (Derived),Month (Derived),Peak Hour Indicator (Derived),Public Holiday Indicator (Derived),Public Holiday Name (Derived),Public Holiday Category (Derived)
"No. 88 Galle Road, Rathmalana",2023-12-15,09:38,Serious Injury,Motorcycle Collision,Pedestrian Negligence,2,Motorcycle; Three Wheeler,46-55,0,4,High,"No. 88 Galle Road, Rathmalana, Colombo, Sri Lanka","No. 88 Galle Road, Rathmalana, Colombo, Sri Lanka","88a Galle Rd, Dehiwala-Mount Lavinia 10350, Sri Lanka",6.8478503,79.8658834,"Rain, Partially cloudy",1.887,7.6,89.7,71.4,2023-12-15T06:13:54,2023-12-15T17:57:19,Light Rain,Good,Friday,December,No,No,None,None
Maradana Junction,2023-12-17,19:56,Serious Injury,Motorcycle Collision,Overspeeding,2,Motorcycle; Van,46-55,0,4,High,"Maradana Junction, Colombo, Sri Lanka","Maradana Junction, Colombo, Sri Lanka","Maradana Junction, Colombo 01000, Sri Lanka",6.928874,79.8637428,"Rain, Partially cloudy",0.54,7.3,86.0,56.3,2023-12-17T06:14:55,2023-12-17T17:58:14,Light Rain,Good,Sunday,December,No,No,None,None
Havelock Road Havelock Town,2023-12-19,17:40,Fatal,Rear-end Collision,Failure to Yield,2,Bicycle; Motorcycle,36-45,1,5,High,"Havelock Road Havelock Town, Colombo, Sri Lanka","Havelock Road Havelock Town, Colombo, Sri Lanka","Havelock Rd, Colombo 00500, Sri Lanka",6.8903417,79.8638234,"Rain, Partially cloudy",0.142,8.5,85.1,61.9,2023-12-19T06:15:56,2023-12-19T17:59:11,Light Rain,Good,Tuesday,December,Yes,No,None,None
Sea Street Kotahena,2023-12-21,16:25,Minor Injury,Pedestrian Collision,Unsafe Lane Change,2,Motorcycle; Three Wheeler,46-55,0,1,Low,"Sea Street Kotahena, Colombo, Sri Lanka","Sea Street Kotahena, Colombo, Sri Lanka","Sea St, Colombo 01300, Sri Lanka",6.9418464,79.8542501,"Rain, Partially cloudy",0.743,7.6,82.0,43.6,2023-12-21T06:16:57,2023-12-21T18:00:09,Light Rain,Good,Thursday,December,Yes,No,None,None
Slave Island Junction,2023-12-21,18:18,Minor Injury,Single Vehicle Crash,Overspeeding,1,Van,36-45,0,4,Low,"Slave Island Junction, Colombo, Sri Lanka","Slave Island Junction, Colombo, Sri Lanka","Kompannavidiya Flyover, Colombo, Sri Lanka",6.9266493,79.8483123,"Rain, Partially cloudy",0.743,7.6,82.0,43.6,2023-12-21T06:16:57,2023-12-21T18:00:09,Light Rain,Good,Thursday,December,Yes,No,None,None
Narahenpita Junction,2023-12-22,05:59,Minor Injury,Multi-vehicle Collision,Driver Fatigue,4,Motorcycle; Car; Lorry; Bus,46-55,0,3,High,"Narahenpita Junction, Colombo, Sri Lanka","Narahenpita Junction, Colombo, Sri Lanka","Narahenpita, Colombo 00500, Sri Lanka",6.8899209,79.8826281,Partially cloudy,0.001,8.0,75.5,41.1,2023-12-22T06:17:27,2023-12-22T18:00:39,Partially Cloudy,Good,Friday,December,No,No,None,None
Narahenpita Junction,2023-12-23,07:47,Minor Injury,Multi-vehicle Collision,Unsafe Lane Change,4,Van; Car; Three Wheeler; Bus,18-25,0,2,High,"Narahenpita Junction, Colombo, Sri Lanka","Narahenpita Junction, Colombo, Sri Lanka","Narahenpita, Colombo 00500, Sri Lanka",6.8899209,79.8826281,Partially cloudy,0.0,8.0,72.6,57.0,2023-12-23T06:17:56,2023-12-23T18:01:09,Partially Cloudy,Good,Saturday,December,Yes,No,None,None
Sir Chittampalam A Gardiner Mawatha Fort,2023-12-24,11:52,Serious Injury,Side-impact Collision,Driver Negligence,2,Motorcycle; Three Wheeler,36-45,0,2,High,"Sir Chittampalam A Gardiner Mawatha Fort, Colombo, Sri Lanka","Sir Chittampalam A Gardiner Mawatha Fort, Colombo, Sri Lanka","Sir Chittampalam A Gardiner Mawath, Colombo, Sri Lanka",6.9298377,79.8477933,"Rain, Partially cloudy",0.036,7.7,78.7,54.3,2023-12-24T06:18:26,2023-12-24T18:01:39,Light Rain,Good,Sunday,December,No,No,None,None
Duplication Junction,2023-12-25,22:28,Minor Injury,Side-impact Collision,Failure to Yield,2,Motorcycle; Three Wheeler,26-35,0,2,Low,"Duplication Junction, Colombo, Sri Lanka","Duplication Junction, Colombo, Sri Lanka","Colombo, Sri Lanka",6.9270786,79.861243,Partially cloudy,0.0,6.2,74.5,31.7,2023-12-25T06:18:55,2023-12-25T18:02:10,Partially Cloudy,Good,Monday,December,No,Yes,Christmas Day,Global
Union Place Borella,2023-12-26,08:12,Minor Injury,Rear-end Collision,Poor Visibility,3,Motorcycle; Van; Three Wheeler,36-45,0,1,Low,"Union Place Borella, Colombo, Sri Lanka","Union Place Borella, Colombo, Sri Lanka","Colombo 08, Colombo, Sri Lanka",6.9147836,79.8775951,Partially cloudy,0.0,6.2,75.4,47.3,2023-12-26T06:19:23,2023-12-26T18:02:40,Partially Cloudy,Good,Tuesday,December,Yes,Yes,Unduvap Full Moon Poya Day,Local
"No. 12 Second Cross Street, Pettah, Colombo 11",2023-12-26,08:24,Minor Injury,Motorcycle Collision,Driver Fatigue,3,Motorcycle; Three Wheeler; Lorry,26-35,0,1,Moderate,"No. 12 Second Cross Street, Pettah, Colombo 11, Colombo, Sri Lanka","No. 12 Second Cross Street, Pettah, Colombo 11, Colombo, Sri Lanka","12 2nd Cross Street, Colombo 01100, Sri Lanka",6.935164400000001,79.852597,Partially cloudy,0.0,6.2,75.4,47.3,2023-12-26T06:19:23,2023-12-26T18:02:40,Partially Cloudy,Good,Tuesday,December,Yes,Yes,Unduvap Full Moon Poya Day,Local
High Level Road Kirulapone,2023-12-26,21:47,Minor Injury,Motorcycle Collision,Driver Negligence,2,Motorcycle; Bicycle,26-35,0,3,High,"High Level Road Kirulapone, Colombo, Sri Lanka","High Level Road Kirulapone, Colombo, Sri Lanka","High Level Rd, Colombo, Sri Lanka",6.8775584,79.8793098,Partially cloudy,0.0,6.2,75.4,47.3,2023-12-26T06:19:23,2023-12-26T18:02:40,Partially Cloudy,Good,Tuesday,December,No,Yes,Unduvap Full Moon Poya Day,Local
Sea Street Pettah,2023-12-28,07:11,Fatal,Multi-vehicle Collision,Reckless Driving,4,Bicycle; Three Wheeler; Van; Motorcycle,46-55,2,7,Low,"Sea Street Pettah, Colombo, Sri Lanka","Sea Street Pettah, Colombo, Sri Lanka","Sea St, Colombo 01300, Sri Lanka",6.9418464,79.8542501,"Rain, Partially cloudy",0.399,8.0,85.5,72.5,2023-12-28T06:20:20,2023-12-28T18:03:42,Light Rain,Good,Thursday,December,Yes,No,None,None
Kollupitiya Flyover Approach,2023-12-31,00:58,Minor Injury,Multi-vehicle Collision,Overspeeding,2,Three Wheeler; Motorcycle,18-25,0,2,Moderate,"Kollupitiya Flyover Approach, Colombo, Sri Lanka","Kollupitiya Flyover Approach, Colombo, Sri Lanka","Kollupitiya, Colombo, Sri Lanka",6.912815399999999,79.8506815,"Rain, Partially cloudy",0.3,7.6,80.7,51.8,2023-12-31T06:21:41,2023-12-31T18:05:15,Light Rain,Good,Sunday,December,No,No,None,None
Kochchikade Junction,2024-01-01,15:22,Minor Injury,Motorcycle Collision,Driver Negligence,3,Motorcycle; Car; Three Wheeler,36-45,0,2,Low,"Kochchikade Junction, Colombo, Sri Lanka","Kochchikade Junction, Colombo, Sri Lanka","Colombo, Sri Lanka",6.9270786,79.861243,"Rain, Partially cloudy",0.644,6.7,88.1,71.2,2024-01-01T06:22:07,2024-01-01T18:05:46,Light Rain,Good,Monday,January,No,Yes,New Year's Day,Global
Mattakkuliya Junction,2024-01-01,18:36,Serious Injury,Motorcycle Collision,Distracted Driving,4,Motorcycle; Bicycle; Three Wheeler; Van,36-45,0,3,High,"Mattakkuliya Junction, Colombo, Sri Lanka","Mattakkuliya Junction, Colombo, Sri Lanka","Mattakkuliya Brg, Colombo, Sri Lanka",6.9805611,79.875318,"Rain, Partially cloudy",0.644,6.7,88.1,71.2,2024-01-01T06:22:07,2024-01-01T18:05:46,Light Rain,Good,Monday,January,Yes,Yes,New Year's Day,Global
Dematagoda Junction,2024-01-01,20:38,Fatal,Head-on Collision,Driver Fatigue,1,Motorcycle,36-45,2,5,High,"Dematagoda Junction, Colombo, Sri Lanka","Dematagoda Junction, Colombo, Sri Lanka","Dematagoda Pl, Colombo, Sri Lanka",6.9293231,79.8764195,"Rain, Partially cloudy",0.644,6.7,88.1,71.2,2024-01-01T06:22:07,2024-01-01T18:05:46,Light Rain,Good,Monday,January,No,Yes,New Year's Day,Global
Maradana Junction,2024-01-02,07:24,Serious Injury,Motorcycle Collision,Overspeeding,4,Motorcycle; Bicycle; Car; Bus,46-55,0,3,Moderate,"Maradana Junction, Colombo, Sri Lanka","Maradana Junction, Colombo, Sri Lanka","Maradana Junction, Colombo 01000, Sri Lanka",6.928874,79.8637428,"Rain, Partially cloudy",0.228,6.9,84.0,69.7,2024-01-02T06:22:33,2024-01-02T18:06:17,Light Rain,Good,Tuesday,January,Yes,No,None,None
Wellawatte Junction,2024-01-03,17:52,Minor Injury,Rear-end Collision,Distracted Driving,3,Car; Bicycle; Motorcycle,26-35,0,3,Low,"Wellawatte Junction, Colombo, Sri Lanka","Wellawatte Junction, Colombo, Sri Lanka","Wellawatte, Colombo 00600, Sri Lanka",6.874092099999999,79.8604934,Partially cloudy,0.001,7.6,79.0,44.8,2024-01-03T06:22:58,2024-01-03T18:06:48,Partially Cloudy,Good,Wednesday,January,Yes,No,None,None
Union Place Slave Island,2024-01-04,17:03,Minor Injury,Side-impact Collision,Mechanical Failure,2,Motorcycle; Three Wheeler,46-55,0,2,Moderate,"Union Place Slave Island, Colombo, Sri Lanka","Union Place Slave Island, Colombo, Sri Lanka","Union Pl, Colombo, Sri Lanka",6.9203664,79.8578057,Partially cloudy,0.002,7.6,80.5,41.5,2024-01-04T06:23:23,2024-01-04T18:07:19,Partially Cloudy,Good,Thursday,January,Yes,No,None,None
Maradana Junction,2024-01-05,02:01,Minor Injury,Motorcycle Collision,Driver Negligence,2,Motorcycle; Bus,26-35,0,3,Low,"Maradana Junction, Colombo, Sri Lanka","Maradana Junction, Colombo, Sri Lanka","Maradana Junction, Colombo 01000, Sri Lanka",6.928874,79.8637428,Partially cloudy,0.003,8.0,81.6,38.5,2024-01-05T06:23:46,2024-01-05T18:07:50,Partially Cloudy,Good,Friday,January,No,No,None,None
Duplication Road Bambalapitiya,2024-01-06,17:41,Minor Injury,Rear-end Collision,Overspeeding,2,Car; Motorcycle,36-45,0,2,Low,"Duplication Road Bambalapitiya, Colombo, Sri Lanka","Duplication Road Bambalapitiya, Colombo, Sri Lanka","450 E R. A. De Mel Mawatha, Colombo 00200, Sri Lanka",6.9024028,79.8545389,"Rain, Partially cloudy",0.237,7.7,84.7,59.3,2024-01-06T06:24:09,2024-01-06T18:08:20,Light Rain,Good,Saturday,January,Yes,No,None,None
Technical Junction,2024-01-07,18:56,Minor Injury,Side-impact Collision,Reckless Driving,1,Motorcycle,18-25,0,3,Moderate,"Technical Junction, Colombo, Sri Lanka","Technical Junction, Colombo, Sri Lanka","WVJ6+W69 Technical Junction, Colombo 01000, Sri Lanka",6.9322829,79.86062299999999,"Rain, Partially cloudy",2.255,7.5,86.2,63.6,2024-01-07T06:24:32,2024-01-07T18:08:51,Light Rain,Good,Sunday,January,Yes,No,None,None
Viharamahadevi Park Entrance,2024-01-09,17:40,Minor Injury,Motorcycle Collision,Driver Negligence,1,Motorcycle,26-35,0,2,Moderate,"Viharamahadevi Park Entrance, Colombo, Sri Lanka","Viharamahadevi Park Entrance, Colombo, Sri Lanka","Viharamahadevi Park, Colombo 00700, Sri Lanka",6.9142322,79.8625967,"Rain, Partially cloudy",0.206,7.9,87.3,74.7,2024-01-09T06:25:15,2024-01-09T18:09:51,Light Rain,Good,Tuesday,January,Yes,No,None,None
Galle Road Fort,2024-01-11,19:40,Minor Injury,Side-impact Collision,Driver Negligence,1,Bus,56+,0,2,Low,"Galle Road Fort, Colombo, Sri Lanka","Galle Road Fort, Colombo, Sri Lanka","Galle Buck Rd, Colombo, Sri Lanka",6.9363912,79.8415204,"Rain, Partially cloudy",0.668,7.6,81.6,59.3,2024-01-11T06:25:54,2024-01-11T18:10:49,Light Rain,Good,Thursday,January,No,No,None,None
Wellawatte Junction,2024-01-12,05:24,Minor Injury,Motorcycle Collision,Pedestrian Negligence,1,Motorcycle,26-35,0,1,Moderate,"Wellawatte Junction, Colombo, Sri Lanka","Wellawatte Junction, Colombo, Sri Lanka","Wellawatte, Colombo 00600, Sri Lanka",6.874092099999999,79.8604934,Partially cloudy,0.0,7.8,73.2,49.5,2024-01-12T06:26:13,2024-01-12T18:11:18,Partially Cloudy,Good,Friday,January,No,No,None,None
Marine Drive Kollupitiya,2024-01-17,15:02,Serious Injury,Pedestrian Collision,Distracted Driving,2,Motorcycle; Three Wheeler,56+,0,3,Moderate,"Marine Drive Kollupitiya, Colombo, Sri Lanka","Marine Drive Kollupitiya, Colombo, Sri Lanka","Marine Drive, Colombo, Sri Lanka",6.9061405,79.8497258,Partially cloudy,0.0,6.4,76.7,24.7,2024-01-17T06:27:34,2024-01-17T18:13:36,Partially Cloudy,Good,Wednesday,January,No,No,None,None
Pamankada Junction,2024-01-19,10:09,Minor Injury,Pedestrian Collision,Driver Negligence,2,Motorcycle; Three Wheeler,18-25,0,2,Moderate,"Pamankada Junction, Colombo, Sri Lanka","Pamankada Junction, Colombo, Sri Lanka","Pamankada Ln, Colombo, Sri Lanka",6.8756803,79.8676529,"Rain, Partially cloudy",2.73,7.1,82.7,54.9,2024-01-19T06:28:01,2024-01-19T18:14:28,Light Rain,Good,Friday,January,No,No,None,None
Bambalapitiya Junction,2024-01-20,18:33,Minor Injury,Motorcycle Collision,Driver Negligence,2,Motorcycle; Lorry,36-45,0,2,Moderate,"Bambalapitiya Junction, Colombo, Sri Lanka","Bambalapitiya Junction, Colombo, Sri Lanka","Bambalapitiya, Colombo 00500, Sri Lanka",6.8894192,79.8575468,"Rain, Partially cloudy",0.493,6.2,85.4,63.4,2024-01-20T06:28:12,2024-01-20T18:14:53,Light Rain,Good,Saturday,January,Yes,No,None,None
Havelock Road Havelock Town,2024-01-21,04:27,Serious Injury,Rear-end Collision,Failure to Yield,4,Motorcycle; Car; Bus; Bicycle,46-55,0,2,High,"Havelock Road Havelock Town, Colombo, Sri Lanka","Havelock Road Havelock Town, Colombo, Sri Lanka","Havelock Rd, Colombo 00500, Sri Lanka",6.8903417,79.8638234,Partially cloudy,0.0,6.6,77.2,43.9,2024-01-21T06:28:23,2024-01-21T18:15:18,Partially Cloudy,Good,Sunday,January,No,No,None,None
Slave Island Junction,2024-01-21,17:24,Serious Injury,Rear-end Collision,Failure to Yield,3,Bicycle; Three Wheeler; Car,18-25,0,2,High,"Slave Island Junction, Colombo, Sri Lanka","Slave Island Junction, Colombo, Sri Lanka","Kompannavidiya Flyover, Colombo, Sri Lanka",6.9266493,79.8483123,Partially cloudy,0.0,6.6,77.2,43.9,2024-01-21T06:28:23,2024-01-21T18:15:18,Partially Cloudy,Good,Sunday,January,Yes,No,None,None
Borella Police Area,2024-01-22,07:34,Minor Injury,Pedestrian Collision,Reckless Driving,2,Motorcycle; Bicycle,18-25,0,2,Moderate,"Borella Police Area, Colombo, Sri Lanka","Borella Police Area, Colombo, Sri Lanka","Colombo 08, Colombo, Sri Lanka",6.9147836,79.8775951,Partially cloudy,0.0,7.2,72.2,35.4,2024-01-22T06:28:33,2024-01-22T18:15:42,Partially Cloudy,Good,Monday,January,Yes,No,None,None
Messenger Street Pettah,2024-01-22,09:03,Minor Injury,Side-impact Collision,Distracted Driving,1,Bicycle,56+,0,3,Low,"Messenger Street Pettah, Colombo, Sri Lanka","Messenger Street Pettah, Colombo, Sri Lanka","M. J. M. Lafeer Mawatha, Colombo, Sri Lanka",6.9411356,79.8629811,Partially cloudy,0.0,7.2,72.2,35.4,2024-01-22T06:28:33,2024-01-22T18:15:42,Partially Cloudy,Good,Monday,January,No,No,None,None
Liberty Plaza Area,2024-01-23,17:35,Minor Injury,Multi-vehicle Collision,Overspeeding,4,Lorry; Motorcycle; Bicycle; Bus,18-25,0,4,Low,"Liberty Plaza Area, Colombo, Sri Lanka","Liberty Plaza Area, Colombo, Sri Lanka","300 Srimath Anagarika Dharmapala Mawatha, Colombo 00300, Sri Lanka",6.9118996,79.85130869999999,Partially cloudy,0.0,7.7,70.5,26.6,2024-01-23T06:28:42,2024-01-23T18:16:05,Partially Cloudy,Good,Tuesday,January,Yes,No,None,None
Bauddhaloka Mawatha Havelock Town,2024-01-23,19:41,Fatal,Motorcycle Collision,Overspeeding,3,Motorcycle; Car; Three Wheeler,18-25,1,5,Moderate,"Bauddhaloka Mawatha Havelock Town, Colombo, Sri Lanka","Bauddhaloka Mawatha Havelock Town, Colombo, Sri Lanka","Bauddhaloka Mawatha, Colombo, Sri Lanka",6.897011,79.8598172,Partially cloudy,0.0,7.7,70.5,26.6,2024-01-23T06:28:42,2024-01-23T18:16:05,Partially Cloudy,Good,Tuesday,January,No,No,None,None
Fort Railway Station Area,2024-01-26,12:09,Minor Injury,Motorcycle Collision,Driver Negligence,2,Motorcycle; Car,36-45,0,3,Low,"Fort Railway Station Area, Colombo, Sri Lanka","Fort Railway Station Area, Colombo, Sri Lanka","Fort Railway station, Colombo, Sri Lanka",6.9337011,79.85003019999999,Clear,0.0,6.7,69.9,18.1,2024-01-26T06:29:04,2024-01-26T18:17:12,Clear,Good,Friday,January,No,No,None,None
Panchikawatte,2024-01-26,17:33,Minor Injury,Motorcycle Collision,Distracted Driving,2,Motorcycle; Car,36-45,0,2,Low,"Panchikawatte, Colombo, Sri Lanka","Panchikawatte, Colombo, Sri Lanka","Panchikawatta, Colombo 01000, Sri Lanka",6.9309682,79.8639835,Clear,0.0,6.7,69.9,18.1,2024-01-26T06:29:04,2024-01-26T18:17:12,Clear,Good,Friday,January,Yes,No,None,None
Wellawatte Junction,2024-01-26,17:52,Minor Injury,Multi-vehicle Collision,Distracted Driving,3,Car; Motorcycle; Bicycle,18-25,0,4,Low,"Wellawatte Junction, Colombo, Sri Lanka","Wellawatte Junction, Colombo, Sri Lanka","Wellawatte, Colombo 00600, Sri Lanka",6.874092099999999,79.8604934,Clear,0.0,6.7,69.9,18.1,2024-01-26T06:29:04,2024-01-26T18:17:12,Clear,Good,Friday,January,Yes,No,None,None
Galle Road Wellawatte,2024-01-27,02:11,Minor Injury,Rear-end Collision,Driver Negligence,1,Motorcycle,26-35,0,4,Moderate,"Galle Road Wellawatte, Colombo, Sri Lanka","Galle Road Wellawatte, Colombo, Sri Lanka","Galle Rd, Colombo, Sri Lanka",6.8755051,79.861039,Clear,0.0,7.6,72.0,18.3,2024-01-27T06:29:09,2024-01-27T18:17:33,Clear,Good,Saturday,January,No,No,None,None
Pettah Market Area,2024-01-27,19:52,Minor Injury,Rear-end Collision,Unsafe Lane Change,2,Car; Motorcycle,36-45,0,1,Moderate,"Pettah Market Area, Colombo, Sri Lanka","Pettah Market Area, Colombo, Sri Lanka","WVP3+VMM, Keyzer St, Colombo 01100, Sri Lanka",6.937201699999999,79.854187,Clear,0.0,7.6,72.0,18.3,2024-01-27T06:29:09,2024-01-27T18:17:33,Clear,Good,Saturday,January,No,No,None,None
Galle Road Wellawatte,2024-01-28,07:10,Fatal,Pedestrian Collision,Reckless Driving,1,Bicycle,46-55,1,1,High,"Galle Road Wellawatte, Colombo, Sri Lanka","Galle Road Wellawatte, Colombo, Sri Lanka","Galle Rd, Colombo, Sri Lanka",6.8755051,79.861039,Partially cloudy,0.0,7.3,71.6,40.6,2024-01-28T06:29:13,2024-01-28T18:17:53,Partially Cloudy,Good,Sunday,January,Yes,No,None,None
Kotahena Street Colombo 13,2024-01-28,21:18,Fatal,Rear-end Collision,Reckless Driving,2,Three Wheeler; Car,46-55,1,1,High,"Kotahena Street Colombo 13, Colombo, Sri Lanka","Kotahena Street Colombo 13, Colombo, Sri Lanka","Kotahena St, Colombo 01300, Sri Lanka",6.9494699,79.8626776,Partially cloudy,0.0,7.3,71.6,40.6,2024-01-28T06:29:13,2024-01-28T18:17:53,Partially Cloudy,Good,Sunday,January,No,No,None,None
Borella Junction,2024-02-02,07:28,Minor Injury,Side-impact Collision,Drunk Driving,2,Motorcycle; Lorry,36-45,0,4,High,"Borella Junction, Colombo, Sri Lanka","Borella Junction, Colombo, Sri Lanka","18 Dr NM Perera Mawatha Rd, Colombo 00800, Sri Lanka",6.9139525,79.878481,"Rain, Partially cloudy",0.179,6.6,82.8,34.9,2024-02-02T06:29:20,2024-02-02T18:19:25,Light Rain,Good,Friday,February,Yes,No,None,None
Havelock Town Junction,2024-02-02,14:11,Serious Injury,Single Vehicle Crash,Overspeeding,1,Three Wheeler,46-55,0,4,High,"Havelock Town Junction, Colombo, Sri Lanka","Havelock Town Junction, Colombo, Sri Lanka","Havelock Town, Colombo, Sri Lanka",6.886651899999999,79.8646835,"Rain, Partially cloudy",0.179,6.6,82.8,34.9,2024-02-02T06:29:20,2024-02-02T18:19:25,Light Rain,Good,Friday,February,No,No,None,None
Maya Avenue Junction,2024-02-03,09:15,Minor Injury,Pedestrian Collision,Poor Visibility,1,Motorcycle,26-35,0,2,Moderate,"Maya Avenue Junction, Colombo, Sri Lanka","Maya Avenue Junction, Colombo, Sri Lanka","Maya Ave, Colombo 00500, Sri Lanka",6.8798254,79.870857,"Rain, Partially cloudy",0.101,5.4,82.4,30.3,2024-02-03T06:29:18,2024-02-03T18:19:41,Light Rain,Moderate,Saturday,February,No,No,None,None
Havelock Town Junction,2024-02-03,12:31,Minor Injury,Motorcycle Collision,Reckless Driving,2,Motorcycle; Car,26-35,0,1,High,"Havelock Town Junction, Colombo, Sri Lanka","Havelock Town Junction, Colombo, Sri Lanka","Havelock Town, Colombo, Sri Lanka",6.886651899999999,79.8646835,"Rain, Partially cloudy",0.101,5.4,82.4,30.3,2024-02-03T06:29:18,2024-02-03T18:19:41,Light Rain,Moderate,Saturday,February,No,No,None,None
Galle Road Fort,2024-02-04,07:26,Minor Injury,Rear-end Collision,Reckless Driving,4,Three Wheeler; Car; Bus; Motorcycle,56+,0,1,Low,"Galle Road Fort, Colombo, Sri Lanka","Galle Road Fort, Colombo, Sri Lanka","Galle Buck Rd, Colombo, Sri Lanka",6.9363912,79.8415204,Partially cloudy,0.0,6.7,77.2,49.7,2024-02-04T06:29:16,2024-02-04T18:19:57,Partially Cloudy,Good,Sunday,February,Yes,Yes,Independence Day,Local
Justice Akbar Mawatha Slave Island,2024-02-09,17:43,Minor Injury,Side-impact Collision,Driver Negligence,1,Motorcycle,46-55,0,4,Moderate,"Justice Akbar Mawatha Slave Island, Colombo, Sri Lanka","Justice Akbar Mawatha Slave Island, Colombo, Sri Lanka","Justice Akbar Mawatha, Colombo, Sri Lanka",6.9238481,79.8503668,Partially cloudy,0.0,6.0,72.6,29.9,2024-02-09T06:28:49,2024-02-09T18:21:04,Partially Cloudy,Moderate,Friday,February,Yes,No,None,None
Armour Street Junction,2024-02-09,18:33,Serious Injury,Motorcycle Collision,Driver Fatigue,2,Motorcycle; Bicycle,46-55,0,5,Moderate,"Armour Street Junction, Colombo, Sri Lanka","Armour Street Junction, Colombo, Sri Lanka","Armour St, Colombo, Sri Lanka",6.9424222,79.8637618,Partially cloudy,0.0,6.0,72.6,29.9,2024-02-09T06:28:49,2024-02-09T18:21:04,Partially Cloudy,Moderate,Friday,February,Yes,No,None,None
Hulftsdorp Junction,2024-02-12,17:14,Serious Injury,Pedestrian Collision,Pedestrian Negligence,2,Motorcycle; Three Wheeler,18-25,0,3,High,"Hulftsdorp Junction, Colombo, Sri Lanka","Hulftsdorp Junction, Colombo, Sri Lanka","Hultsdorf St, Colombo, Sri Lanka",6.9375553,79.8608161,Partially cloudy,0.0,6.9,67.6,35.8,2024-02-12T06:28:22,2024-02-12T18:21:36,Partially Cloudy,Good,Monday,February,Yes,No,None,None
Colombo Fort Bus Stand Area,2024-02-13,03:49,Serious Injury,Rear-end Collision,Failure to Yield,3,Three Wheeler; Motorcycle; Car,18-25,0,6,High,"Colombo Fort Bus Stand Area, Colombo, Sri Lanka","Colombo Fort Bus Stand Area, Colombo, Sri Lanka","WVM4+6G8 Bastian Mawatha Bus Station, Olcott Mawatha, Colombo, Sri Lanka",6.932847,79.856589,Partially cloudy,0.0,6.0,73.3,45.1,2024-02-13T06:28:12,2024-02-13T18:21:45,Partially Cloudy,Moderate,Tuesday,February,No,No,None,None
Bambalapitiya Junction,2024-02-13,11:37,Serious Injury,Motorcycle Collision,Reckless Driving,2,Motorcycle; Bus,18-25,0,4,Low,"Bambalapitiya Junction, Colombo, Sri Lanka","Bambalapitiya Junction, Colombo, Sri Lanka","Bambalapitiya, Colombo 00500, Sri Lanka",6.8894192,79.8575468,Partially cloudy,0.0,6.0,73.3,45.1,2024-02-13T06:28:12,2024-02-13T18:21:45,Partially Cloudy,Moderate,Tuesday,February,No,No,None,None
Armour Street Junction,2024-02-14,02:54,Serious Injury,Head-on Collision,Drunk Driving,2,Three Wheeler; Motorcycle,26-35,0,5,Moderate,"Armour Street Junction, Colombo, Sri Lanka","Armour Street Junction, Colombo, Sri Lanka","Armour St, Colombo, Sri Lanka",6.9424222,79.8637618,Partially cloudy,0.0,6.1,76.6,47.4,2024-02-14T06:28:00,2024-02-14T18:21:54,Partially Cloudy,Good,Wednesday,February,No,No,None,None
Modara Junction,2024-02-15,14:49,Serious Injury,Side-impact Collision,Driver Negligence,1,Car,56+,0,6,Moderate,"Modara Junction, Colombo, Sri Lanka","Modara Junction, Colombo, Sri Lanka","Modara, Colombo, Sri Lanka",6.9669247,79.8711533,Partially cloudy,0.0,6.1,76.2,43.3,2024-02-15T06:27:48,2024-02-15T18:22:02,Partially Cloudy,Good,Thursday,February,No,No,None,None
Borella Junction,2024-02-19,09:44,Serious Injury,Multi-vehicle Collision,Driver Fatigue,2,Motorcycle; Three Wheeler,56+,0,4,High,"Borella Junction, Colombo, Sri Lanka","Borella Junction, Colombo, Sri Lanka","18 Dr NM Perera Mawatha Rd, Colombo 00800, Sri Lanka",6.9139525,79.878481,Partially cloudy,0.0,5.4,77.8,24.0,2024-02-19T06:26:50,2024-02-19T18:22:27,Partially Cloudy,Moderate,Monday,February,No,No,None,None
Pettah Market Area,2024-02-20,06:04,Serious Injury,Side-impact Collision,Driver Negligence,2,Car; Motorcycle,36-45,0,2,High,"Pettah Market Area, Colombo, Sri Lanka","Pettah Market Area, Colombo, Sri Lanka","WVP3+VMM, Keyzer St, Colombo 01100, Sri Lanka",6.937201699999999,79.854187,Partially cloudy,0.0,5.8,79.1,26.2,2024-02-20T06:26:34,2024-02-20T18:22:32,Partially Cloudy,Moderate,Tuesday,February,No,No,None,None