Location,Date of Accident,Time of Accident,Accident Severity,Collision Type,Cause of Accident,Number of Vehicles,Vehicle Types,Driver Age Group,Number of Fatalities,Number of Injuries,Property Damage Level,location_standardized,location_name,formatted_address,latitude,longitude,conditions,precip,visibility,humidity,cloudcover,sunrise,sunset,weather_condition_label,visibility_level,Week (Derived),Month (Derived),Peak Hour Indicator (Derived),Public Holiday Indicator (Derived),Public Holiday Name (Derived),Public Holiday Category (Derived)
"Junction of Galle Road and Lauries Road, Colombo 04",2024-02-20,18:22,Serious Injury,Side-impact Collision,Overspeeding,2,Car; Bicycle,46-55,0,6,Moderate,"Junction of Galle Road and Lauries Road, Colombo 04, Colombo, Sri Lanka","Junction of Galle Road and Lauries Road, Colombo 04, Colombo, Sri Lanka","Lauries Rd & Galle Rd, Colombo, Sri Lanka",6.894600199999999,79.8551806,Partially cloudy,0.0,5.8,79.1,26.2,2024-02-20T06:26:34,2024-02-20T18:22:32,Partially Cloudy,Moderate,Tuesday,February,Yes,No,None,None
Marine Drive Kollupitiya,2024-02-22,06:47,Fatal,Motorcycle Collision,Reckless Driving,2,Motorcycle; Car,26-35,1,5,High,"Marine Drive Kollupitiya, Colombo, Sri Lanka","Marine Drive Kollupitiya, Colombo, Sri Lanka","Marine Drive, Colombo, Sri Lanka",6.9061405,79.8497258,Partially cloudy,0.004,6.2,77.0,38.1,2024-02-22T06:25:59,2024-02-22T18:22:40,Partially Cloudy,Good,Thursday,February,No,No,None,None
High Level Road Kirulapone,2024-02-23,09:54,Minor Injury,Motorcycle Collision,Driver Fatigue,3,Motorcycle; Bus; Bicycle,56+,0,2,Low,"High Level Road Kirulapone, Colombo, Sri Lanka","High Level Road Kirulapone, Colombo, Sri Lanka","High Level Rd, Colombo, Sri Lanka",6.8775584,79.8793098,Partially cloudy,0.0,6.4,78.4,32.2,2024-02-23T06:25:41,2024-02-23T18:22:43,Partially Cloudy,Good,Friday,February,No,Yes,Nawam Full Moon Poya Day,Local
T B Jayah Mawatha Maradana,2024-02-23,22:08,Serious Injury,Rear-end Collision,Reckless Driving,3,Lorry; Three Wheeler; Van,56+,0,6,High,"T B Jayah Mawatha Maradana, Colombo, Sri Lanka","T B Jayah Mawatha Maradana, Colombo, Sri Lanka","T. B. Jayah Mawatha, Colombo, Sri Lanka",6.9235871,79.8619082,Partially cloudy,0.0,6.4,78.4,32.2,2024-02-23T06:25:41,2024-02-23T18:22:43,Partially Cloudy,Good,Friday,February,No,Yes,Nawam Full Moon Poya Day,Local
Madampitiya Road,2024-02-25,20:18,Serious Injury,Motorcycle Collision,Driver Fatigue,2,Motorcycle; Bicycle,46-55,0,2,High,"Madampitiya Road, Colombo, Sri Lanka","Madampitiya Road, Colombo, Sri Lanka","Madampitiya Rd, Colombo, Sri Lanka",6.9624445,79.8714976,Partially cloudy,0.0,5.6,83.0,28.4,2024-02-25T06:25:02,2024-02-25T18:22:47,Partially Cloudy,Moderate,Sunday,February,No,No,None,None
Polduwa Junction,2024-02-26,14:11,Serious Injury,Multi-vehicle Collision,Reckless Driving,2,Three Wheeler; Motorcycle,18-25,0,4,High,"Polduwa Junction, Colombo, Sri Lanka","Polduwa Junction, Colombo, Sri Lanka","WW36+78R, AB15, Sri Jayawardenepura Kotte 10120, Sri Lanka",6.9032414,79.9107575,Partially cloudy,0.0,6.3,69.9,43.4,2024-02-26T06:24:42,2024-02-26T18:22:48,Partially Cloudy,Good,Monday,February,No,No,None,None
"No. 14 Bloemendhal Road, Colombo 13",2024-02-26,14:44,Minor Injury,Multi-vehicle Collision,Driver Negligence,3,Three Wheeler; Motorcycle; Van,18-25,0,3,Low,"No. 14 Bloemendhal Road, Colombo 13, Colombo, Sri Lanka","No. 14 Bloemendhal Road, Colombo 13, Colombo, Sri Lanka","14 Bloemendhal Rd, Colombo 01300, Sri Lanka",6.943982,79.8641683,Partially cloudy,0.0,6.3,69.9,43.4,2024-02-26T06:24:42,2024-02-26T18:22:48,Partially Cloudy,Good,Monday,February,No,No,None,None
Orugodawatta Junction,2024-02-27,07:15,Serious Injury,Motorcycle Collision,Overspeeding,1,Motorcycle,36-45,0,6,High,"Orugodawatta Junction, Colombo, Sri Lanka","Orugodawatta Junction, Colombo, Sri Lanka","WVWM+7XQ, Sri Lanka",6.9457149,79.8849868,Partially cloudy,0.0,6.3,64.7,34.9,2024-02-27T06:24:21,2024-02-27T18:22:49,Partially Cloudy,Good,Tuesday,February,Yes,No,None,None
Baseline Road Dematagoda,2024-02-27,15:27,Serious Injury,Motorcycle Collision,Reckless Driving,2,Motorcycle; Car,18-25,0,5,High,"Baseline Road Dematagoda, Colombo, Sri Lanka","Baseline Road Dematagoda, Colombo, Sri Lanka","Baseline Rd, Colombo, Sri Lanka",6.9341248,79.8782223,Partially cloudy,0.0,6.3,64.7,34.9,2024-02-27T06:24:21,2024-02-27T18:22:49,Partially Cloudy,Good,Tuesday,February,No,No,None,None
Sir Chittampalam A Gardiner Mawatha Fort,2024-02-28,03:34,Serious Injury,Motorcycle Collision,Pedestrian Negligence,2,Motorcycle; Lorry,36-45,0,6,High,"Sir Chittampalam A Gardiner Mawatha Fort, Colombo, Sri Lanka","Sir Chittampalam A Gardiner Mawatha Fort, Colombo, Sri Lanka","Sir Chittampalam A Gardiner Mawath, Colombo, Sri Lanka",6.9298377,79.8477933,Partially cloudy,0.0,7.6,65.5,28.4,2024-02-28T06:23:59,2024-02-28T18:22:49,Partially Cloudy,Good,Wednesday,February,No,No,None,None
Galle Road Kollupitiya,2024-02-28,12:07,Minor Injury,Head-on Collision,Distracted Driving,3,Motorcycle; Bus; Three Wheeler,36-45,0,4,Low,"Galle Road Kollupitiya, Colombo, Sri Lanka","Galle Road Kollupitiya, Colombo, Sri Lanka","Galle Rd, Colombo, Sri Lanka",6.9037968,79.8521362,Partially cloudy,0.0,7.6,65.5,28.4,2024-02-28T06:23:59,2024-02-28T18:22:49,Partially Cloudy,Good,Wednesday,February,No,No,None,None
"No. 78 High Level Road, Gangodawila, Nugegoda",2024-02-28,21:32,Serious Injury,Side-impact Collision,Overspeeding,4,Motorcycle; Three Wheeler; Van; Car,46-55,0,4,Moderate,"No. 78 High Level Road, Gangodawila, Nugegoda, Colombo, Sri Lanka","No. 78 High Level Road, Gangodawila, Nugegoda, Colombo, Sri Lanka","78 High Level Rd, Maharagama, Sri Lanka",6.8562373,79.91109449999999,Partially cloudy,0.0,7.6,65.5,28.4,2024-02-28T06:23:59,2024-02-28T18:22:49,Partially Cloudy,Good,Wednesday,February,No,No,None,None
Bauddhaloka Mawatha Cinnamon Gardens,2024-03-03,15:15,Minor Injury,Multi-vehicle Collision,Driver Negligence,2,Lorry; Three Wheeler,26-35,0,2,Low,"Bauddhaloka Mawatha Cinnamon Gardens, Colombo, Sri Lanka","Bauddhaloka Mawatha Cinnamon Gardens, Colombo, Sri Lanka","Bauddhaloka Mawatha, Colombo 00700, Sri Lanka",6.901932,79.8694402,Partially cloudy,0.0,5.9,79.5,26.0,2024-03-03T06:22:27,2024-03-03T18:22:46,Partially Cloudy,Moderate,Sunday,March,No,No,None,None
Justice Akbar Mawatha Slave Island,2024-03-07,08:34,Minor Injury,Rear-end Collision,Driver Negligence,1,Three Wheeler,56+,0,3,Low,"Justice Akbar Mawatha Slave Island, Colombo, Sri Lanka","Justice Akbar Mawatha Slave Island, Colombo, Sri Lanka","Justice Akbar Mawatha, Colombo, Sri Lanka",6.9238481,79.8503668,Partially cloudy,0.0,6.0,77.0,29.3,2024-03-07T06:20:47,2024-03-07T18:22:36,Partially Cloudy,Moderate,Thursday,March,Yes,No,None,None
Borella Junction,2024-03-13,16:33,Fatal,Side-impact Collision,Poor Visibility,2,Three Wheeler; Bicycle,36-45,1,5,Moderate,"Borella Junction, Colombo, Sri Lanka","Borella Junction, Colombo, Sri Lanka","18 Dr NM Perera Mawatha Rd, Colombo 00800, Sri Lanka",6.9139525,79.878481,Partially cloudy,0.0,5.7,77.5,27.1,2024-03-13T06:18:05,2024-03-13T18:22:11,Partially Cloudy,Moderate,Wednesday,March,Yes,No,None,None
Kotahena Junction,2024-03-15,09:41,Minor Injury,Rear-end Collision,Overspeeding,1,Motorcycle,18-25,0,2,Low,"Kotahena Junction, Colombo, Sri Lanka","Kotahena Junction, Colombo, Sri Lanka","Kotahena St, Colombo 01300, Sri Lanka",6.9494699,79.8626776,Partially cloudy,0.0,5.5,78.2,29.2,2024-03-15T06:17:08,2024-03-15T18:22:00,Partially Cloudy,Moderate,Friday,March,No,No,None,None
Liberty Plaza Area,2024-03-15,14:20,Minor Injury,Head-on Collision,Reckless Driving,2,Bicycle; Three Wheeler,26-35,0,2,Low,"Liberty Plaza Area, Colombo, Sri Lanka","Liberty Plaza Area, Colombo, Sri Lanka","300 Srimath Anagarika Dharmapala Mawatha, Colombo 00300, Sri Lanka",6.9118996,79.85130869999999,Partially cloudy,0.0,5.5,78.2,29.2,2024-03-15T06:17:08,2024-03-15T18:22:00,Partially Cloudy,Moderate,Friday,March,No,No,None,None
Wellawatte Junction,2024-03-15,17:25,Minor Injury,Rear-end Collision,Reckless Driving,2,Motorcycle; Van,46-55,0,4,Low,"Wellawatte Junction, Colombo, Sri Lanka","Wellawatte Junction, Colombo, Sri Lanka","Wellawatte, Colombo 00600, Sri Lanka",6.874092099999999,79.8604934,Partially cloudy,0.0,5.5,78.2,29.2,2024-03-15T06:17:08,2024-03-15T18:22:00,Partially Cloudy,Moderate,Friday,March,Yes,No,None,None
Kochchikade Junction,2024-03-16,05:50,Minor Injury,Head-on Collision,Distracted Driving,1,Three Wheeler,36-45,0,3,Low,"Kochchikade Junction, Colombo, Sri Lanka","Kochchikade Junction, Colombo, Sri Lanka","Colombo, Sri Lanka",6.9270786,79.861243,Partially cloudy,0.0,6.0,73.8,32.6,2024-03-16T06:16:40,2024-03-16T18:21:54,Partially Cloudy,Moderate,Saturday,March,No,No,None,None
Kochchikade Junction,2024-03-17,07:45,Serious Injury,Rear-end Collision,Overspeeding,2,Motorcycle; Three Wheeler,36-45,0,6,Low,"Kochchikade Junction, Colombo, Sri Lanka","Kochchikade Junction, Colombo, Sri Lanka","Colombo, Sri Lanka",6.9270786,79.861243,Partially cloudy,0.0,5.9,75.9,32.7,2024-03-17T06:16:11,2024-03-17T18:21:49,Partially Cloudy,Moderate,Sunday,March,Yes,No,None,None
Bauddhaloka Mawatha Havelock Town,2024-03-20,19:27,Minor Injury,Rear-end Collision,Overspeeding,2,Lorry; Bicycle,36-45,0,4,Low,"Bauddhaloka Mawatha Havelock Town, Colombo, Sri Lanka","Bauddhaloka Mawatha Havelock Town, Colombo, Sri Lanka","Bauddhaloka Mawatha, Colombo, Sri Lanka",6.897011,79.8598172,Partially cloudy,0.004,7.1,74.0,42.8,2024-03-20T06:14:44,2024-03-20T18:21:30,Partially Cloudy,Good,Wednesday,March,No,No,None,None
Fort Railway Station Area,2024-03-20,21:48,Serious Injury,Single Vehicle Crash,Distracted Driving,1,Three Wheeler,18-25,0,2,High,"Fort Railway Station Area, Colombo, Sri Lanka","Fort Railway Station Area, Colombo, Sri Lanka","Fort Railway station, Colombo, Sri Lanka",6.9337011,79.85003019999999,Partially cloudy,0.004,7.1,74.0,42.8,2024-03-20T06:14:44,2024-03-20T18:21:30,Partially Cloudy,Good,Wednesday,March,No,No,None,None
Bambalapitiya Market Area,2024-03-21,19:05,Minor Injury,Pedestrian Collision,Overspeeding,1,Motorcycle,26-35,0,2,Moderate,"Bambalapitiya Market Area, Colombo, Sri Lanka","Bambalapitiya Market Area, Colombo, Sri Lanka","Bambalapitiya, Colombo, Sri Lanka",6.904361000000001,79.8540397,Partially cloudy,0.0,5.8,76.0,51.7,2024-03-21T06:14:14,2024-03-21T18:21:24,Partially Cloudy,Moderate,Thursday,March,No,No,None,None
Kochchikade Junction,2024-03-22,07:30,Minor Injury,Motorcycle Collision,Driver Negligence,2,Motorcycle; Car,46-55,0,2,Low,"Kochchikade Junction, Colombo, Sri Lanka","Kochchikade Junction, Colombo, Sri Lanka","Colombo, Sri Lanka",6.9270786,79.861243,"Rain, Partially cloudy",0.044,6.3,81.4,66.5,2024-03-22T06:13:45,2024-03-22T18:21:18,Light Rain,Good,Friday,March,Yes,No,None,None
Dematagoda Junction,2024-03-23,09:39,Minor Injury,Single Vehicle Crash,Driver Negligence,1,Car,18-25,0,2,Low,"Dematagoda Junction, Colombo, Sri Lanka","Dematagoda Junction, Colombo, Sri Lanka","Dematagoda Pl, Colombo, Sri Lanka",6.9293231,79.8764195,"Rain, Partially cloudy",0.024,5.9,82.2,39.8,2024-03-23T06:13:15,2024-03-23T18:21:11,Light Rain,Moderate,Saturday,March,No,No,None,None
Havelock Town Junction,2024-03-23,21:15,Minor Injury,Single Vehicle Crash,Overspeeding,1,Three Wheeler,26-35,0,2,Moderate,"Havelock Town Junction, Colombo, Sri Lanka","Havelock Town Junction, Colombo, Sri Lanka","Havelock Town, Colombo, Sri Lanka",6.886651899999999,79.8646835,"Rain, Partially cloudy",0.024,5.9,82.2,39.8,2024-03-23T06:13:15,2024-03-23T18:21:11,Light Rain,Moderate,Saturday,March,No,No,None,None
Maradana Junction,2024-03-24,16:46,Minor Injury,Multi-vehicle Collision,Overspeeding,3,Car; Motorcycle; Three Wheeler,26-35,0,2,Low,"Maradana Junction, Colombo, Sri Lanka","Maradana Junction, Colombo, Sri Lanka","Maradana Junction, Colombo 01000, Sri Lanka",6.928874,79.8637428,Partially cloudy,0.008,6.3,84.8,49.9,2024-03-24T06:12:46,2024-03-24T18:21:05,Partially Cloudy,Good,Sunday,March,Yes,Yes,Medin Full Moon Poya Day,Local
Modara Junction,2024-03-28,03:16,Minor Injury,Rear-end Collision,Failure to Yield,2,Motorcycle; Lorry,18-25,0,4,Low,"Modara Junction, Colombo, Sri Lanka","Modara Junction, Colombo, Sri Lanka","Modara, Colombo, Sri Lanka",6.9669247,79.8711533,"Rain, Partially cloudy",0.265,13.9,81.8,77.7,2024-03-28T06:10:48,2024-03-28T18:20:38,Light Rain,Good,Thursday,March,No,No,None,None
Mattakkuliya Junction,2024-03-28,11:35,Minor Injury,Multi-vehicle Collision,Pedestrian Negligence,3,Bus; Car; Van,36-45,0,1,Low,"Mattakkuliya Junction, Colombo, Sri Lanka","Mattakkuliya Junction, Colombo, Sri Lanka","Mattakkuliya Brg, Colombo, Sri Lanka",6.9805611,79.875318,"Rain, Partially cloudy",0.265,13.9,81.8,77.7,2024-03-28T06:10:48,2024-03-28T18:20:38,Light Rain,Good,Thursday,March,No,No,None,None
Liberty Plaza Area,2024-03-30,14:52,Serious Injury,Side-impact Collision,Reckless Driving,1,Motorcycle,46-55,0,4,Moderate,"Liberty Plaza Area, Colombo, Sri Lanka","Liberty Plaza Area, Colombo, Sri Lanka","300 Srimath Anagarika Dharmapala Mawatha, Colombo 00300, Sri Lanka",6.9118996,79.85130869999999,"Rain, Partially cloudy",0.076,14.7,77.6,32.5,2024-03-30T06:09:49,2024-03-30T18:20:25,Light Rain,Good,Saturday,March,No,No,None,None
Havelock Place Area,2024-03-30,18:21,Serious Injury,Motorcycle Collision,Unsafe Lane Change,2,Motorcycle; Car,26-35,0,6,High,"Havelock Place Area, Colombo, Sri Lanka","Havelock Place Area, Colombo, Sri Lanka","Havelock Pl, Colombo 00500, Sri Lanka",6.8854515,79.8658603,"Rain, Partially cloudy",0.076,14.7,77.6,32.5,2024-03-30T06:09:49,2024-03-30T18:20:25,Light Rain,Good,Saturday,March,Yes,No,None,None
Sea Street Kotahena,2024-03-31,11:44,Minor Injury,Side-impact Collision,Overspeeding,4,Motorcycle; Van; Three Wheeler; Car,26-35,0,2,Moderate,"Sea Street Kotahena, Colombo, Sri Lanka","Sea Street Kotahena, Colombo, Sri Lanka","Sea St, Colombo 01300, Sri Lanka",6.9418464,79.8542501,Rain,0.051,14.2,76.9,16.8,2024-03-31T06:09:19,2024-03-31T18:20:19,Light Rain,Good,Sunday,March,No,Yes,Easter Sunday,Global
Colombo Fort Bus Stand Area,2024-03-31,18:38,Serious Injury,Multi-vehicle Collision,Driver Negligence,4,Motorcycle; Three Wheeler; Bicycle; Car,36-45,0,4,High,"Colombo Fort Bus Stand Area, Colombo, Sri Lanka","Colombo Fort Bus Stand Area, Colombo, Sri Lanka","WVM4+6G8 Bastian Mawatha Bus Station, Olcott Mawatha, Colombo, Sri Lanka",6.932847,79.856589,Rain,0.051,14.2,76.9,16.8,2024-03-31T06:09:19,2024-03-31T18:20:19,Light Rain,Good,Sunday,March,Yes,Yes,Easter Sunday,Global
Baseline Road Borella,2024-03-31,19:44,Minor Injury,Single Vehicle Crash,Unsafe Lane Change,1,Three Wheeler,18-25,0,1,Moderate,"Baseline Road Borella, Colombo, Sri Lanka","Baseline Road Borella, Colombo, Sri Lanka","Baseline Rd, Colombo, Sri Lanka",6.919902,79.8776917,Rain,0.051,14.2,76.9,16.8,2024-03-31T06:09:19,2024-03-31T18:20:19,Light Rain,Good,Sunday,March,No,Yes,Easter Sunday,Global
Angoda Junction,2024-04-01,08:00,Serious Injury,Side-impact Collision,Reckless Driving,4,Bicycle; Bus; Three Wheeler; Car,26-35,0,5,High,"Angoda Junction, Colombo, Sri Lanka","Angoda Junction, Colombo, Sri Lanka","Angoda Junction, Angoda, Sri Lanka",6.9359696,79.92568729999999,"Rain, Partially cloudy",0.04,14.7,81.6,41.3,2024-04-01T06:08:50,2024-04-01T18:20:12,Light Rain,Good,Monday,April,Yes,No,None,None
Mattakkuliya Junction,2024-04-03,14:50,Serious Injury,Single Vehicle Crash,Overspeeding,1,Motorcycle,18-25,0,6,Moderate,"Mattakkuliya Junction, Colombo, Sri Lanka","Mattakkuliya Junction, Colombo, Sri Lanka","Mattakkuliya Brg, Colombo, Sri Lanka",6.9805611,79.875318,"Rain, Partially cloudy",0.091,7.1,78.2,50.5,2024-04-03T06:07:52,2024-04-03T18:20:00,Light Rain,Good,Wednesday,April,No,No,None,None
Galle Road Dehiwela,2024-04-04,03:32,Serious Injury,Pedestrian Collision,Driver Fatigue,2,Motorcycle; Three Wheeler,26-35,0,5,High,"Galle Road Dehiwela, Colombo, Sri Lanka","Galle Road Dehiwela, Colombo, Sri Lanka","Galle Rd, Colombo, Sri Lanka",6.8880556,79.8572538,Partially cloudy,0.0,6.1,80.9,50.0,2024-04-04T06:07:24,2024-04-04T18:19:54,Partially Cloudy,Good,Thursday,April,No,No,None,None
Pettah Clock Tower Area,2024-04-04,09:34,Serious Injury,Motorcycle Collision,Driver Fatigue,2,Motorcycle; Lorry,36-45,0,5,High,"Pettah Clock Tower Area, Colombo, Sri Lanka","Pettah Clock Tower Area, Colombo, Sri Lanka","Pettah, Colombo, Sri Lanka",6.9367858,79.8525385,Partially cloudy,0.0,6.1,80.9,50.0,2024-04-04T06:07:24,2024-04-04T18:19:54,Partially Cloudy,Good,Thursday,April,No,No,None,None
Pamankada Junction,2024-04-04,19:10,Minor Injury,Multi-vehicle Collision,Failure to Yield,4,Three Wheeler; Van; Motorcycle; Car,36-45,0,3,Moderate,"Pamankada Junction, Colombo, Sri Lanka","Pamankada Junction, Colombo, Sri Lanka","Pamankada Ln, Colombo, Sri Lanka",6.8756803,79.8676529,Partially cloudy,0.0,6.1,80.9,50.0,2024-04-04T06:07:24,2024-04-04T18:19:54,Partially Cloudy,Good,Thursday,April,No,No,None,None
Modara Junction,2024-04-06,23:18,Minor Injury,Single Vehicle Crash,Driver Negligence,1,Motorcycle,26-35,0,1,High,"Modara Junction, Colombo, Sri Lanka","Modara Junction, Colombo, Sri Lanka","Modara, Colombo, Sri Lanka",6.9669247,79.8711533,Partially cloudy,0.0,6.0,81.1,34.0,2024-04-06T06:06:27,2024-04-06T18:19:42,Partially Cloudy,Moderate,Saturday,April,No,No,None,None
T B Jayah Mawatha Maradana,2024-04-07,15:50,Minor Injury,Motorcycle Collision,Driver Fatigue,2,Motorcycle; Three Wheeler,46-55,0,1,Moderate,"T B Jayah Mawatha Maradana, Colombo, Sri Lanka","T B Jayah Mawatha Maradana, Colombo, Sri Lanka","T. B. Jayah Mawatha, Colombo, Sri Lanka",6.9235871,79.8619082,Partially cloudy,0.004,6.4,80.8,49.5,2024-04-07T06:05:59,2024-04-07T18:19:37,Partially Cloudy,Good,Sunday,April,No,No,None,None
Havelock Town Junction,2024-04-08,07:14,Minor Injury,Multi-vehicle Collision,Driver Negligence,4,Three Wheeler; Car; Motorcycle; Bicycle,36-45,0,4,Low,"Havelock Town Junction, Colombo, Sri Lanka","Havelock Town Junction, Colombo, Sri Lanka","Havelock Town, Colombo, Sri Lanka",6.886651899999999,79.8646835,Partially cloudy,0.0,6.5,80.1,39.8,2024-04-08T06:05:31,2024-04-08T18:19:31,Partially Cloudy,Good,Monday,April,Yes,No,None,None
Independence Square Area,2024-04-11,19:15,Minor Injury,Rear-end Collision,Failure to Yield,2,Bus; Motorcycle,18-25,0,3,Moderate,"Independence Square Area, Colombo, Sri Lanka","Independence Square Area, Colombo, Sri Lanka","Independence Square, Colombo 00700, Sri Lanka",6.9035383,79.8681098,"Rain, Partially cloudy",0.035,6.0,84.8,54.8,2024-04-11T06:04:09,2024-04-11T18:19:17,Light Rain,Moderate,Thursday,April,No,Yes,Eid al-Fitr,Global
Mattakkuliya Junction,2024-04-12,10:48,Minor Injury,Motorcycle Collision,Driver Negligence,2,Motorcycle; Lorry,46-55,0,1,Low,"Mattakkuliya Junction, Colombo, Sri Lanka","Mattakkuliya Junction, Colombo, Sri Lanka","Mattakkuliya Brg, Colombo, Sri Lanka",6.9805611,79.875318,"Rain, Partially cloudy",0.016,6.8,87.5,51.3,2024-04-12T06:03:43,2024-04-12T18:19:13,Light Rain,Good,Friday,April,No,Yes,Day Before Sinhala and Tamil New Year,Local
Maradana Junction,2024-04-12,20:23,Minor Injury,Rear-end Collision,Failure to Yield,3,Three Wheeler; Car; Motorcycle,26-35,0,4,Low,"Maradana Junction, Colombo, Sri Lanka","Maradana Junction, Colombo, Sri Lanka","Maradana Junction, Colombo 01000, Sri Lanka",6.928874,79.8637428,"Rain, Partially cloudy",0.016,6.8,87.5,51.3,2024-04-12T06:03:43,2024-04-12T18:19:13,Light Rain,Good,Friday,April,No,Yes,Day Before Sinhala and Tamil New Year,Local
Bambalapitiya Railway Station Area,2024-04-14,07:41,Minor Injury,Rear-end Collision,Driver Negligence,1,Motorcycle,18-25,0,4,Low,"Bambalapitiya Railway Station Area, Colombo, Sri Lanka","Bambalapitiya Railway Station Area, Colombo, Sri Lanka","Bambalapitiya Railway Station, Colombo, Sri Lanka",6.8936984,79.8529574,Partially cloudy,0.004,5.7,85.4,44.4,2024-04-14T06:02:51,2024-04-14T18:19:05,Partially Cloudy,Moderate,Sunday,April,Yes,Yes,Sinhala and Tamil New Year,Local
"Junction of High Level Road and Pagoda Road, Nugegoda",2024-04-14,18:27,Minor Injury,Rear-end Collision,Overspeeding,4,Three Wheeler; Van; Motorcycle; Car,36-45,0,2,Moderate,"Junction of High Level Road and Pagoda Road, Nugegoda, Colombo, Sri Lanka","Junction of High Level Road and Pagoda Road, Nugegoda, Colombo, Sri Lanka","Pagoda Rd, Nugegoda, Sri Lanka",6.8792979,79.8947089,Partially cloudy,0.004,5.7,85.4,44.4,2024-04-14T06:02:51,2024-04-14T18:19:05,Partially Cloudy,Moderate,Sunday,April,Yes,Yes,Sinhala and Tamil New Year,Local
Bauddhaloka Mawatha Cinnamon Gardens,2024-04-15,09:23,Minor Injury,Motorcycle Collision,Overspeeding,2,Motorcycle; Car,46-55,0,1,Low,"Bauddhaloka Mawatha Cinnamon Gardens, Colombo, Sri Lanka","Bauddhaloka Mawatha Cinnamon Gardens, Colombo, Sri Lanka","Bauddhaloka Mawatha, Colombo 00700, Sri Lanka",6.901932,79.8694402,"Rain, Partially cloudy",0.126,6.3,88.7,49.6,2024-04-15T06:02:26,2024-04-15T18:19:01,Light Rain,Good,Monday,April,No,Yes,Special Public Holiday,Local
Kaduwela Junction,2024-04-16,09:09,Minor Injury,Pedestrian Collision,Driver Negligence,2,Motorcycle; Three Wheeler,36-45,0,2,Low,"Kaduwela Junction, Colombo, Sri Lanka","Kaduwela Junction, Colombo, Sri Lanka","WXPM+7MH, Kaduwela, Sri Lanka",6.9356887,79.9842292,Partially cloudy,0.0,6.2,82.4,40.0,2024-04-16T06:02:01,2024-04-16T18:18:58,Partially Cloudy,Good,Tuesday,April,No,No,None,None
Bambalapitiya Junction,2024-04-17,04:11,Serious Injury,Rear-end Collision,Reckless Driving,3,Lorry; Motorcycle; Car,36-45,0,5,High,"Bambalapitiya Junction, Colombo, Sri Lanka","Bambalapitiya Junction, Colombo, Sri Lanka","Bambalapitiya, Colombo 00500, Sri Lanka",6.8894192,79.8575468,Partially cloudy,0.0,6.4,81.9,40.3,2024-04-17T06:01:36,2024-04-17T18:18:55,Partially Cloudy,Good,Wednesday,April,No,No,None,None
Union Place Slave Island,2024-04-18,17:18,Serious Injury,Single Vehicle Crash,Driver Fatigue,1,Three Wheeler,36-45,0,5,Moderate,"Union Place Slave Island, Colombo, Sri Lanka","Union Place Slave Island, Colombo, Sri Lanka","Union Pl, Colombo, Sri Lanka",6.9203664,79.8578057,Partially cloudy,0.0,6.2,80.5,39.3,2024-04-18T06:01:12,2024-04-18T18:18:52,Partially Cloudy,Good,Thursday,April,Yes,No,None,None
Maradana Junction,2024-04-20,13:00,Minor Injury,Pedestrian Collision,Pedestrian Negligence,1,Motorcycle,18-25,0,1,Moderate,"Maradana Junction, Colombo, Sri Lanka","Maradana Junction, Colombo, Sri Lanka","Maradana Junction, Colombo 01000, Sri Lanka",6.928874,79.8637428,Partially cloudy,0.004,6.5,81.4,51.0,2024-04-20T06:00:25,2024-04-20T18:18:48,Partially Cloudy,Good,Saturday,April,No,No,None,None
Kirulapone Avenue,2024-04-22,09:29,Minor Injury,Side-impact Collision,Reckless Driving,1,Three Wheeler,26-35,0,1,Moderate,"Kirulapone Avenue, Colombo, Sri Lanka","Kirulapone Avenue, Colombo, Sri Lanka","Kirulapone Ave, Colombo 00500, Sri Lanka",6.8809572,79.8748929,Partially cloudy,0.0,5.8,83.5,57.5,2024-04-22T05:59:40,2024-04-22T18:18:46,Partially Cloudy,Moderate,Monday,April,No,No,None,None
Mahanama College Junction,2024-04-23,05:06,Fatal,Multi-vehicle Collision,Driver Fatigue,2,Car; Bus,18-25,2,7,High,"Mahanama College Junction, Colombo, Sri Lanka","Mahanama College Junction, Colombo, Sri Lanka","WV43+FW2, R. A. De Mel Mawatha, Colombo, Sri Lanka",6.9061492,79.8547687,Partially cloudy,0.004,6.1,82.9,46.0,2024-04-23T05:59:19,2024-04-23T18:18:45,Partially Cloudy,Good,Tuesday,April,No,Yes,Bak Full Moon Poya Day,Local
Union Place Slave Island,2024-04-25,07:15,Serious Injury,Multi-vehicle Collision,Distracted Driving,3,Motorcycle; Car; Lorry,18-25,0,6,High,"Union Place Slave Island, Colombo, Sri Lanka","Union Place Slave Island, Colombo, Sri Lanka","Union Pl, Colombo, Sri Lanka",6.9203664,79.8578057,Partially cloudy,0.0,5.9,84.4,38.3,2024-04-25T05:58:37,2024-04-25T18:18:45,Partially Cloudy,Moderate,Thursday,April,Yes,No,None,None