Location,Date of Accident,Time of Accident,Accident Severity,Collision Type,Cause of Accident,Number of Vehicles,Vehicle Types,Driver Age Group,Number of Fatalities,Number of Injuries,Property Damage Level,location_standardized,location_name,formatted_address,latitude,longitude,conditions,precip,visibility,humidity,cloudcover,sunrise,sunset,weather_condition_label,visibility_level,Week (Derived),Month (Derived),Peak Hour Indicator (Derived),Public Holiday Indicator (Derived),Public Holiday Name (Derived),Public Holiday Category (Derived)
Dematagoda Junction,2024-04-27,18:36,Serious Injury,Rear-end Collision,Poor Visibility,4,Bicycle; Motorcycle; Car; Three Wheeler,36-45,0,5,Moderate,"Dematagoda Junction, Colombo, Sri Lanka","Dematagoda Junction, Colombo, Sri Lanka","Dematagoda Pl, Colombo, Sri Lanka",6.9293231,79.8764195,"Rain, Partially cloudy",0.126,7.1,85.8,53.2,2024-04-27T05:57:57,2024-04-27T18:18:46,Light Rain,Good,Saturday,April,Yes,No,None,None
Hulftsdorp Junction,2024-04-27,18:51,Fatal,Motorcycle Collision,Failure to Yield,2,Motorcycle; Three Wheeler,18-25,1,1,High,"Hulftsdorp Junction, Colombo, Sri Lanka","Hulftsdorp Junction, Colombo, Sri Lanka","Hultsdorf St, Colombo, Sri Lanka",6.9375553,79.8608161,"Rain, Partially cloudy",0.126,7.1,85.8,53.2,2024-04-27T05:57:57,2024-04-27T18:18:46,Light Rain,Good,Saturday,April,Yes,No,None,None
Union Place Borella,2024-05-01,09:35,Minor Injury,Multi-vehicle Collision,Poor Visibility,4,Van; Three Wheeler; Motorcycle; Bicycle,18-25,0,4,Low,"Union Place Borella, Colombo, Sri Lanka","Union Place Borella, Colombo, Sri Lanka","Colombo 08, Colombo, Sri Lanka",6.9147836,79.8775951,"Rain, Partially cloudy",0.064,12.6,82.3,55.8,2024-05-01T05:56:46,2024-05-01T18:18:53,Light Rain,Good,Wednesday,May,No,Yes,International Workers' Day,Global
Sir Chittampalam A Gardiner Mawatha Fort,2024-05-02,07:11,Minor Injury,Rear-end Collision,Reckless Driving,4,Lorry; Motorcycle; Three Wheeler; Car,18-25,0,2,Low,"Sir Chittampalam A Gardiner Mawatha Fort, Colombo, Sri Lanka","Sir Chittampalam A Gardiner Mawatha Fort, Colombo, Sri Lanka","Sir Chittampalam A Gardiner Mawath, Colombo, Sri Lanka",6.9298377,79.8477933,Partially cloudy,0.0,7.7,83.2,46.1,2024-05-02T05:56:30,2024-05-02T18:18:56,Partially Cloudy,Good,Thursday,May,Yes,No,None,None
Kochchikade Junction,2024-05-03,17:05,Serious Injury,Motorcycle Collision,Driver Fatigue,2,Motorcycle; Bus,36-45,0,6,Moderate,"Kochchikade Junction, Colombo, Sri Lanka","Kochchikade Junction, Colombo, Sri Lanka","Colombo, Sri Lanka",6.9270786,79.861243,Partially cloudy,0.0,5.9,82.7,41.7,2024-05-03T05:56:14,2024-05-03T18:19:00,Partially Cloudy,Moderate,Friday,May,Yes,No,None,None
Peliyagoda Junction,2024-05-05,15:13,Serious Injury,Pedestrian Collision,Overspeeding,2,Car; Three Wheeler,26-35,0,5,High,"Peliyagoda Junction, Colombo, Sri Lanka","Peliyagoda Junction, Colombo, Sri Lanka","Colombo, Sri Lanka",6.9270786,79.861243,Partially cloudy,0.0,6.1,82.0,46.7,2024-05-05T05:55:45,2024-05-05T18:19:08,Partially Cloudy,Good,Sunday,May,No,No,None,None
Union Place Slave Island,2024-05-07,18:09,Minor Injury,Head-on Collision,Driver Fatigue,3,Car; Bicycle; Motorcycle,18-25,0,3,High,"Union Place Slave Island, Colombo, Sri Lanka","Union Place Slave Island, Colombo, Sri Lanka","Union Pl, Colombo, Sri Lanka",6.9203664,79.8578057,"Rain, Partially cloudy",0.028,6.5,84.4,52.1,2024-05-07T05:55:18,2024-05-07T18:19:18,Light Rain,Good,Tuesday,May,Yes,No,None,None
Bambalapitiya Junction,2024-05-09,16:56,Serious Injury,Rear-end Collision,Driver Negligence,1,Three Wheeler,18-25,0,3,High,"Bambalapitiya Junction, Colombo, Sri Lanka","Bambalapitiya Junction, Colombo, Sri Lanka","Bambalapitiya, Colombo 00500, Sri Lanka",6.8894192,79.8575468,"Rain, Partially cloudy",0.028,6.8,85.3,59.5,2024-05-09T05:54:54,2024-05-09T18:19:30,Light Rain,Good,Thursday,May,Yes,No,None,None
"No. 23 Kynsey Road, Colombo 08",2024-05-11,14:35,Minor Injury,Rear-end Collision,Overspeeding,1,Bicycle,18-25,0,3,Low,"No. 23 Kynsey Road, Colombo 08, Colombo, Sri Lanka","No. 23 Kynsey Road, Colombo 08, Colombo, Sri Lanka","23 Kynsey Rd, Colombo 01000, Sri Lanka",6.9204655,79.8696448,"Rain, Partially cloudy",0.051,6.9,83.1,45.0,2024-05-11T05:54:33,2024-05-11T18:19:43,Light Rain,Good,Saturday,May,No,No,None,None
Sea Street Kotahena,2024-05-13,18:38,Minor Injury,Head-on Collision,Driver Negligence,1,Three Wheeler,26-35,0,2,High,"Sea Street Kotahena, Colombo, Sri Lanka","Sea Street Kotahena, Colombo, Sri Lanka","Sea St, Colombo 01300, Sri Lanka",6.9418464,79.8542501,"Rain, Partially cloudy",0.083,6.5,81.8,37.0,2024-05-13T05:54:15,2024-05-13T18:19:58,Light Rain,Good,Monday,May,Yes,No,None,None
Bauddhaloka Mawatha Cinnamon Gardens,2024-05-15,21:53,Minor Injury,Multi-vehicle Collision,Distracted Driving,2,Car; Motorcycle,46-55,0,1,Moderate,"Bauddhaloka Mawatha Cinnamon Gardens, Colombo, Sri Lanka","Bauddhaloka Mawatha Cinnamon Gardens, Colombo, Sri Lanka","Bauddhaloka Mawatha, Colombo 00700, Sri Lanka",6.901932,79.8694402,"Rain, Partially cloudy",0.039,6.4,83.8,47.9,2024-05-15T05:53:59,2024-05-15T18:20:15,Light Rain,Good,Wednesday,May,No,No,None,None
High Level Road Kirulapone,2024-05-17,07:19,Minor Injury,Rear-end Collision,Overspeeding,4,Motorcycle; Car; Bus; Van,56+,0,4,Moderate,"High Level Road Kirulapone, Colombo, Sri Lanka","High Level Road Kirulapone, Colombo, Sri Lanka","High Level Rd, Colombo, Sri Lanka",6.8775584,79.8793098,"Rain, Partially cloudy",0.016,5.9,91.4,47.1,2024-05-17T05:53:47,2024-05-17T18:20:33,Light Rain,Moderate,Friday,May,Yes,No,None,None
Pettah Clock Tower Area,2024-05-17,09:46,Minor Injury,Side-impact Collision,Distracted Driving,3,Motorcycle; Van; Car,46-55,0,2,High,"Pettah Clock Tower Area, Colombo, Sri Lanka","Pettah Clock Tower Area, Colombo, Sri Lanka","Pettah, Colombo, Sri Lanka",6.9367858,79.8525385,"Rain, Partially cloudy",0.016,5.9,91.4,47.1,2024-05-17T05:53:47,2024-05-17T18:20:33,Light Rain,Moderate,Friday,May,No,No,None,None
Slave Island Junction,2024-05-18,11:56,Minor Injury,Motorcycle Collision,Overspeeding,2,Motorcycle; Bicycle,26-35,0,1,Low,"Slave Island Junction, Colombo, Sri Lanka","Slave Island Junction, Colombo, Sri Lanka","Kompannavidiya Flyover, Colombo, Sri Lanka",6.9266493,79.8483123,"Rain, Partially cloudy",0.138,5.1,90.1,56.3,2024-05-18T05:53:42,2024-05-18T18:20:43,Light Rain,Moderate,Saturday,May,No,No,None,None
Havelock Town Junction,2024-05-19,10:24,Serious Injury,Pedestrian Collision,Distracted Driving,2,Motorcycle; Three Wheeler,26-35,0,3,High,"Havelock Town Junction, Colombo, Sri Lanka","Havelock Town Junction, Colombo, Sri Lanka","Havelock Town, Colombo, Sri Lanka",6.886651899999999,79.8646835,"Rain, Partially cloudy",0.476,4.8,95.1,73.8,2024-05-19T05:53:37,2024-05-19T18:20:54,Light Rain,Moderate,Sunday,May,No,No,None,None
Pettah Clock Tower Area,2024-05-20,11:39,Minor Injury,Multi-vehicle Collision,Unsafe Lane Change,4,Motorcycle; Three Wheeler; Bicycle; Bus,36-45,0,1,Low,"Pettah Clock Tower Area, Colombo, Sri Lanka","Pettah Clock Tower Area, Colombo, Sri Lanka","Pettah, Colombo, Sri Lanka",6.9367858,79.8525385,"Rain, Partially cloudy",0.208,5.6,92.3,74.2,2024-05-20T05:53:33,2024-05-20T18:21:04,Light Rain,Moderate,Monday,May,No,No,None,None
Bauddhaloka Mawatha Cinnamon Gardens,2024-05-20,12:22,Minor Injury,Pedestrian Collision,Overspeeding,1,Three Wheeler,26-35,0,2,Low,"Bauddhaloka Mawatha Cinnamon Gardens, Colombo, Sri Lanka","Bauddhaloka Mawatha Cinnamon Gardens, Colombo, Sri Lanka","Bauddhaloka Mawatha, Colombo 00700, Sri Lanka",6.901932,79.8694402,"Rain, Partially cloudy",0.208,5.6,92.3,74.2,2024-05-20T05:53:33,2024-05-20T18:21:04,Light Rain,Moderate,Monday,May,No,No,None,None
Galle Road Fort,2024-05-20,17:01,Minor Injury,Pedestrian Collision,Overspeeding,1,Motorcycle,36-45,0,2,Low,"Galle Road Fort, Colombo, Sri Lanka","Galle Road Fort, Colombo, Sri Lanka","Galle Buck Rd, Colombo, Sri Lanka",6.9363912,79.8415204,"Rain, Partially cloudy",0.208,5.6,92.3,74.2,2024-05-20T05:53:33,2024-05-20T18:21:04,Light Rain,Moderate,Monday,May,Yes,No,None,None
"Junction of Baseline Road and Elvitigala Mawatha, Colombo 08",2024-05-22,09:01,Serious Injury,Motorcycle Collision,Driver Negligence,3,Motorcycle; Car; Bicycle,26-35,0,2,High,"Junction of Baseline Road and Elvitigala Mawatha, Colombo 08, Colombo, Sri Lanka","Junction of Baseline Road and Elvitigala Mawatha, Colombo 08, Colombo, Sri Lanka","Elvitigala Mawatha, Colombo, Sri Lanka",6.9040558,79.8772209,"Rain, Partially cloudy",0.036,6.2,85.2,65.8,2024-05-22T05:53:28,2024-05-22T18:21:26,Light Rain,Good,Wednesday,May,No,No,None,None
Union Place Borella,2024-05-22,09:27,Minor Injury,Rear-end Collision,Reckless Driving,2,Motorcycle; Bicycle,18-25,0,2,Moderate,"Union Place Borella, Colombo, Sri Lanka","Union Place Borella, Colombo, Sri Lanka","Colombo 08, Colombo, Sri Lanka",6.9147836,79.8775951,"Rain, Partially cloudy",0.036,6.2,85.2,65.8,2024-05-22T05:53:28,2024-05-22T18:21:26,Light Rain,Good,Wednesday,May,No,No,None,None
Duplication Road Bambalapitiya,2024-05-24,22:23,Minor Injury,Multi-vehicle Collision,Drunk Driving,2,Three Wheeler; Van,46-55,0,2,Moderate,"Duplication Road Bambalapitiya, Colombo, Sri Lanka","Duplication Road Bambalapitiya, Colombo, Sri Lanka","450 E R. A. De Mel Mawatha, Colombo 00200, Sri Lanka",6.9024028,79.8545389,"Rain, Partially cloudy",0.185,6.1,85.1,70.4,2024-05-24T05:53:26,2024-05-24T18:21:50,Light Rain,Good,Friday,May,No,Yes,Day Following Vesak Full Moon Poya Day,Local
Kotahena Junction,2024-05-26,17:13,Fatal,Head-on Collision,Overspeeding,1,Three Wheeler,26-35,1,2,High,"Kotahena Junction, Colombo, Sri Lanka","Kotahena Junction, Colombo, Sri Lanka","Kotahena St, Colombo 01300, Sri Lanka",6.9494699,79.8626776,Partially cloudy,0.0,5.6,86.4,78.3,2024-05-26T05:53:26,2024-05-26T18:22:15,Partially Cloudy,Moderate,Sunday,May,Yes,No,None,None
Union Place,2024-05-30,14:43,Minor Injury,Multi-vehicle Collision,Unsafe Lane Change,3,Bicycle; Van; Motorcycle,26-35,0,4,Low,"Union Place, Colombo, Sri Lanka","Union Place, Colombo, Sri Lanka","Union Place, Colombo, Sri Lanka",6.922958299999999,79.8523572,"Rain, Partially cloudy",0.106,6.8,76.3,80.7,2024-05-30T05:53:34,2024-05-30T18:23:07,Light Rain,Good,Thursday,May,No,No,None,None
Madampitiya Road,2024-05-30,16:59,Minor Injury,Rear-end Collision,Driver Negligence,4,Car; Motorcycle; Bicycle; Three Wheeler,26-35,0,1,Low,"Madampitiya Road, Colombo, Sri Lanka","Madampitiya Road, Colombo, Sri Lanka","Madampitiya Rd, Colombo, Sri Lanka",6.9624445,79.8714976,"Rain, Partially cloudy",0.106,6.8,76.3,80.7,2024-05-30T05:53:34,2024-05-30T18:23:07,Light Rain,Good,Thursday,May,Yes,No,None,None
Kotahena Junction,2024-05-31,15:14,Fatal,Multi-vehicle Collision,Driver Fatigue,4,Bus; Three Wheeler; Car; Motorcycle,18-25,2,4,High,"Kotahena Junction, Colombo, Sri Lanka","Kotahena Junction, Colombo, Sri Lanka","Kotahena St, Colombo 01300, Sri Lanka",6.9494699,79.8626776,Partially cloudy,0.0,6.8,79.2,85.4,2024-05-31T05:53:38,2024-05-31T18:23:21,Partially Cloudy,Good,Friday,May,No,No,None,None
Sea Street Junction,2024-05-31,21:35,Minor Injury,Rear-end Collision,Overspeeding,2,Lorry; Three Wheeler,26-35,0,3,Low,"Sea Street Junction, Colombo, Sri Lanka","Sea Street Junction, Colombo, Sri Lanka","Sea St, Colombo 01300, Sri Lanka",6.9418464,79.8542501,Partially cloudy,0.0,6.8,79.2,85.4,2024-05-31T05:53:38,2024-05-31T18:23:21,Partially Cloudy,Good,Friday,May,No,No,None,None
Borella Junction,2024-06-05,19:57,Minor Injury,Rear-end Collision,Distracted Driving,2,Three Wheeler; Motorcycle,46-55,0,4,Low,"Borella Junction, Colombo, Sri Lanka","Borella Junction, Colombo, Sri Lanka","18 Dr NM Perera Mawatha Rd, Colombo 00800, Sri Lanka",6.9139525,79.878481,Partially cloudy,0.005,7.5,78.3,56.1,2024-06-05T05:54:05,2024-06-05T18:24:32,Partially Cloudy,Good,Wednesday,June,No,No,None,None
"No. 12 Buller's Road, Colombo 07",2024-06-06,10:49,Minor Injury,Rear-end Collision,Distracted Driving,4,Three Wheeler; Car; Motorcycle; Van,26-35,0,1,Moderate,"No. 12 Buller's Road, Colombo 07, Colombo, Sri Lanka","No. 12 Buller's Road, Colombo 07, Colombo, Sri Lanka","12 Bauddhaloka Mawatha, Colombo 00500, Sri Lanka",6.897968,79.86082119999999,Partially cloudy,0.001,7.6,78.8,64.6,2024-06-06T05:54:12,2024-06-06T18:24:47,Partially Cloudy,Good,Thursday,June,No,No,None,None
Colombo 07 Junction,2024-06-06,23:08,Serious Injury,Multi-vehicle Collision,Reckless Driving,4,Car; Bicycle; Three Wheeler; Motorcycle,26-35,0,2,High,"Colombo 07 Junction, Colombo, Sri Lanka","Colombo 07 Junction, Colombo, Sri Lanka","Colombo 07, Colombo 00700, Sri Lanka",6.9066125,79.8596227,Partially cloudy,0.001,7.6,78.8,64.6,2024-06-06T05:54:12,2024-06-06T18:24:47,Partially Cloudy,Good,Thursday,June,No,No,None,None
D R Wijewardena Mawatha Fort,2024-06-07,08:22,Minor Injury,Multi-vehicle Collision,Distracted Driving,3,Three Wheeler; Bus; Car,46-55,0,1,Low,"D R Wijewardena Mawatha Fort, Colombo, Sri Lanka","D R Wijewardena Mawatha Fort, Colombo, Sri Lanka","McCallum Rd, Colombo, Sri Lanka",6.9324236,79.8505139,"Rain, Partially cloudy",0.047,6.9,83.3,75.5,2024-06-07T05:54:20,2024-06-07T18:25:01,Light Rain,Good,Friday,June,Yes,No,None,None
Maradana Junction,2024-06-07,16:45,Fatal,Multi-vehicle Collision,Drunk Driving,4,Three Wheeler; Motorcycle; Car; Bicycle,18-25,2,8,High,"Maradana Junction, Colombo, Sri Lanka","Maradana Junction, Colombo, Sri Lanka","Maradana Junction, Colombo 01000, Sri Lanka",6.928874,79.8637428,"Rain, Partially cloudy",0.047,6.9,83.3,75.5,2024-06-07T05:54:20,2024-06-07T18:25:01,Light Rain,Good,Friday,June,Yes,No,None,None
Wattala Junction,2024-06-08,19:52,Minor Injury,Motorcycle Collision,Reckless Driving,2,Motorcycle; Van,18-25,0,1,Low,"Wattala Junction, Colombo, Sri Lanka","Wattala Junction, Colombo, Sri Lanka","Wattala Junction, Negombo - Colombo Main Rd, Wattala 11300, Sri Lanka",6.9780099,79.8891664,"Rain, Partially cloudy",0.943,7.5,78.3,73.5,2024-06-08T05:54:28,2024-06-08T18:25:16,Light Rain,Good,Saturday,June,No,No,None,None
Bambalapitiya Junction,2024-06-09,12:50,Serious Injury,Multi-vehicle Collision,Overspeeding,4,Car; Three Wheeler; Motorcycle; Bus,26-35,0,6,Moderate,"Bambalapitiya Junction, Colombo, Sri Lanka","Bambalapitiya Junction, Colombo, Sri Lanka","Bambalapitiya, Colombo 00500, Sri Lanka",6.8894192,79.8575468,"Rain, Partially cloudy",0.053,9.1,84.9,79.0,2024-06-09T05:54:37,2024-06-09T18:25:31,Light Rain,Good,Sunday,June,No,No,None,None
Borella Junction,2024-06-13,12:33,Serious Injury,Rear-end Collision,Driver Fatigue,3,Motorcycle; Car; Lorry,18-25,0,2,High,"Borella Junction, Colombo, Sri Lanka","Borella Junction, Colombo, Sri Lanka","18 Dr NM Perera Mawatha Rd, Colombo 00800, Sri Lanka",6.9139525,79.878481,"Rain, Partially cloudy",0.021,7.3,80.6,73.4,2024-06-13T05:55:16,2024-06-13T18:26:29,Light Rain,Good,Thursday,June,No,No,None,None
"No. 9 Thimbirigasyaya Road, Colombo 05",2024-06-14,08:54,Minor Injury,Single Vehicle Crash,Pedestrian Negligence,1,Three Wheeler,26-35,0,4,Low,"No. 9 Thimbirigasyaya Road, Colombo 05, Colombo, Sri Lanka","No. 9 Thimbirigasyaya Road, Colombo 05, Colombo, Sri Lanka","9 Thimbirigasyaya Rd, Colombo 00500, Sri Lanka",6.894595499999999,79.8708351,Partially cloudy,0.0,6.8,75.8,53.4,2024-06-14T05:55:27,2024-06-14T18:26:43,Partially Cloudy,Good,Friday,June,Yes,No,None,None
Union Place Borella,2024-06-14,09:42,Minor Injury,Side-impact Collision,Driver Negligence,2,Lorry; Bicycle,18-25,0,1,Low,"Union Place Borella, Colombo, Sri Lanka","Union Place Borella, Colombo, Sri Lanka","Colombo 08, Colombo, Sri Lanka",6.9147836,79.8775951,Partially cloudy,0.0,6.8,75.8,53.4,2024-06-14T05:55:27,2024-06-14T18:26:43,Partially Cloudy,Good,Friday,June,No,No,None,None
T B Jayah Mawatha Maradana,2024-06-17,15:53,Minor Injury,Motorcycle Collision,Unsafe Lane Change,2,Motorcycle; Bicycle,26-35,0,1,High,"T B Jayah Mawatha Maradana, Colombo, Sri Lanka","T B Jayah Mawatha Maradana, Colombo, Sri Lanka","T. B. Jayah Mawatha, Colombo, Sri Lanka",6.9235871,79.8619082,"Rain, Partially cloudy",0.017,6.4,78.6,49.2,2024-06-17T05:56:02,2024-06-17T18:27:26,Light Rain,Good,Monday,June,No,Yes,Eid al-Adha,Global
Dematagoda Junction,2024-06-18,14:18,Serious Injury,Single Vehicle Crash,Overspeeding,1,Three Wheeler,18-25,0,6,High,"Dematagoda Junction, Colombo, Sri Lanka","Dematagoda Junction, Colombo, Sri Lanka","Dematagoda Pl, Colombo, Sri Lanka",6.9293231,79.8764195,"Rain, Partially cloudy",0.196,7.2,80.1,57.4,2024-06-18T05:56:14,2024-06-18T18:27:39,Light Rain,Good,Tuesday,June,No,No,None,None
Armour Street Junction,2024-06-18,17:44,Minor Injury,Motorcycle Collision,Unsafe Lane Change,2,Motorcycle; Three Wheeler,56+,0,3,Low,"Armour Street Junction, Colombo, Sri Lanka","Armour Street Junction, Colombo, Sri Lanka","Armour St, Colombo, Sri Lanka",6.9424222,79.8637618,"Rain, Partially cloudy",0.196,7.2,80.1,57.4,2024-06-18T05:56:14,2024-06-18T18:27:39,Light Rain,Good,Tuesday,June,Yes,No,None,None
Borella Junction,2024-06-20,09:38,Minor Injury,Side-impact Collision,Distracted Driving,1,Three Wheeler,26-35,0,2,Low,"Borella Junction, Colombo, Sri Lanka","Borella Junction, Colombo, Sri Lanka","18 Dr NM Perera Mawatha Rd, Colombo 00800, Sri Lanka",6.9139525,79.878481,"Rain, Partially cloudy",0.369,7.0,82.9,84.2,2024-06-20T05:56:39,2024-06-20T18:28:06,Light Rain,Good,Thursday,June,No,No,None,None
Fort Railway Station Area,2024-06-20,17:32,Minor Injury,Motorcycle Collision,Poor Visibility,4,Motorcycle; Bus; Three Wheeler; Bicycle,46-55,0,2,Low,"Fort Railway Station Area, Colombo, Sri Lanka","Fort Railway Station Area, Colombo, Sri Lanka","Fort Railway station, Colombo, Sri Lanka",6.9337011,79.85003019999999,"Rain, Partially cloudy",0.369,7.0,82.9,84.2,2024-06-20T05:56:39,2024-06-20T18:28:06,Light Rain,Good,Thursday,June,Yes,No,None,None
Rajagiriya Junction,2024-06-20,23:39,Minor Injury,Rear-end Collision,Distracted Driving,1,Motorcycle,26-35,0,1,High,"Rajagiriya Junction, Colombo, Sri Lanka","Rajagiriya Junction, Colombo, Sri Lanka","Rajagiriya Rd, Sri Lanka",6.91574,79.8957611,"Rain, Partially cloudy",0.369,7.0,82.9,84.2,2024-06-20T05:56:39,2024-06-20T18:28:06,Light Rain,Good,Thursday,June,No,No,None,None
Pettah Clock Tower Area,2024-06-21,11:35,Serious Injury,Rear-end Collision,Poor Visibility,3,Bus; Bicycle; Van,26-35,0,4,Moderate,"Pettah Clock Tower Area, Colombo, Sri Lanka","Pettah Clock Tower Area, Colombo, Sri Lanka","Pettah, Colombo, Sri Lanka",6.9367858,79.8525385,"Rain, Partially cloudy",0.523,6.7,80.1,59.5,2024-06-21T05:56:52,2024-06-21T18:28:19,Light Rain,Good,Friday,June,No,Yes,Poson Full Moon Poya Day,Local
Sea Street Pettah,2024-06-21,19:24,Minor Injury,Multi-vehicle Collision,Reckless Driving,3,Bus; Three Wheeler; Car,26-35,0,3,Low,"Sea Street Pettah, Colombo, Sri Lanka","Sea Street Pettah, Colombo, Sri Lanka","Sea St, Colombo 01300, Sri Lanka",6.9418464,79.8542501,"Rain, Partially cloudy",0.523,6.7,80.1,59.5,2024-06-21T05:56:52,2024-06-21T18:28:19,Light Rain,Good,Friday,June,No,Yes,Poson Full Moon Poya Day,Local
T B Jayah Mawatha Maradana,2024-06-22,17:56,Minor Injury,Pedestrian Collision,Poor Visibility,1,Motorcycle,56+,0,1,Low,"T B Jayah Mawatha Maradana, Colombo, Sri Lanka","T B Jayah Mawatha Maradana, Colombo, Sri Lanka","T. B. Jayah Mawatha, Colombo, Sri Lanka",6.9235871,79.8619082,"Rain, Partially cloudy",0.052,7.1,73.9,59.7,2024-06-22T05:57:05,2024-06-22T18:28:32,Light Rain,Good,Saturday,June,Yes,No,None,None
Slave Island Junction,2024-06-22,22:58,Minor Injury,Multi-vehicle Collision,Distracted Driving,4,Three Wheeler; Bus; Lorry; Motorcycle,18-25,0,2,High,"Slave Island Junction, Colombo, Sri Lanka","Slave Island Junction, Colombo, Sri Lanka","Kompannavidiya Flyover, Colombo, Sri Lanka",6.9266493,79.8483123,"Rain, Partially cloudy",0.052,7.1,73.9,59.7,2024-06-22T05:57:05,2024-06-22T18:28:32,Light Rain,Good,Saturday,June,No,No,None,None
D R Wijewardena Mawatha Dematagoda,2024-06-23,18:49,Serious Injury,Motorcycle Collision,Driver Negligence,2,Motorcycle; Van,36-45,0,3,High,"D R Wijewardena Mawatha Dematagoda, Colombo, Sri Lanka","D R Wijewardena Mawatha Dematagoda, Colombo, Sri Lanka","McCallum Rd, Colombo, Sri Lanka",6.9315143,79.8545206,"Rain, Partially cloudy",0.257,7.1,75.3,66.7,2024-06-23T05:57:19,2024-06-23T18:28:44,Light Rain,Good,Sunday,June,Yes,No,None,None
High Level Road Kirulapone,2024-06-23,19:53,Serious Injury,Head-on Collision,Failure to Yield,2,Van; Three Wheeler,26-35,0,5,High,"High Level Road Kirulapone, Colombo, Sri Lanka","High Level Road Kirulapone, Colombo, Sri Lanka","High Level Rd, Colombo, Sri Lanka",6.8775584,79.8793098,"Rain, Partially cloudy",0.257,7.1,75.3,66.7,2024-06-23T05:57:19,2024-06-23T18:28:44,Light Rain,Good,Sunday,June,No,No,None,None
Borella Police Area,2024-06-25,10:21,Minor Injury,Rear-end Collision,Driver Negligence,1,Motorcycle,26-35,0,3,Low,"Borella Police Area, Colombo, Sri Lanka","Borella Police Area, Colombo, Sri Lanka","Colombo 08, Colombo, Sri Lanka",6.9147836,79.8775951,"Rain, Partially cloudy",1.76,6.7,85.8,83.3,2024-06-25T05:57:46,2024-06-25T18:29:08,Light Rain,Good,Tuesday,June,No,No,None,None
Pettah Clock Tower Area,2024-06-27,11:43,Minor Injury,Multi-vehicle Collision,Driver Fatigue,4,Three Wheeler; Bicycle; Motorcycle; Bus,26-35,0,3,High,"Pettah Clock Tower Area, Colombo, Sri Lanka","Pettah Clock Tower Area, Colombo, Sri Lanka","Pettah, Colombo, Sri Lanka",6.9367858,79.8525385,"Rain, Partially cloudy",0.042,8.0,83.7,58.5,2024-06-27T05:58:14,2024-06-27T18:29:30,Light Rain,Good,Thursday,June,No,No,None,None
Borella Junction,2024-06-29,07:18,Fatal,Motorcycle Collision,Reckless Driving,2,Motorcycle; Bicycle,18-25,1,4,Moderate,"Borella Junction, Colombo, Sri Lanka","Borella Junction, Colombo, Sri Lanka","18 Dr NM Perera Mawatha Rd, Colombo 00800, Sri Lanka",6.9139525,79.878481,Partially cloudy,0.002,7.8,76.8,52.5,2024-06-29T05:58:41,2024-06-29T18:29:51,Partially Cloudy,Good,Saturday,June,Yes,No,None,None
Pettah Market Area,2024-07-01,07:05,Minor Injury,Multi-vehicle Collision,Driver Fatigue,4,Van; Three Wheeler; Bicycle; Motorcycle,46-55,0,2,Moderate,"Pettah Market Area, Colombo, Sri Lanka","Pettah Market Area, Colombo, Sri Lanka","WVP3+VMM, Keyzer St, Colombo 01100, Sri Lanka",6.937201699999999,79.854187,"Rain, Partially cloudy",1.035,7.2,79.9,57.2,2024-07-01T05:59:09,2024-07-01T18:30:09,Light Rain,Good,Monday,July,Yes,No,None,None
Armour Street Junction,2024-07-02,14:27,Serious Injury,Rear-end Collision,Overspeeding,2,Car; Lorry,36-45,0,6,High,"Armour Street Junction, Colombo, Sri Lanka","Armour Street Junction, Colombo, Sri Lanka","Armour St, Colombo, Sri Lanka",6.9424222,79.8637618,Partially cloudy,0.004,7.4,76.0,50.1,2024-07-02T05:59:23,2024-07-02T18:30:18,Partially Cloudy,Good,Tuesday,July,No,No,None,None
Duplication Road Bambalapitiya,2024-07-05,11:55,Serious Injury,Motorcycle Collision,Pedestrian Negligence,3,Motorcycle; Three Wheeler; Van,36-45,0,3,High,"Duplication Road Bambalapitiya, Colombo, Sri Lanka","Duplication Road Bambalapitiya, Colombo, Sri Lanka","450 E R. A. De Mel Mawatha, Colombo 00200, Sri Lanka",6.9024028,79.8545389,"Rain, Partially cloudy",0.967,7.4,86.1,82.2,2024-07-05T06:00:05,2024-07-05T18:30:41,Light Rain,Good,Friday,July,No,No,None,None
Maradana Junction,2024-07-05,17:07,Serious Injury,Multi-vehicle Collision,Unsafe Lane Change,3,Car; Three Wheeler; Motorcycle,18-25,0,5,High,"Maradana Junction, Colombo, Sri Lanka","Maradana Junction, Colombo, Sri Lanka","Maradana Junction, Colombo 01000, Sri Lanka",6.928874,79.8637428,"Rain, Partially cloudy",0.967,7.4,86.1,82.2,2024-07-05T06:00:05,2024-07-05T18:30:41,Light Rain,Good,Friday,July,Yes,No,None,None
Mattakkuliya Junction,2024-07-07,23:23,Minor Injury,Pedestrian Collision,Reckless Driving,2,Motorcycle; Three Wheeler,18-25,0,2,High,"Mattakkuliya Junction, Colombo, Sri Lanka","Mattakkuliya Junction, Colombo, Sri Lanka","Mattakkuliya Brg, Colombo, Sri Lanka",6.9805611,79.875318,"Rain, Partially cloudy",0.146,7.0,88.3,63.3,2024-07-07T06:00:32,2024-07-07T18:30:53,Light Rain,Good,Sunday,July,No,No,None,None