Location,Date of Accident,Time of Accident,Accident Severity,Collision Type,Cause of Accident,Number of Vehicles,Vehicle Types,Driver Age Group,Number of Fatalities,Number of Injuries,Property Damage Level,location_standardized,location_name,formatted_address,latitude,longitude,conditions,precip,visibility,humidity,cloudcover,sunrise,sunset,weather_condition_label,visibility_level,Week (Derived),Month (Derived),Peak Hour Indicator (Derived),Public Holiday Indicator (Derived),Public Holiday Name (Derived),Public Holiday Category (Derived)
Justice Akbar Mawatha Slave Island,2024-07-10,00:11,Minor Injury,Rear-end Collision,Poor Visibility,2,Car; Three Wheeler,18-25,0,4,Low,"Justice Akbar Mawatha Slave Island, Colombo, Sri Lanka","Justice Akbar Mawatha Slave Island, Colombo, Sri Lanka","Justice Akbar Mawatha, Colombo, Sri Lanka",6.9238481,79.8503668,"Rain, Partially cloudy",0.329,7.6,81.7,54.6,2024-07-10T06:01:11,2024-07-10T18:31:06,Light Rain,Good,Wednesday,July,No,No,None,None
Maradana Junction,2024-07-12,07:08,Fatal,Side-impact Collision,Overspeeding,2,Three Wheeler; Motorcycle,18-25,1,2,High,"Maradana Junction, Colombo, Sri Lanka","Maradana Junction, Colombo, Sri Lanka","Maradana Junction, Colombo 01000, Sri Lanka",6.928874,79.8637428,"Rain, Partially cloudy",0.037,7.3,78.8,77.4,2024-07-12T06:01:36,2024-07-12T18:31:12,Light Rain,Good,Friday,July,Yes,No,None,None
Hulftsdorp Junction,2024-07-12,07:17,Minor Injury,Pedestrian Collision,Driver Negligence,1,Motorcycle,26-35,0,1,Low,"Hulftsdorp Junction, Colombo, Sri Lanka","Hulftsdorp Junction, Colombo, Sri Lanka","Hultsdorf St, Colombo, Sri Lanka",6.9375553,79.8608161,"Rain, Partially cloudy",0.037,7.3,78.8,77.4,2024-07-12T06:01:36,2024-07-12T18:31:12,Light Rain,Good,Friday,July,Yes,No,None,None
Dematagoda Junction,2024-07-12,13:24,Minor Injury,Motorcycle Collision,Driver Fatigue,2,Motorcycle; Three Wheeler,18-25,0,1,Moderate,"Dematagoda Junction, Colombo, Sri Lanka","Dematagoda Junction, Colombo, Sri Lanka","Dematagoda Pl, Colombo, Sri Lanka",6.9293231,79.8764195,"Rain, Partially cloudy",0.037,7.3,78.8,77.4,2024-07-12T06:01:36,2024-07-12T18:31:12,Light Rain,Good,Friday,July,No,No,None,None
Borella Junction,2024-07-12,21:25,Minor Injury,Rear-end Collision,Failure to Yield,3,Motorcycle; Lorry; Car,18-25,0,1,Low,"Borella Junction, Colombo, Sri Lanka","Borella Junction, Colombo, Sri Lanka","18 Dr NM Perera Mawatha Rd, Colombo 00800, Sri Lanka",6.9139525,79.878481,"Rain, Partially cloudy",0.037,7.3,78.8,77.4,2024-07-12T06:01:36,2024-07-12T18:31:12,Light Rain,Good,Friday,July,No,No,None,None
Kollupitiya Junction,2024-07-16,07:24,Minor Injury,Single Vehicle Crash,Overspeeding,1,Three Wheeler,26-35,0,4,Low,"Kollupitiya Junction, Colombo, Sri Lanka","Kollupitiya Junction, Colombo, Sri Lanka","Kollupitiya - Sri Jayewardenepura Rd, Colombo, Sri Lanka",6.9117245,79.8614617,"Rain, Partially cloudy",0.213,7.3,83.9,70.7,2024-07-16T06:02:23,2024-07-16T18:31:15,Light Rain,Good,Tuesday,July,Yes,No,None,None
Mutwal Road Mutwal,2024-07-17,15:15,Serious Injury,Side-impact Collision,Failure to Yield,4,Motorcycle; Bus; Car; Bicycle,46-55,0,5,High,"Mutwal Road Mutwal, Colombo, Sri Lanka","Mutwal Road Mutwal, Colombo, Sri Lanka","Muthuwella Mawatha, Colombo, Sri Lanka",6.9640994,79.8649458,"Rain, Partially cloudy",0.011,7.0,82.0,54.8,2024-07-17T06:02:34,2024-07-17T18:31:14,Light Rain,Good,Wednesday,July,No,No,None,None
Modara Junction,2024-07-18,14:43,Serious Injury,Rear-end Collision,Driver Negligence,1,Car,26-35,0,3,Moderate,"Modara Junction, Colombo, Sri Lanka","Modara Junction, Colombo, Sri Lanka","Modara, Colombo, Sri Lanka",6.9669247,79.8711533,"Rain, Partially cloudy",0.214,7.0,78.8,57.2,2024-07-18T06:02:45,2024-07-18T18:31:13,Light Rain,Good,Thursday,July,No,No,None,None
"Junction of D R Wijewardena Mawatha and Norris Canal Road, Colombo 10",2024-07-19,01:53,Serious Injury,Pedestrian Collision,Unsafe Lane Change,2,Motorcycle; Car,36-45,0,6,High,"Junction of D R Wijewardena Mawatha and Norris Canal Road, Colombo 10, Colombo, Sri Lanka","Junction of D R Wijewardena Mawatha and Norris Canal Road, Colombo 10, Colombo, Sri Lanka","Norris Canal Rd, Colombo 01000, Sri Lanka",6.9210399,79.8659874,Partially cloudy,0.001,7.0,77.5,49.0,2024-07-19T06:02:55,2024-07-19T18:31:10,Partially Cloudy,Good,Friday,July,No,No,None,None
Kotahena Junction,2024-07-19,17:24,Serious Injury,Rear-end Collision,Overspeeding,4,Three Wheeler; Bicycle; Motorcycle; Car,36-45,0,5,Moderate,"Kotahena Junction, Colombo, Sri Lanka","Kotahena Junction, Colombo, Sri Lanka","Kotahena St, Colombo 01300, Sri Lanka",6.9494699,79.8626776,Partially cloudy,0.001,7.0,77.5,49.0,2024-07-19T06:02:55,2024-07-19T18:31:10,Partially Cloudy,Good,Friday,July,Yes,No,None,None
Maradana Junction,2024-07-21,00:05,Minor Injury,Rear-end Collision,Driver Fatigue,1,Car,56+,0,1,Low,"Maradana Junction, Colombo, Sri Lanka","Maradana Junction, Colombo, Sri Lanka","Maradana Junction, Colombo 01000, Sri Lanka",6.928874,79.8637428,Partially cloudy,0.0,6.9,71.1,31.3,2024-07-21T06:03:15,2024-07-21T18:31:03,Partially Cloudy,Good,Sunday,July,No,No,None,None
Panchikawatte,2024-07-22,15:43,Minor Injury,Pedestrian Collision,Reckless Driving,1,Car,36-45,0,2,Low,"Panchikawatte, Colombo, Sri Lanka","Panchikawatte, Colombo, Sri Lanka","Panchikawatta, Colombo 01000, Sri Lanka",6.9309682,79.8639835,"Rain, Partially cloudy",0.021,6.3,83.5,55.8,2024-07-22T06:03:24,2024-07-22T18:30:59,Light Rain,Good,Monday,July,No,No,None,None
High Level Road Kirulapone,2024-07-23,09:13,Fatal,Head-on Collision,Reckless Driving,1,Van,18-25,2,3,High,"High Level Road Kirulapone, Colombo, Sri Lanka","High Level Road Kirulapone, Colombo, Sri Lanka","High Level Rd, Colombo, Sri Lanka",6.8775584,79.8793098,"Rain, Partially cloudy",0.472,7.4,79.7,32.5,2024-07-23T06:03:33,2024-07-23T18:30:53,Light Rain,Good,Tuesday,July,No,No,None,None
Sea Street Kotahena,2024-07-23,20:54,Serious Injury,Pedestrian Collision,Driver Negligence,2,Car; Van,26-35,0,4,High,"Sea Street Kotahena, Colombo, Sri Lanka","Sea Street Kotahena, Colombo, Sri Lanka","Sea St, Colombo 01300, Sri Lanka",6.9418464,79.8542501,"Rain, Partially cloudy",0.472,7.4,79.7,32.5,2024-07-23T06:03:33,2024-07-23T18:30:53,Light Rain,Good,Tuesday,July,No,No,None,None
Borella Junction,2024-07-24,11:49,Serious Injury,Pedestrian Collision,Overspeeding,2,Motorcycle; Three Wheeler,46-55,0,5,High,"Borella Junction, Colombo, Sri Lanka","Borella Junction, Colombo, Sri Lanka","18 Dr NM Perera Mawatha Rd, Colombo 00800, Sri Lanka",6.9139525,79.878481,Partially cloudy,0.0,7.5,76.1,60.6,2024-07-24T06:03:41,2024-07-24T18:30:47,Partially Cloudy,Good,Wednesday,July,No,No,None,None
Modara Junction,2024-07-27,19:45,Serious Injury,Pedestrian Collision,Reckless Driving,1,Lorry,46-55,0,3,High,"Modara Junction, Colombo, Sri Lanka","Modara Junction, Colombo, Sri Lanka","Modara, Colombo, Sri Lanka",6.9669247,79.8711533,Partially cloudy,0.0,6.9,76.1,42.6,2024-07-27T06:04:03,2024-07-27T18:30:24,Partially Cloudy,Good,Saturday,July,No,No,None,None
Fort Bus Stand Area,2024-07-28,08:04,Minor Injury,Multi-vehicle Collision,Overspeeding,4,Motorcycle; Car; Three Wheeler; Van,26-35,0,1,Low,"Fort Bus Stand Area, Colombo, Sri Lanka","Fort Bus Stand Area, Colombo, Sri Lanka","WVM4+6G8 Bastian Mawatha Bus Station, Olcott Mawatha, Colombo, Sri Lanka",6.932847,79.856589,Partially cloudy,0.0,6.8,76.2,38.5,2024-07-28T06:04:10,2024-07-28T18:30:15,Partially Cloudy,Good,Sunday,July,Yes,No,None,None
"No. 3 Justice Akbar Mawatha (Glennie Street), Colombo 02",2024-07-31,18:12,Minor Injury,Head-on Collision,Driver Negligence,1,Motorcycle,18-25,0,2,High,"No. 3 Justice Akbar Mawatha (Glennie Street), Colombo 02, Colombo, Sri Lanka","No. 3 Justice Akbar Mawatha (Glennie Street), Colombo 02, Colombo, Sri Lanka","no. 3, 3 Justice Akbar Mawatha, Colombo 00200, Sri Lanka",6.9238433,79.84867090000002,"Rain, Partially cloudy",0.52,7.3,77.0,60.8,2024-07-31T06:04:27,2024-07-31T18:29:43,Light Rain,Good,Wednesday,July,Yes,No,None,None
Madampitiya Road,2024-08-06,13:50,Minor Injury,Side-impact Collision,Mechanical Failure,2,Three Wheeler; Motorcycle,18-25,0,1,High,"Madampitiya Road, Colombo, Sri Lanka","Madampitiya Road, Colombo, Sri Lanka","Madampitiya Rd, Colombo, Sri Lanka",6.9624445,79.8714976,Partially cloudy,0.001,7.1,78.0,62.5,2024-08-06T06:04:48,2024-08-06T18:28:19,Partially Cloudy,Good,Tuesday,August,No,No,None,None
Pettah Market Area,2024-08-06,17:34,Serious Injury,Rear-end Collision,Reckless Driving,2,Lorry; Motorcycle,26-35,0,6,High,"Pettah Market Area, Colombo, Sri Lanka","Pettah Market Area, Colombo, Sri Lanka","WVP3+VMM, Keyzer St, Colombo 01100, Sri Lanka",6.937201699999999,79.854187,Partially cloudy,0.001,7.1,78.0,62.5,2024-08-06T06:04:48,2024-08-06T18:28:19,Partially Cloudy,Good,Tuesday,August,Yes,No,None,None
Wellawatte Junction,2024-08-07,19:56,Fatal,Multi-vehicle Collision,Overspeeding,4,Car; Three Wheeler; Motorcycle; Bicycle,46-55,2,6,Moderate,"Wellawatte Junction, Colombo, Sri Lanka","Wellawatte Junction, Colombo, Sri Lanka","Wellawatte, Colombo 00600, Sri Lanka",6.874092099999999,79.8604934,Partially cloudy,0.0,6.3,75.4,51.0,2024-08-07T06:04:50,2024-08-07T18:28:03,Partially Cloudy,Good,Wednesday,August,No,No,None,None
Justice Akbar Mawatha Slave Island,2024-08-09,14:28,Minor Injury,Rear-end Collision,Reckless Driving,2,Car; Three Wheeler,46-55,0,3,Low,"Justice Akbar Mawatha Slave Island, Colombo, Sri Lanka","Justice Akbar Mawatha Slave Island, Colombo, Sri Lanka","Justice Akbar Mawatha, Colombo, Sri Lanka",6.9238481,79.8503668,Partially cloudy,0.0,6.0,75.3,50.7,2024-08-09T06:04:52,2024-08-09T18:27:28,Partially Cloudy,Moderate,Friday,August,No,No,None,None
Kynsey Road Colombo 08,2024-08-10,20:33,Serious Injury,Rear-end Collision,Poor Visibility,2,Bicycle; Three Wheeler,36-45,0,3,Moderate,"Kynsey Road Colombo 08, Colombo, Sri Lanka","Kynsey Road Colombo 08, Colombo, Sri Lanka","Kynsey Rd, Colombo, Sri Lanka",6.9138953,79.8749431,Partially cloudy,0.0,6.2,74.2,53.8,2024-08-10T06:04:52,2024-08-10T18:27:09,Partially Cloudy,Good,Saturday,August,No,No,None,None
Armour Street Junction,2024-08-16,11:23,Serious Injury,Side-impact Collision,Reckless Driving,2,Three Wheeler; Motorcycle,36-45,0,3,Low,"Armour Street Junction, Colombo, Sri Lanka","Armour Street Junction, Colombo, Sri Lanka","Armour St, Colombo, Sri Lanka",6.9424222,79.8637618,Partially cloudy,0.004,5.1,86.0,69.9,2024-08-16T06:04:45,2024-08-16T18:25:04,Partially Cloudy,Moderate,Friday,August,No,No,None,None
Sea Street Kotahena,2024-08-16,20:10,Serious Injury,Motorcycle Collision,Unsafe Lane Change,1,Motorcycle,18-25,0,3,High,"Sea Street Kotahena, Colombo, Sri Lanka","Sea Street Kotahena, Colombo, Sri Lanka","Sea St, Colombo 01300, Sri Lanka",6.9418464,79.8542501,Partially cloudy,0.004,5.1,86.0,69.9,2024-08-16T06:04:45,2024-08-16T18:25:04,Partially Cloudy,Moderate,Friday,August,No,No,None,None
Slave Island Junction,2024-08-17,00:54,Serious Injury,Side-impact Collision,Driver Negligence,2,Motorcycle; Car,46-55,0,5,High,"Slave Island Junction, Colombo, Sri Lanka","Slave Island Junction, Colombo, Sri Lanka","Kompannavidiya Flyover, Colombo, Sri Lanka",6.9266493,79.8483123,Partially cloudy,0.0,5.4,85.4,79.2,2024-08-17T06:04:43,2024-08-17T18:24:42,Partially Cloudy,Moderate,Saturday,August,No,No,None,None
Kollupitiya Railway Station Area,2024-08-18,19:17,Minor Injury,Side-impact Collision,Reckless Driving,2,Bicycle; Car,18-25,0,4,Low,"Kollupitiya Railway Station Area, Colombo, Sri Lanka","Kollupitiya Railway Station Area, Colombo, Sri Lanka","Kollupitiya Railway Station, Colombo, Sri Lanka",6.9112629,79.8481782,Partially cloudy,0.0,5.5,80.8,80.0,2024-08-18T06:04:39,2024-08-18T18:24:18,Partially Cloudy,Moderate,Sunday,August,No,No,None,None
Bambalapitiya Junction,2024-08-18,19:31,Serious Injury,Rear-end Collision,Distracted Driving,1,Motorcycle,46-55,0,2,High,"Bambalapitiya Junction, Colombo, Sri Lanka","Bambalapitiya Junction, Colombo, Sri Lanka","Bambalapitiya, Colombo 00500, Sri Lanka",6.8894192,79.8575468,Partially cloudy,0.0,5.5,80.8,80.0,2024-08-18T06:04:39,2024-08-18T18:24:18,Partially Cloudy,Moderate,Sunday,August,No,No,None,None
Bambalapitiya Railway Station Area,2024-08-19,02:26,Minor Injury,Multi-vehicle Collision,Distracted Driving,3,Motorcycle; Car; Bicycle,26-35,0,2,High,"Bambalapitiya Railway Station Area, Colombo, Sri Lanka","Bambalapitiya Railway Station Area, Colombo, Sri Lanka","Bambalapitiya Railway Station, Colombo, Sri Lanka",6.8936984,79.8529574,Partially cloudy,0.0,5.9,84.2,72.8,2024-08-19T06:04:36,2024-08-19T18:23:54,Partially Cloudy,Moderate,Monday,August,No,Yes,Nikini Full Moon Poya Day,Local
"Junction of Sirimavo Bandaranaike Mawatha and Grandpass Road, Colombo 14",2024-08-20,19:55,Minor Injury,Single Vehicle Crash,Driver Fatigue,1,Three Wheeler,18-25,0,3,Low,"Junction of Sirimavo Bandaranaike Mawatha and Grandpass Road, Colombo 14, Colombo, Sri Lanka","Junction of Sirimavo Bandaranaike Mawatha and Grandpass Road, Colombo 14, Colombo, Sri Lanka","14 Grandpass Rd, Colombo 01400, Sri Lanka",6.941933,79.8652595,"Rain, Partially cloudy",0.125,8.0,90.0,66.0,2024-08-20T06:04:32,2024-08-20T18:23:29,Light Rain,Good,Tuesday,August,No,No,None,None
Ibbanwala Junction,2024-08-21,09:21,Serious Injury,Multi-vehicle Collision,Failure to Yield,3,Three Wheeler; Motorcycle; Lorry,18-25,0,2,High,"Ibbanwala Junction, Colombo, Sri Lanka","Ibbanwala Junction, Colombo, Sri Lanka","Ibbanwala, Colombo, Sri Lanka",6.917642,79.8597831,"Rain, Partially cloudy",0.028,5.3,89.1,78.1,2024-08-21T06:04:28,2024-08-21T18:23:04,Light Rain,Moderate,Wednesday,August,No,No,None,None
Kirulapone Junction,2024-08-21,11:24,Serious Injury,Rear-end Collision,Overspeeding,3,Van; Three Wheeler; Bicycle,56+,0,4,High,"Kirulapone Junction, Colombo, Sri Lanka","Kirulapone Junction, Colombo, Sri Lanka","VVHG+8HG, High Level Rd, Colombo 00500, Sri Lanka",6.8783033,79.8764475,"Rain, Partially cloudy",0.028,5.3,89.1,78.1,2024-08-21T06:04:28,2024-08-21T18:23:04,Light Rain,Moderate,Wednesday,August,No,No,None,None
Union Place Borella,2024-08-21,22:57,Minor Injury,Side-impact Collision,Driver Negligence,1,Van,18-25,0,3,Low,"Union Place Borella, Colombo, Sri Lanka","Union Place Borella, Colombo, Sri Lanka","Colombo 08, Colombo, Sri Lanka",6.9147836,79.8775951,"Rain, Partially cloudy",0.028,5.3,89.1,78.1,2024-08-21T06:04:28,2024-08-21T18:23:04,Light Rain,Moderate,Wednesday,August,No,No,None,None
Depanama Junction,2024-08-21,23:52,Minor Injury,Head-on Collision,Driver Negligence,1,Van,18-25,0,4,Low,"Depanama Junction, Colombo, Sri Lanka","Depanama Junction, Colombo, Sri Lanka","Colombo, Sri Lanka",6.9270786,79.861243,"Rain, Partially cloudy",0.028,5.3,89.1,78.1,2024-08-21T06:04:28,2024-08-21T18:23:04,Light Rain,Moderate,Wednesday,August,No,No,None,None
Union Place,2024-08-23,13:10,Serious Injury,Head-on Collision,Reckless Driving,2,Motorcycle; Car,26-35,0,2,High,"Union Place, Colombo, Sri Lanka","Union Place, Colombo, Sri Lanka","Union Place, Colombo, Sri Lanka",6.922958299999999,79.8523572,Partially cloudy,0.0,6.6,77.5,53.8,2024-08-23T06:04:18,2024-08-23T18:22:12,Partially Cloudy,Good,Friday,August,No,No,None,None
Darley Road Cinnamon Gardens,2024-08-27,06:48,Fatal,Side-impact Collision,Driver Fatigue,1,Motorcycle,46-55,1,5,High,"Darley Road Cinnamon Gardens, Colombo, Sri Lanka","Darley Road Cinnamon Gardens, Colombo, Sri Lanka","Darley Rd, Colombo, Sri Lanka",6.9228616,79.8620451,Partially cloudy,0.0,7.3,69.7,41.6,2024-08-27T06:03:53,2024-08-27T18:20:23,Partially Cloudy,Good,Tuesday,August,No,No,None,None
Union Place Borella,2024-08-27,14:40,Fatal,Multi-vehicle Collision,Overspeeding,3,Three Wheeler; Motorcycle; Car,26-35,2,4,High,"Union Place Borella, Colombo, Sri Lanka","Union Place Borella, Colombo, Sri Lanka","Colombo 08, Colombo, Sri Lanka",6.9147836,79.8775951,Partially cloudy,0.0,7.3,69.7,41.6,2024-08-27T06:03:53,2024-08-27T18:20:23,Partially Cloudy,Good,Tuesday,August,No,No,None,None
Kandy Road Kadawatha,2024-08-28,12:15,Minor Injury,Motorcycle Collision,Driver Negligence,2,Motorcycle; Bus,26-35,0,3,High,"Kandy Road Kadawatha, Colombo, Sri Lanka","Kandy Road Kadawatha, Colombo, Sri Lanka","Kandy Rd, Colombo, Sri Lanka",6.9559402,79.8879039,Partially cloudy,0.0,7.1,70.2,57.4,2024-08-28T06:03:47,2024-08-28T18:19:54,Partially Cloudy,Good,Wednesday,August,No,No,None,None
Pettah Clock Tower Area,2024-08-31,02:27,Serious Injury,Motorcycle Collision,Overspeeding,3,Motorcycle; Bicycle; Three Wheeler,26-35,0,3,High,"Pettah Clock Tower Area, Colombo, Sri Lanka","Pettah Clock Tower Area, Colombo, Sri Lanka","Pettah, Colombo, Sri Lanka",6.9367858,79.8525385,"Rain, Partially cloudy",0.286,6.6,79.9,70.3,2024-08-31T06:03:24,2024-08-31T18:18:26,Light Rain,Good,Saturday,August,No,No,None,None
T B Jayah Mawatha Maradana,2024-09-05,04:39,Minor Injury,Pedestrian Collision,Distracted Driving,1,Motorcycle,46-55,0,1,Moderate,"T B Jayah Mawatha Maradana, Colombo, Sri Lanka","T B Jayah Mawatha Maradana, Colombo, Sri Lanka","T. B. Jayah Mawatha, Colombo, Sri Lanka",6.9235871,79.8619082,"Rain, Partially cloudy",0.159,6.3,75.4,56.5,2024-09-05T06:02:42,2024-09-05T18:15:54,Light Rain,Good,Thursday,September,No,No,None,None
Kotahena Junction,2024-09-11,18:37,Minor Injury,Motorcycle Collision,Unsafe Lane Change,2,Motorcycle; Lorry,46-55,0,3,Low,"Kotahena Junction, Colombo, Sri Lanka","Kotahena Junction, Colombo, Sri Lanka","Kotahena St, Colombo 01300, Sri Lanka",6.9494699,79.8626776,Partially cloudy,0.0,7.1,83.3,69.3,2024-09-11T06:01:45,2024-09-11T18:12:42,Partially Cloudy,Good,Wednesday,September,Yes,No,None,None
Duplication Road Bambalapitiya,2024-09-14,09:40,Fatal,Multi-vehicle Collision,Reckless Driving,2,Van; Bicycle,46-55,1,6,High,"Duplication Road Bambalapitiya, Colombo, Sri Lanka","Duplication Road Bambalapitiya, Colombo, Sri Lanka","450 E R. A. De Mel Mawatha, Colombo 00200, Sri Lanka",6.9024028,79.8545389,"Rain, Partially cloudy",0.041,6.5,77.3,65.3,2024-09-14T06:01:15,2024-09-14T18:11:05,Light Rain,Good,Saturday,September,No,No,None,None
"Junction of Galle Road and R A de Mel Mawatha, Colombo 03",2024-09-14,17:27,Minor Injury,Pedestrian Collision,Driver Negligence,1,Motorcycle,18-25,0,2,Low,"Junction of Galle Road and R A de Mel Mawatha, Colombo 03, Colombo, Sri Lanka","Junction of Galle Road and R A de Mel Mawatha, Colombo 03, Colombo, Sri Lanka","R. A. De Mel Mawatha & Galle Rd, Colombo 00700, Sri Lanka",6.912078699999999,79.8510381,"Rain, Partially cloudy",0.041,6.5,77.3,65.3,2024-09-14T06:01:15,2024-09-14T18:11:05,Light Rain,Good,Saturday,September,Yes,No,None,None
Sea Street Junction,2024-09-15,19:40,Minor Injury,Side-impact Collision,Unsafe Lane Change,1,Three Wheeler,18-25,0,2,Moderate,"Sea Street Junction, Colombo, Sri Lanka","Sea Street Junction, Colombo, Sri Lanka","Sea St, Colombo 01300, Sri Lanka",6.9418464,79.8542501,Partially cloudy,0.002,6.2,77.4,54.8,2024-09-15T06:01:05,2024-09-15T18:10:32,Partially Cloudy,Good,Sunday,September,No,No,None,None
Union Place Slave Island,2024-09-17,03:00,Serious Injury,Single Vehicle Crash,Overspeeding,1,Car,36-45,0,3,Moderate,"Union Place Slave Island, Colombo, Sri Lanka","Union Place Slave Island, Colombo, Sri Lanka","Union Pl, Colombo, Sri Lanka",6.9203664,79.8578057,Partially cloudy,0.0,6.5,76.5,58.4,2024-09-17T06:00:45,2024-09-17T18:09:27,Partially Cloudy,Good,Tuesday,September,No,Yes,Binara Full Moon Poya Day,Local
Battaramulla Town,2024-09-17,08:52,Minor Injury,Head-on Collision,Driver Negligence,2,Car; Motorcycle,18-25,0,3,Low,"Battaramulla Town, Colombo, Sri Lanka","Battaramulla Town, Colombo, Sri Lanka","Battaramulla, Sri Lanka",6.8979941,79.9222869,Partially cloudy,0.0,6.5,76.5,58.4,2024-09-17T06:00:45,2024-09-17T18:09:27,Partially Cloudy,Good,Tuesday,September,Yes,Yes,Binara Full Moon Poya Day,Local
Grandpass Junction,2024-09-19,13:45,Minor Injury,Side-impact Collision,Reckless Driving,3,Motorcycle; Car; Three Wheeler,36-45,0,1,Low,"Grandpass Junction, Colombo, Sri Lanka","Grandpass Junction, Colombo, Sri Lanka","Grandpass Rd, Colombo, Sri Lanka",6.9432514,79.8685531,Partially cloudy,0.0,6.2,78.6,51.2,2024-09-19T06:00:25,2024-09-19T18:08:21,Partially Cloudy,Good,Thursday,September,No,No,None,None
Nugegoda Town,2024-09-20,10:19,Minor Injury,Motorcycle Collision,Unsafe Lane Change,3,Motorcycle; Bicycle; Car,36-45,0,3,Low,"Nugegoda Town, Colombo, Sri Lanka","Nugegoda Town, Colombo, Sri Lanka","Nugegoda, Sri Lanka",6.8649081,79.8996789,Partially cloudy,0.0,6.2,77.5,47.7,2024-09-20T06:00:15,2024-09-20T18:07:49,Partially Cloudy,Good,Friday,September,No,No,None,None
Hulftsdorp Junction,2024-09-21,08:59,Minor Injury,Motorcycle Collision,Reckless Driving,2,Motorcycle; Three Wheeler,26-35,0,2,Moderate,"Hulftsdorp Junction, Colombo, Sri Lanka","Hulftsdorp Junction, Colombo, Sri Lanka","Hultsdorf St, Colombo, Sri Lanka",6.9375553,79.8608161,Partially cloudy,0.0,6.2,75.7,53.7,2024-09-21T06:00:05,2024-09-21T18:07:16,Partially Cloudy,Good,Saturday,September,Yes,No,None,None
Bauddhaloka Mawatha Cinnamon Gardens,2024-09-23,22:50,Minor Injury,Multi-vehicle Collision,Distracted Driving,2,Three Wheeler; Motorcycle,36-45,0,2,Moderate,"Bauddhaloka Mawatha Cinnamon Gardens, Colombo, Sri Lanka","Bauddhaloka Mawatha Cinnamon Gardens, Colombo, Sri Lanka","Bauddhaloka Mawatha, Colombo 00700, Sri Lanka",6.901932,79.8694402,Partially cloudy,0.0,6.2,77.5,56.4,2024-09-23T05:59:45,2024-09-23T18:06:11,Partially Cloudy,Good,Monday,September,No,No,None,None
Fort Railway Station Area,2024-09-25,18:51,Serious Injury,Motorcycle Collision,Reckless Driving,2,Motorcycle; Bus,18-25,0,3,High,"Fort Railway Station Area, Colombo, Sri Lanka","Fort Railway Station Area, Colombo, Sri Lanka","Fort Railway station, Colombo, Sri Lanka",6.9337011,79.85003019999999,Partially cloudy,0.0,6.1,83.5,52.4,2024-09-25T05:59:26,2024-09-25T18:05:07,Partially Cloudy,Good,Wednesday,September,Yes,No,None,None
Kollupitiya Junction,2024-09-26,12:20,Minor Injury,Motorcycle Collision,Unsafe Lane Change,4,Motorcycle; Three Wheeler; Van; Bicycle,26-35,0,2,High,"Kollupitiya Junction, Colombo, Sri Lanka","Kollupitiya Junction, Colombo, Sri Lanka","Kollupitiya - Sri Jayewardenepura Rd, Colombo, Sri Lanka",6.9117245,79.8614617,Partially cloudy,0.0,6.0,78.8,49.5,2024-09-26T05:59:17,2024-09-26T18:04:35,Partially Cloudy,Moderate,Thursday,September,No,No,None,None
Sir Chittampalam A Gardiner Mawatha Fort,2024-09-27,07:28,Minor Injury,Head-on Collision,Overspeeding,2,Motorcycle; Van,26-35,0,4,Low,"Sir Chittampalam A Gardiner Mawatha Fort, Colombo, Sri Lanka","Sir Chittampalam A Gardiner Mawatha Fort, Colombo, Sri Lanka","Sir Chittampalam A Gardiner Mawath, Colombo, Sri Lanka",6.9298377,79.8477933,Partially cloudy,0.0,6.2,79.8,62.7,2024-09-27T05:59:07,2024-09-27T18:04:03,Partially Cloudy,Good,Friday,September,Yes,No,None,None
D R Wijewardena Mawatha Fort,2024-09-27,07:36,Fatal,Rear-end Collision,Reckless Driving,4,Three Wheeler; Car; Van; Motorcycle,26-35,1,8,High,"D R Wijewardena Mawatha Fort, Colombo, Sri Lanka","D R Wijewardena Mawatha Fort, Colombo, Sri Lanka","McCallum Rd, Colombo, Sri Lanka",6.9324236,79.8505139,Partially cloudy,0.0,6.2,79.8,62.7,2024-09-27T05:59:07,2024-09-27T18:04:03,Partially Cloudy,Good,Friday,September,Yes,No,None,None
Ekala Junction,2024-09-30,07:50,Fatal,Rear-end Collision,Reckless Driving,1,Motorcycle,18-25,1,1,Moderate,"Ekala Junction, Colombo, Sri Lanka","Ekala Junction, Colombo, Sri Lanka","Colombo, Sri Lanka",6.9270786,79.861243,Partially cloudy,0.004,6.3,89.5,57.1,2024-09-30T05:58:41,2024-09-30T18:02:29,Partially Cloudy,Good,Monday,September,Yes,No,None,None