Location,Date of Accident,Time of Accident,Accident Severity,Collision Type,Cause of Accident,Number of Vehicles,Vehicle Types,Driver Age Group,Number of Fatalities,Number of Injuries,Property Damage Level,location_standardized,location_name,formatted_address,latitude,longitude,conditions,precip,visibility,humidity,cloudcover,sunrise,sunset,weather_condition_label,visibility_level,Week (Derived),Month (Derived),Peak Hour Indicator (Derived),Public Holiday Indicator (Derived),Public Holiday Name (Derived),Public Holiday Category (Derived)
Bauddhaloka Mawatha Cinnamon Gardens,2024-10-02,22:08,Minor Injury,Multi-vehicle Collision,Overspeeding,3,Three Wheeler; Van; Motorcycle,56+,0,2,Low,"Bauddhaloka Mawatha Cinnamon Gardens, Colombo, Sri Lanka","Bauddhaloka Mawatha Cinnamon Gardens, Colombo, Sri Lanka","Bauddhaloka Mawatha, Colombo 00700, Sri Lanka",6.901932,79.8694402,Partially cloudy,0.0,6.0,79.9,46.3,2024-10-02T05:58:25,2024-10-02T18:01:28,Partially Cloudy,Moderate,Wednesday,October,No,No,None,None
Bambalapitiya Railway Station Area,2024-10-03,18:55,Minor Injury,Side-impact Collision,Overspeeding,1,Three Wheeler,36-45,0,1,High,"Bambalapitiya Railway Station Area, Colombo, Sri Lanka","Bambalapitiya Railway Station Area, Colombo, Sri Lanka","Bambalapitiya Railway Station, Colombo, Sri Lanka",6.8936984,79.8529574,Partially cloudy,0.0,6.1,82.8,45.0,2024-10-03T05:58:17,2024-10-03T18:00:58,Partially Cloudy,Good,Thursday,October,Yes,No,None,None
Bambalapitiya Railway Station Area,2024-10-06,08:33,Serious Injury,Head-on Collision,Driver Negligence,3,Motorcycle; Bicycle; Three Wheeler,46-55,0,2,High,"Bambalapitiya Railway Station Area, Colombo, Sri Lanka","Bambalapitiya Railway Station Area, Colombo, Sri Lanka","Bambalapitiya Railway Station, Colombo, Sri Lanka",6.8936984,79.8529574,Partially cloudy,0.0,5.9,83.2,55.0,2024-10-06T05:57:56,2024-10-06T17:59:30,Partially Cloudy,Moderate,Sunday,October,Yes,No,None,None
"Junction of Baseline Road and D R Wijewardena Mawatha, Colombo 09",2024-10-06,08:38,Minor Injury,Head-on Collision,Unsafe Lane Change,3,Bicycle; Motorcycle; Three Wheeler,26-35,0,1,Low,"Junction of Baseline Road and D R Wijewardena Mawatha, Colombo 09, Colombo, Sri Lanka","Junction of Baseline Road and D R Wijewardena Mawatha, Colombo 09, Colombo, Sri Lanka","WV7H+W24, Baseline Rd, Colombo, Sri Lanka",6.9147544,79.8775893,Partially cloudy,0.0,5.9,83.2,55.0,2024-10-06T05:57:56,2024-10-06T17:59:30,Partially Cloudy,Moderate,Sunday,October,Yes,No,None,None
Duplication Road Bambalapitiya,2024-10-06,23:28,Serious Injury,Side-impact Collision,Driver Negligence,2,Bus; Car,18-25,0,2,High,"Duplication Road Bambalapitiya, Colombo, Sri Lanka","Duplication Road Bambalapitiya, Colombo, Sri Lanka","450 E R. A. De Mel Mawatha, Colombo 00200, Sri Lanka",6.9024028,79.8545389,Partially cloudy,0.0,5.9,83.2,55.0,2024-10-06T05:57:56,2024-10-06T17:59:30,Partially Cloudy,Moderate,Sunday,October,No,No,None,None
Pettah Clock Tower Area,2024-10-08,04:16,Minor Injury,Multi-vehicle Collision,Failure to Yield,4,Three Wheeler; Motorcycle; Lorry; Bicycle,36-45,0,1,High,"Pettah Clock Tower Area, Colombo, Sri Lanka","Pettah Clock Tower Area, Colombo, Sri Lanka","Pettah, Colombo, Sri Lanka",6.9367858,79.8525385,Partially cloudy,0.0,6.0,83.3,82.7,2024-10-08T05:57:44,2024-10-08T17:58:33,Partially Cloudy,Moderate,Tuesday,October,No,No,None,None
Colombo 07 Junction,2024-10-08,07:53,Serious Injury,Side-impact Collision,Driver Negligence,1,Three Wheeler,26-35,0,2,Moderate,"Colombo 07 Junction, Colombo, Sri Lanka","Colombo 07 Junction, Colombo, Sri Lanka","Colombo 07, Colombo 00700, Sri Lanka",6.9066125,79.8596227,Partially cloudy,0.0,6.0,83.3,82.7,2024-10-08T05:57:44,2024-10-08T17:58:33,Partially Cloudy,Moderate,Tuesday,October,Yes,No,None,None
Pagoda Road Nugegoda,2024-10-12,12:16,Serious Injury,Rear-end Collision,Failure to Yield,2,Car; Three Wheeler,18-25,0,4,High,"Pagoda Road Nugegoda, Colombo, Sri Lanka","Pagoda Road Nugegoda, Colombo, Sri Lanka","Pagoda Rd, Sri Lanka",6.8805035,79.895529,"Rain, Partially cloudy",0.118,5.7,87.6,76.6,2024-10-12T05:57:24,2024-10-12T17:56:45,Light Rain,Moderate,Saturday,October,No,No,None,None
Kollupitiya Flyover Approach,2024-10-14,13:46,Minor Injury,Pedestrian Collision,Driver Negligence,2,Motorcycle; Car,26-35,0,2,Low,"Kollupitiya Flyover Approach, Colombo, Sri Lanka","Kollupitiya Flyover Approach, Colombo, Sri Lanka","Kollupitiya, Colombo, Sri Lanka",6.912815399999999,79.8506815,"Rain, Overcast",0.067,4.9,97.3,96.3,2024-10-14T05:57:17,2024-10-14T17:55:55,Light Rain,Moderate,Monday,October,No,No,None,None
Sir Chittampalam A Gardiner Mawatha Fort,2024-10-20,14:51,Fatal,Pedestrian Collision,Overspeeding,1,Motorcycle,18-25,1,5,High,"Sir Chittampalam A Gardiner Mawatha Fort, Colombo, Sri Lanka","Sir Chittampalam A Gardiner Mawatha Fort, Colombo, Sri Lanka","Sir Chittampalam A Gardiner Mawath, Colombo, Sri Lanka",6.9298377,79.8477933,Partially cloudy,0.008,5.8,93.4,69.9,2024-10-20T05:57:09,2024-10-20T17:53:38,Partially Cloudy,Moderate,Sunday,October,No,No,None,None
Armour Street Junction,2024-10-21,18:03,Fatal,Rear-end Collision,Unsafe Lane Change,1,Three Wheeler,18-25,1,3,High,"Armour Street Junction, Colombo, Sri Lanka","Armour Street Junction, Colombo, Sri Lanka","Armour St, Colombo, Sri Lanka",6.9424222,79.8637618,Partially cloudy,0.0,5.9,89.8,66.7,2024-10-21T05:57:09,2024-10-21T17:53:18,Partially Cloudy,Moderate,Monday,October,Yes,No,None,None
Maharagama Junction,2024-10-21,22:49,Serious Injury,Single Vehicle Crash,Driver Negligence,1,Motorcycle,26-35,0,4,High,"Maharagama Junction, Colombo, Sri Lanka","Maharagama Junction, Colombo, Sri Lanka","Maharagama, Sri Lanka",6.851095099999999,79.92120109999999,Partially cloudy,0.0,5.9,89.8,66.7,2024-10-21T05:57:09,2024-10-21T17:53:18,Partially Cloudy,Moderate,Monday,October,No,No,None,None
"Junction of Sri Jayawardenepura Mawatha and Jayanthi Mawatha, Battaramulla",2024-10-23,08:48,Minor Injury,Pedestrian Collision,Driver Negligence,2,Motorcycle; Lorry,36-45,0,1,Low,"Junction of Sri Jayawardenepura Mawatha and Jayanthi Mawatha, Battaramulla, Colombo, Sri Lanka","Junction of Sri Jayawardenepura Mawatha and Jayanthi Mawatha, Battaramulla, Colombo, Sri Lanka","Jayanthi Mawatha & Sri Jayawardenepura Mawatha, Sri Jayawardenepura Kotte, Sri Lanka",6.9060652,79.904172,"Rain, Partially cloudy",0.036,7.1,91.9,69.6,2024-10-23T05:57:12,2024-10-23T17:52:39,Light Rain,Good,Wednesday,October,Yes,No,None,None
Narahenpita Junction,2024-10-25,16:27,Fatal,Single Vehicle Crash,Overspeeding,1,Bicycle,18-25,1,3,Low,"Narahenpita Junction, Colombo, Sri Lanka","Narahenpita Junction, Colombo, Sri Lanka","Narahenpita, Colombo 00500, Sri Lanka",6.8899209,79.8826281,"Rain, Partially cloudy",0.071,6.3,86.3,59.6,2024-10-25T05:57:18,2024-10-25T17:52:04,Light Rain,Good,Friday,October,Yes,No,None,None
Maradana Junction,2024-10-26,08:55,Minor Injury,Side-impact Collision,Distracted Driving,1,Three Wheeler,46-55,0,3,High,"Maradana Junction, Colombo, Sri Lanka","Maradana Junction, Colombo, Sri Lanka","Maradana Junction, Colombo 01000, Sri Lanka",6.928874,79.8637428,Partially cloudy,0.0,5.7,87.6,68.2,2024-10-26T05:57:22,2024-10-26T17:51:47,Partially Cloudy,Moderate,Saturday,October,Yes,No,None,None
Union Place Borella,2024-10-26,10:56,Serious Injury,Head-on Collision,Driver Negligence,3,Car; Motorcycle; Lorry,26-35,0,3,Moderate,"Union Place Borella, Colombo, Sri Lanka","Union Place Borella, Colombo, Sri Lanka","Colombo 08, Colombo, Sri Lanka",6.9147836,79.8775951,Partially cloudy,0.0,5.7,87.6,68.2,2024-10-26T05:57:22,2024-10-26T17:51:47,Partially Cloudy,Moderate,Saturday,October,No,No,None,None
Fort Railway Station Area,2024-10-27,17:07,Minor Injury,Motorcycle Collision,Driver Negligence,1,Motorcycle,56+,0,1,Low,"Fort Railway Station Area, Colombo, Sri Lanka","Fort Railway Station Area, Colombo, Sri Lanka","Fort Railway station, Colombo, Sri Lanka",6.9337011,79.85003019999999,"Rain, Partially cloudy",0.055,5.9,89.6,52.6,2024-10-27T05:57:26,2024-10-27T17:51:32,Light Rain,Moderate,Sunday,October,Yes,No,None,None
Kelaniya Junction,2024-10-28,17:27,Serious Injury,Multi-vehicle Collision,Driver Negligence,3,Bicycle; Motorcycle; Bus,36-45,0,2,High,"Kelaniya Junction, Colombo, Sri Lanka","Kelaniya Junction, Colombo, Sri Lanka","Colombo, Sri Lanka",6.9270786,79.861243,"Rain, Partially cloudy",0.083,5.8,87.5,61.8,2024-10-28T05:57:31,2024-10-28T17:51:17,Light Rain,Moderate,Monday,October,Yes,No,None,None
Pamankada Junction,2024-10-30,18:25,Minor Injury,Rear-end Collision,Reckless Driving,1,Three Wheeler,26-35,0,2,Moderate,"Pamankada Junction, Colombo, Sri Lanka","Pamankada Junction, Colombo, Sri Lanka","Pamankada Ln, Colombo, Sri Lanka",6.8756803,79.8676529,Partially cloudy,0.0,5.7,82.9,48.1,2024-10-30T05:57:44,2024-10-30T17:50:50,Partially Cloudy,Moderate,Wednesday,October,Yes,No,None,None
Armour Street Junction,2024-10-30,20:16,Minor Injury,Rear-end Collision,Driver Negligence,3,Three Wheeler; Bicycle; Van,18-25,0,1,Moderate,"Armour Street Junction, Colombo, Sri Lanka","Armour Street Junction, Colombo, Sri Lanka","Armour St, Colombo, Sri Lanka",6.9424222,79.8637618,Partially cloudy,0.0,5.7,82.9,48.1,2024-10-30T05:57:44,2024-10-30T17:50:50,Partially Cloudy,Moderate,Wednesday,October,No,No,None,None
Wellawatte Junction,2024-11-01,09:49,Minor Injury,Rear-end Collision,Poor Visibility,3,Motorcycle; Three Wheeler; Car,18-25,0,4,Moderate,"Wellawatte Junction, Colombo, Sri Lanka","Wellawatte Junction, Colombo, Sri Lanka","Wellawatte, Colombo 00600, Sri Lanka",6.874092099999999,79.8604934,Partially cloudy,0.008,6.9,86.5,55.6,2024-11-01T05:57:59,2024-11-01T17:50:26,Partially Cloudy,Good,Friday,November,No,No,None,None
Slave Island Junction,2024-11-01,20:23,Minor Injury,Pedestrian Collision,Driver Negligence,2,Three Wheeler; Bicycle,36-45,0,1,High,"Slave Island Junction, Colombo, Sri Lanka","Slave Island Junction, Colombo, Sri Lanka","Kompannavidiya Flyover, Colombo, Sri Lanka",6.9266493,79.8483123,Partially cloudy,0.008,6.9,86.5,55.6,2024-11-01T05:57:59,2024-11-01T17:50:26,Partially Cloudy,Good,Friday,November,No,No,None,None
Havelock Town Junction,2024-11-01,22:18,Serious Injury,Multi-vehicle Collision,Reckless Driving,2,Car; Van,46-55,0,4,Low,"Havelock Town Junction, Colombo, Sri Lanka","Havelock Town Junction, Colombo, Sri Lanka","Havelock Town, Colombo, Sri Lanka",6.886651899999999,79.8646835,Partially cloudy,0.008,6.9,86.5,55.6,2024-11-01T05:57:59,2024-11-01T17:50:26,Partially Cloudy,Good,Friday,November,No,No,None,None
Dematagoda Junction,2024-11-02,08:01,Minor Injury,Rear-end Collision,Mechanical Failure,1,Three Wheeler,46-55,0,3,Moderate,"Dematagoda Junction, Colombo, Sri Lanka","Dematagoda Junction, Colombo, Sri Lanka","Dematagoda Pl, Colombo, Sri Lanka",6.9293231,79.8764195,Partially cloudy,0.0,6.0,87.6,65.5,2024-11-02T05:58:08,2024-11-02T17:50:16,Partially Cloudy,Moderate,Saturday,November,Yes,No,None,None
Pettah Clock Tower Area,2024-11-03,13:30,Minor Injury,Rear-end Collision,Drunk Driving,3,Car; Three Wheeler; Bicycle,26-35,0,3,Low,"Pettah Clock Tower Area, Colombo, Sri Lanka","Pettah Clock Tower Area, Colombo, Sri Lanka","Pettah, Colombo, Sri Lanka",6.9367858,79.8525385,"Rain, Partially cloudy",0.016,5.7,84.7,60.1,2024-11-03T05:58:17,2024-11-03T17:50:06,Light Rain,Moderate,Sunday,November,No,No,None,None
Nelum Pokuna Area,2024-11-03,18:31,Serious Injury,Motorcycle Collision,Overspeeding,2,Motorcycle; Three Wheeler,56+,0,4,High,"Nelum Pokuna Area, Colombo, Sri Lanka","Nelum Pokuna Area, Colombo, Sri Lanka","110 Ananda Coomaraswamy Mawatha, Colombo 00700, Sri Lanka",6.910803199999999,79.86344670000001,"Rain, Partially cloudy",0.016,5.7,84.7,60.1,2024-11-03T05:58:17,2024-11-03T17:50:06,Light Rain,Moderate,Sunday,November,Yes,No,None,None
Pettah Clock Tower Area,2024-11-05,07:07,Minor Injury,Rear-end Collision,Distracted Driving,2,Motorcycle; Car,36-45,0,4,High,"Pettah Clock Tower Area, Colombo, Sri Lanka","Pettah Clock Tower Area, Colombo, Sri Lanka","Pettah, Colombo, Sri Lanka",6.9367858,79.8525385,"Rain, Partially cloudy",0.067,5.9,89.5,55.5,2024-11-05T05:58:38,2024-11-05T17:49:50,Light Rain,Moderate,Tuesday,November,Yes,No,None,None
Fort Railway Station Area,2024-11-05,15:12,Serious Injury,Single Vehicle Crash,Overspeeding,1,Van,26-35,0,4,High,"Fort Railway Station Area, Colombo, Sri Lanka","Fort Railway Station Area, Colombo, Sri Lanka","Fort Railway station, Colombo, Sri Lanka",6.9337011,79.85003019999999,"Rain, Partially cloudy",0.067,5.9,89.5,55.5,2024-11-05T05:58:38,2024-11-05T17:49:50,Light Rain,Moderate,Tuesday,November,No,No,None,None
Darley Road Cinnamon Gardens,2024-11-07,18:46,Minor Injury,Single Vehicle Crash,Reckless Driving,1,Motorcycle,56+,0,1,Moderate,"Darley Road Cinnamon Gardens, Colombo, Sri Lanka","Darley Road Cinnamon Gardens, Colombo, Sri Lanka","Darley Rd, Colombo, Sri Lanka",6.9228616,79.8620451,Partially cloudy,0.0,5.0,85.6,26.0,2024-11-07T05:59:02,2024-11-07T17:49:38,Partially Cloudy,Moderate,Thursday,November,Yes,No,None,None
Bambalapitiya Junction,2024-11-09,13:22,Minor Injury,Multi-vehicle Collision,Driver Negligence,2,Motorcycle; Car,26-35,0,4,Low,"Bambalapitiya Junction, Colombo, Sri Lanka","Bambalapitiya Junction, Colombo, Sri Lanka","Bambalapitiya, Colombo 00500, Sri Lanka",6.8894192,79.8575468,Partially cloudy,0.0,6.1,81.9,52.8,2024-11-09T05:59:29,2024-11-09T17:49:29,Partially Cloudy,Good,Saturday,November,No,No,None,None
Slave Island Junction,2024-11-09,14:43,Minor Injury,Pedestrian Collision,Driver Negligence,2,Motorcycle; Van,18-25,0,2,Low,"Slave Island Junction, Colombo, Sri Lanka","Slave Island Junction, Colombo, Sri Lanka","Kompannavidiya Flyover, Colombo, Sri Lanka",6.9266493,79.8483123,Partially cloudy,0.0,6.1,81.9,52.8,2024-11-09T05:59:29,2024-11-09T17:49:29,Partially Cloudy,Good,Saturday,November,No,No,None,None
Slave Island Junction,2024-11-11,19:50,Minor Injury,Pedestrian Collision,Pedestrian Negligence,2,Motorcycle; Three Wheeler,26-35,0,2,Moderate,"Slave Island Junction, Colombo, Sri Lanka","Slave Island Junction, Colombo, Sri Lanka","Kompannavidiya Flyover, Colombo, Sri Lanka",6.9266493,79.8483123,Partially cloudy,0.0,6.0,80.3,33.5,2024-11-11T05:59:59,2024-11-11T17:49:25,Partially Cloudy,Moderate,Monday,November,No,No,None,None
Bauddhaloka Mawatha Cinnamon Gardens,2024-11-12,09:11,Minor Injury,Motorcycle Collision,Driver Negligence,3,Motorcycle; Three Wheeler; Lorry,18-25,0,1,Moderate,"Bauddhaloka Mawatha Cinnamon Gardens, Colombo, Sri Lanka","Bauddhaloka Mawatha Cinnamon Gardens, Colombo, Sri Lanka","Bauddhaloka Mawatha, Colombo 00700, Sri Lanka",6.901932,79.8694402,Partially cloudy,0.0,4.6,81.9,38.5,2024-11-12T06:00:15,2024-11-12T17:49:24,Partially Cloudy,Moderate,Tuesday,November,No,No,None,None
Liberty Plaza Area,2024-11-13,16:33,Minor Injury,Pedestrian Collision,Reckless Driving,1,Van,26-35,0,2,Moderate,"Liberty Plaza Area, Colombo, Sri Lanka","Liberty Plaza Area, Colombo, Sri Lanka","300 Srimath Anagarika Dharmapala Mawatha, Colombo 00300, Sri Lanka",6.9118996,79.85130869999999,Partially cloudy,0.0,4.6,86.9,57.4,2024-11-13T06:00:31,2024-11-13T17:49:24,Partially Cloudy,Moderate,Wednesday,November,Yes,No,None,None
Bauddhaloka Mawatha Havelock Town,2024-11-15,18:32,Minor Injury,Single Vehicle Crash,Unsafe Lane Change,1,Three Wheeler,46-55,0,4,Low,"Bauddhaloka Mawatha Havelock Town, Colombo, Sri Lanka","Bauddhaloka Mawatha Havelock Town, Colombo, Sri Lanka","Bauddhaloka Mawatha, Colombo, Sri Lanka",6.897011,79.8598172,Partially cloudy,0.0,5.5,89.0,60.8,2024-11-15T06:01:07,2024-11-15T17:49:28,Partially Cloudy,Moderate,Friday,November,Yes,Yes,Il Full Moon Poya Day,Local
Pamankada Junction,2024-11-15,18:48,Minor Injury,Single Vehicle Crash,Driver Negligence,1,Three Wheeler,18-25,0,3,Low,"Pamankada Junction, Colombo, Sri Lanka","Pamankada Junction, Colombo, Sri Lanka","Pamankada Ln, Colombo, Sri Lanka",6.8756803,79.8676529,Partially cloudy,0.0,5.5,89.0,60.8,2024-11-15T06:01:07,2024-11-15T17:49:28,Partially Cloudy,Moderate,Friday,November,Yes,Yes,Il Full Moon Poya Day,Local
Sea Street Pettah,2024-11-15,21:00,Minor Injury,Motorcycle Collision,Reckless Driving,1,Motorcycle,26-35,0,3,Low,"Sea Street Pettah, Colombo, Sri Lanka","Sea Street Pettah, Colombo, Sri Lanka","Sea St, Colombo 01300, Sri Lanka",6.9418464,79.8542501,Partially cloudy,0.0,5.5,89.0,60.8,2024-11-15T06:01:07,2024-11-15T17:49:28,Partially Cloudy,Moderate,Friday,November,No,Yes,Il Full Moon Poya Day,Local
Modara Junction,2024-11-17,16:46,Fatal,Head-on Collision,Distracted Driving,2,Three Wheeler; Motorcycle,36-45,2,4,High,"Modara Junction, Colombo, Sri Lanka","Modara Junction, Colombo, Sri Lanka","Modara, Colombo, Sri Lanka",6.9669247,79.8711533,"Rain, Partially cloudy",0.071,5.9,85.3,42.4,2024-11-17T06:01:45,2024-11-17T17:49:35,Light Rain,Moderate,Sunday,November,Yes,No,None,None
Maradana Junction,2024-11-17,21:01,Minor Injury,Motorcycle Collision,Driver Negligence,2,Motorcycle; Car,18-25,0,3,Low,"Maradana Junction, Colombo, Sri Lanka","Maradana Junction, Colombo, Sri Lanka","Maradana Junction, Colombo 01000, Sri Lanka",6.928874,79.8637428,"Rain, Partially cloudy",0.071,5.9,85.3,42.4,2024-11-17T06:01:45,2024-11-17T17:49:35,Light Rain,Moderate,Sunday,November,No,No,None,None
Armour Street Pettah,2024-11-18,17:34,Minor Injury,Multi-vehicle Collision,Pedestrian Negligence,3,Lorry; Motorcycle; Van,18-25,0,3,Low,"Armour Street Pettah, Colombo, Sri Lanka","Armour Street Pettah, Colombo, Sri Lanka","Armour St, Colombo, Sri Lanka",6.9424222,79.8637618,"Rain, Partially cloudy",0.398,11.7,84.9,76.1,2024-11-18T06:02:05,2024-11-18T17:49:41,Light Rain,Good,Monday,November,Yes,No,None,None
Hulftsdorp Junction,2024-11-18,20:18,Serious Injury,Multi-vehicle Collision,Unsafe Lane Change,4,Motorcycle; Three Wheeler; Lorry; Car,26-35,0,2,High,"Hulftsdorp Junction, Colombo, Sri Lanka","Hulftsdorp Junction, Colombo, Sri Lanka","Hultsdorf St, Colombo, Sri Lanka",6.9375553,79.8608161,"Rain, Partially cloudy",0.398,11.7,84.9,76.1,2024-11-18T06:02:05,2024-11-18T17:49:41,Light Rain,Good,Monday,November,No,No,None,None
Grandpass Junction,2024-11-19,17:13,Minor Injury,Pedestrian Collision,Reckless Driving,1,Motorcycle,26-35,0,1,Low,"Grandpass Junction, Colombo, Sri Lanka","Grandpass Junction, Colombo, Sri Lanka","Grandpass Rd, Colombo, Sri Lanka",6.9432514,79.8685531,"Rain, Overcast",1.33,11.0,87.0,95.3,2024-11-19T06:02:26,2024-11-19T17:49:47,Light Rain,Good,Tuesday,November,Yes,No,None,None
Union Place Borella,2024-11-20,04:03,Minor Injury,Pedestrian Collision,Distracted Driving,1,Lorry,18-25,0,2,High,"Union Place Borella, Colombo, Sri Lanka","Union Place Borella, Colombo, Sri Lanka","Colombo 08, Colombo, Sri Lanka",6.9147836,79.8775951,"Rain, Overcast",2.382,12.5,86.7,91.8,2024-11-20T06:02:48,2024-11-20T17:49:54,Light Rain,Good,Wednesday,November,No,No,None,None
Borella Junction,2024-11-20,08:46,Fatal,Head-on Collision,Driver Fatigue,2,Three Wheeler; Car,18-25,2,6,Moderate,"Borella Junction, Colombo, Sri Lanka","Borella Junction, Colombo, Sri Lanka","18 Dr NM Perera Mawatha Rd, Colombo 00800, Sri Lanka",6.9139525,79.878481,"Rain, Overcast",2.382,12.5,86.7,91.8,2024-11-20T06:02:48,2024-11-20T17:49:54,Light Rain,Good,Wednesday,November,Yes,No,None,None
"No. 56 Baseline Road, Dematagoda, Colombo 09",2024-11-22,09:30,Serious Injury,Single Vehicle Crash,Driver Negligence,1,Lorry,56+,0,6,High,"No. 56 Baseline Road, Dematagoda, Colombo 09, Colombo, Sri Lanka","No. 56 Baseline Road, Dematagoda, Colombo 09, Colombo, Sri Lanka","56 Baseline Rd, Colombo 00900, Sri Lanka",6.9279503,79.8779919,"Rain, Partially cloudy",0.15,6.8,86.5,77.3,2024-11-22T06:03:33,2024-11-22T17:50:12,Light Rain,Good,Friday,November,No,No,None,None
Darley Road Cinnamon Gardens,2024-11-23,07:12,Fatal,Rear-end Collision,Unsafe Lane Change,1,Motorcycle,26-35,1,1,High,"Darley Road Cinnamon Gardens, Colombo, Sri Lanka","Darley Road Cinnamon Gardens, Colombo, Sri Lanka","Darley Rd, Colombo, Sri Lanka",6.9228616,79.8620451,Partially cloudy,0.0,5.6,86.5,83.2,2024-11-23T06:03:56,2024-11-23T17:50:22,Partially Cloudy,Moderate,Saturday,November,Yes,No,None,None
Slave Island Junction,2024-11-25,07:25,Serious Injury,Side-impact Collision,Overspeeding,3,Bicycle; Motorcycle; Three Wheeler,18-25,0,5,High,"Slave Island Junction, Colombo, Sri Lanka","Slave Island Junction, Colombo, Sri Lanka","Kompannavidiya Flyover, Colombo, Sri Lanka",6.9266493,79.8483123,"Rain, Overcast",0.012,6.1,92.9,99.8,2024-11-25T06:04:45,2024-11-25T17:50:45,Light Rain,Good,Monday,November,Yes,No,None,None
Havelock Road Havelock Town,2024-11-25,08:01,Minor Injury,Multi-vehicle Collision,Failure to Yield,4,Van; Bus; Motorcycle; Three Wheeler,36-45,0,4,Low,"Havelock Road Havelock Town, Colombo, Sri Lanka","Havelock Road Havelock Town, Colombo, Sri Lanka","Havelock Rd, Colombo 00500, Sri Lanka",6.8903417,79.8638234,"Rain, Overcast",0.012,6.1,92.9,99.8,2024-11-25T06:04:45,2024-11-25T17:50:45,Light Rain,Good,Monday,November,Yes,No,None,None
Union Place,2024-11-26,16:25,Minor Injury,Side-impact Collision,Pedestrian Negligence,1,Motorcycle,26-35,0,2,High,"Union Place, Colombo, Sri Lanka","Union Place, Colombo, Sri Lanka","Union Place, Colombo, Sri Lanka",6.922958299999999,79.8523572,"Rain, Overcast",0.772,4.1,95.1,99.5,2024-11-26T06:05:10,2024-11-26T17:50:58,Light Rain,Moderate,Tuesday,November,Yes,No,None,None
Panchikawatte Junction,2024-11-29,10:40,Minor Injury,Side-impact Collision,Overspeeding,1,Motorcycle,26-35,0,2,Low,"Panchikawatte Junction, Colombo, Sri Lanka","Panchikawatte Junction, Colombo, Sri Lanka","Panchikawatta, Colombo 01000, Sri Lanka",6.9309682,79.8639835,Overcast,0.0,3.7,89.5,92.6,2024-11-29T06:06:28,2024-11-29T17:51:43,Overcast,Moderate,Friday,November,No,No,None,None
Narahenpita Junction,2024-11-30,12:55,Minor Injury,Pedestrian Collision,Driver Negligence,1,Lorry,26-35,0,1,Low,"Narahenpita Junction, Colombo, Sri Lanka","Narahenpita Junction, Colombo, Sri Lanka","Narahenpita, Colombo 00500, Sri Lanka",6.8899209,79.8826281,Overcast,0.008,3.7,93.5,98.5,2024-11-30T06:06:55,2024-11-30T17:51:59,Overcast,Moderate,Saturday,November,No,No,None,None
"Junction of Old Parliament Road and Polduwa Road, Kotte",2024-12-01,11:57,Minor Injury,Pedestrian Collision,Distracted Driving,1,Motorcycle,56+,0,2,Low,"Junction of Old Parliament Road and Polduwa Road, Kotte, Colombo, Sri Lanka","Junction of Old Parliament Road and Polduwa Road, Kotte, Colombo, Sri Lanka","Polduwa Rd, Sri Jayawardenepura Kotte, Sri Lanka",6.9038478,79.9164219,Partially cloudy,0.024,13.6,76.3,74.3,2024-12-01T06:07:23,2024-12-01T17:52:17,Partially Cloudy,Good,Sunday,December,No,No,None,None
Modara Junction,2024-12-02,12:01,Minor Injury,Multi-vehicle Collision,Driver Fatigue,2,Van; Motorcycle,56+,0,1,Low,"Modara Junction, Colombo, Sri Lanka","Modara Junction, Colombo, Sri Lanka","Modara, Colombo, Sri Lanka",6.9669247,79.8711533,Partially cloudy,0.0,7.3,73.9,48.0,2024-12-02T06:07:51,2024-12-02T17:52:35,Partially Cloudy,Good,Monday,December,No,No,None,None
Pettah Clock Tower Area,2024-12-02,18:35,Fatal,Head-on Collision,Reckless Driving,2,Motorcycle; Car,46-55,2,2,Moderate,"Pettah Clock Tower Area, Colombo, Sri Lanka","Pettah Clock Tower Area, Colombo, Sri Lanka","Pettah, Colombo, Sri Lanka",6.9367858,79.8525385,Partially cloudy,0.0,7.3,73.9,48.0,2024-12-02T06:07:51,2024-12-02T17:52:35,Partially Cloudy,Good,Monday,December,Yes,No,None,None
Modara Junction,2024-12-04,08:41,Minor Injury,Head-on Collision,Unsafe Lane Change,3,Three Wheeler; Motorcycle; Car,56+,0,1,Low,"Modara Junction, Colombo, Sri Lanka","Modara Junction, Colombo, Sri Lanka","Modara, Colombo, Sri Lanka",6.9669247,79.8711533,Partially cloudy,0.0,7.2,77.5,47.2,2024-12-04T06:08:48,2024-12-04T17:53:14,Partially Cloudy,Good,Wednesday,December,Yes,No,None,None