Location,Date of Accident,Time of Accident,Accident Severity,Collision Type,Cause of Accident,Number of Vehicles,Vehicle Types,Driver Age Group,Number of Fatalities,Number of Injuries,Property Damage Level,location_standardized,location_name,formatted_address,latitude,longitude,conditions,precip,visibility,humidity,cloudcover,sunrise,sunset,weather_condition_label,visibility_level,Week (Derived),Month (Derived),Peak Hour Indicator (Derived),Public Holiday Indicator (Derived),Public Holiday Name (Derived),Public Holiday Category (Derived)
Kotahena Junction,2024-12-09,19:57,Minor Injury,Side-impact Collision,Distracted Driving,4,Motorcycle; Car; Three Wheeler; Bus,18-25,0,4,Low,"Kotahena Junction, Colombo, Sri Lanka","Kotahena Junction, Colombo, Sri Lanka","Kotahena St, Colombo 01300, Sri Lanka",6.9494699,79.8626776,Partially cloudy,0.0,5.2,79.1,35.6,2024-12-09T06:11:15,2024-12-09T17:55:05,Partially Cloudy,Moderate,Monday,December,No,No,None,None
Grandpass Junction,2024-12-11,04:38,Minor Injury,Multi-vehicle Collision,Driver Negligence,3,Car; Motorcycle; Three Wheeler,26-35,0,2,Moderate,"Grandpass Junction, Colombo, Sri Lanka","Grandpass Junction, Colombo, Sri Lanka","Grandpass Rd, Colombo, Sri Lanka",6.9432514,79.8685531,Partially cloudy,0.0,6.5,82.1,43.5,2024-12-11T06:12:16,2024-12-11T17:55:55,Partially Cloudy,Good,Wednesday,December,No,No,None,None
D R Wijewardena Mawatha Dematagoda,2024-12-12,13:30,Minor Injury,Side-impact Collision,Poor Visibility,4,Car; Motorcycle; Three Wheeler; Bus,26-35,0,3,Low,"D R Wijewardena Mawatha Dematagoda, Colombo, Sri Lanka","D R Wijewardena Mawatha Dematagoda, Colombo, Sri Lanka","McCallum Rd, Colombo, Sri Lanka",6.9315143,79.8545206,"Rain, Partially cloudy",0.151,6.2,88.5,76.8,2024-12-12T06:12:46,2024-12-12T17:56:20,Light Rain,Good,Thursday,December,No,No,None,None
Panchikawatte Junction,2024-12-16,14:02,Serious Injury,Rear-end Collision,Distracted Driving,3,Bicycle; Motorcycle; Three Wheeler,36-45,0,6,High,"Panchikawatte Junction, Colombo, Sri Lanka","Panchikawatte Junction, Colombo, Sri Lanka","Panchikawatta, Colombo 01000, Sri Lanka",6.9309682,79.8639835,Overcast,0.002,6.1,85.3,93.8,2024-12-16T06:14:48,2024-12-16T17:58:08,Overcast,Good,Monday,December,No,No,None,None
D R Wijewardena Mawatha Fort,2024-12-16,21:25,Minor Injury,Single Vehicle Crash,Driver Negligence,1,Motorcycle,36-45,0,2,High,"D R Wijewardena Mawatha Fort, Colombo, Sri Lanka","D R Wijewardena Mawatha Fort, Colombo, Sri Lanka","McCallum Rd, Colombo, Sri Lanka",6.9324236,79.8505139,Overcast,0.002,6.1,85.3,93.8,2024-12-16T06:14:48,2024-12-16T17:58:08,Overcast,Good,Monday,December,No,No,None,None
High Level Road Kirulapone,2024-12-16,21:40,Minor Injury,Single Vehicle Crash,Drunk Driving,1,Van,26-35,0,1,Moderate,"High Level Road Kirulapone, Colombo, Sri Lanka","High Level Road Kirulapone, Colombo, Sri Lanka","High Level Rd, Colombo, Sri Lanka",6.8775584,79.8793098,Overcast,0.002,6.1,85.3,93.8,2024-12-16T06:14:48,2024-12-16T17:58:08,Overcast,Good,Monday,December,No,No,None,None
Hulftsdorp Junction,2024-12-18,14:03,Minor Injury,Side-impact Collision,Unsafe Lane Change,2,Car; Three Wheeler,36-45,0,2,Low,"Hulftsdorp Junction, Colombo, Sri Lanka","Hulftsdorp Junction, Colombo, Sri Lanka","Hultsdorf St, Colombo, Sri Lanka",6.9375553,79.8608161,Partially cloudy,0.001,6.9,83.5,64.9,2024-12-18T06:15:49,2024-12-18T17:59:04,Partially Cloudy,Good,Wednesday,December,No,No,None,None
Sea Street Junction,2024-12-19,15:36,Minor Injury,Multi-vehicle Collision,Reckless Driving,2,Three Wheeler; Van,18-25,0,3,Moderate,"Sea Street Junction, Colombo, Sri Lanka","Sea Street Junction, Colombo, Sri Lanka","Sea St, Colombo 01300, Sri Lanka",6.9418464,79.8542501,"Rain, Partially cloudy",0.637,5.9,86.2,57.4,2024-12-19T06:16:20,2024-12-19T17:59:33,Light Rain,Moderate,Thursday,December,No,No,None,None
Pelawatta Junction,2024-12-19,17:35,Serious Injury,Motorcycle Collision,Overspeeding,3,Motorcycle; Three Wheeler; Bicycle,18-25,0,3,Moderate,"Pelawatta Junction, Colombo, Sri Lanka","Pelawatta Junction, Colombo, Sri Lanka","B533, Sri Jayawardenepura Kotte, Sri Lanka",6.8913483,79.9289304,"Rain, Partially cloudy",0.637,5.9,86.2,57.4,2024-12-19T06:16:20,2024-12-19T17:59:33,Light Rain,Moderate,Thursday,December,Yes,No,None,None
Modara Junction,2024-12-19,21:11,Minor Injury,Motorcycle Collision,Poor Visibility,2,Motorcycle; Lorry,26-35,0,2,Moderate,"Modara Junction, Colombo, Sri Lanka","Modara Junction, Colombo, Sri Lanka","Modara, Colombo, Sri Lanka",6.9669247,79.8711533,"Rain, Partially cloudy",0.637,5.9,86.2,57.4,2024-12-19T06:16:20,2024-12-19T17:59:33,Light Rain,Moderate,Thursday,December,No,No,None,None
Galle Road Wellawatte,2024-12-20,06:40,Fatal,Side-impact Collision,Distracted Driving,3,Motorcycle; Three Wheeler; Bus,26-35,1,4,High,"Galle Road Wellawatte, Colombo, Sri Lanka","Galle Road Wellawatte, Colombo, Sri Lanka","Galle Rd, Colombo, Sri Lanka",6.8755051,79.861039,"Rain, Partially cloudy",0.022,6.9,83.5,46.9,2024-12-20T06:16:50,2024-12-20T18:00:03,Light Rain,Good,Friday,December,No,No,None,None
Borella Junction,2024-12-21,07:19,Minor Injury,Rear-end Collision,Driver Fatigue,2,Bicycle; Three Wheeler,36-45,0,3,Moderate,"Borella Junction, Colombo, Sri Lanka","Borella Junction, Colombo, Sri Lanka","18 Dr NM Perera Mawatha Rd, Colombo 00800, Sri Lanka",6.9139525,79.878481,Partially cloudy,0.007,6.6,85.5,62.8,2024-12-21T06:17:20,2024-12-21T18:00:32,Partially Cloudy,Good,Saturday,December,Yes,No,None,None
Bambalapitiya Railway Station Area,2024-12-24,07:33,Minor Injury,Motorcycle Collision,Pedestrian Negligence,4,Motorcycle; Bus; Car; Three Wheeler,26-35,0,3,Low,"Bambalapitiya Railway Station Area, Colombo, Sri Lanka","Bambalapitiya Railway Station Area, Colombo, Sri Lanka","Bambalapitiya Railway Station, Colombo, Sri Lanka",6.8936984,79.8529574,Partially cloudy,0.0,7.0,78.6,20.7,2024-12-24T06:18:48,2024-12-24T18:02:03,Partially Cloudy,Good,Tuesday,December,Yes,No,None,None
Fort Railway Station Area,2024-12-25,08:02,Fatal,Side-impact Collision,Distracted Driving,2,Car; Motorcycle,18-25,1,5,High,"Fort Railway Station Area, Colombo, Sri Lanka","Fort Railway Station Area, Colombo, Sri Lanka","Fort Railway station, Colombo, Sri Lanka",6.9337011,79.85003019999999,Partially cloudy,0.0,6.8,77.9,21.0,2024-12-25T06:19:17,2024-12-25T18:02:34,Partially Cloudy,Good,Wednesday,December,Yes,Yes,Christmas Day,Global
"No. 09 Station Road, Maharagama",2024-12-26,11:14,Minor Injury,Pedestrian Collision,Distracted Driving,1,Motorcycle,18-25,0,1,Moderate,"No. 09 Station Road, Maharagama, Colombo, Sri Lanka","No. 09 Station Road, Maharagama, Colombo, Sri Lanka","9 Station Rd, Colombo 00400, Sri Lanka",6.893399199999999,79.8545163,Partially cloudy,0.004,6.5,79.4,25.0,2024-12-26T06:19:46,2024-12-26T18:03:04,Partially Cloudy,Good,Thursday,December,No,No,None,None
Grandpass Junction,2024-12-26,13:51,Minor Injury,Side-impact Collision,Unsafe Lane Change,2,Bus; Bicycle,26-35,0,1,Low,"Grandpass Junction, Colombo, Sri Lanka","Grandpass Junction, Colombo, Sri Lanka","Grandpass Rd, Colombo, Sri Lanka",6.9432514,79.8685531,Partially cloudy,0.004,6.5,79.4,25.0,2024-12-26T06:19:46,2024-12-26T18:03:04,Partially Cloudy,Good,Thursday,December,No,No,None,None
"Junction of High Level Road and Hospital Road, Kirulapone, Colombo 06",2024-12-29,18:23,Minor Injury,Multi-vehicle Collision,Overspeeding,4,Bus; Motorcycle; Three Wheeler; Van,18-25,0,4,Low,"Junction of High Level Road and Hospital Road, Kirulapone, Colombo 06, Colombo, Sri Lanka","Junction of High Level Road and Hospital Road, Kirulapone, Colombo 06, Colombo, Sri Lanka","High Level Rd & Hospital Rd, Homagama, Sri Lanka",6.8397268,79.9940711,Partially cloudy,0.0,6.9,77.7,50.8,2024-12-29T06:21:09,2024-12-29T18:04:37,Partially Cloudy,Good,Sunday,December,Yes,No,None,None
Union Place Slave Island,2024-12-30,18:11,Minor Injury,Rear-end Collision,Mechanical Failure,2,Three Wheeler; Car,36-45,0,3,Low,"Union Place Slave Island, Colombo, Sri Lanka","Union Place Slave Island, Colombo, Sri Lanka","Union Pl, Colombo, Sri Lanka",6.9203664,79.8578057,"Rain, Partially cloudy",0.078,6.6,84.2,46.2,2024-12-30T06:21:35,2024-12-30T18:05:08,Light Rain,Good,Monday,December,Yes,No,None,None
Maradana Junction,2024-12-31,12:42,Minor Injury,Rear-end Collision,Reckless Driving,3,Lorry; Three Wheeler; Motorcycle,36-45,0,3,Moderate,"Maradana Junction, Colombo, Sri Lanka","Maradana Junction, Colombo, Sri Lanka","Maradana Junction, Colombo 01000, Sri Lanka",6.928874,79.8637428,Partially cloudy,0.0,6.9,84.8,61.7,2024-12-31T06:22:02,2024-12-31T18:05:39,Partially Cloudy,Good,Tuesday,December,No,No,None,None
Pamankada Junction,2025-01-01,13:50,Minor Injury,Pedestrian Collision,Reckless Driving,2,Car; Bus,18-25,0,2,Low,"Pamankada Junction, Colombo, Sri Lanka","Pamankada Junction, Colombo, Sri Lanka","Pamankada Ln, Colombo, Sri Lanka",6.8756803,79.8676529,Partially cloudy,0.004,7.3,87.8,68.9,2025-01-01T06:22:27,2025-01-01T18:06:10,Partially Cloudy,Good,Wednesday,January,No,Yes,New Year's Day,Global
Darley Road Cinnamon Gardens,2025-01-01,16:30,Minor Injury,Rear-end Collision,Driver Fatigue,2,Three Wheeler; Van,46-55,0,1,Moderate,"Darley Road Cinnamon Gardens, Colombo, Sri Lanka","Darley Road Cinnamon Gardens, Colombo, Sri Lanka","Darley Rd, Colombo, Sri Lanka",6.9228616,79.8620451,Partially cloudy,0.004,7.3,87.8,68.9,2025-01-01T06:22:27,2025-01-01T18:06:10,Partially Cloudy,Good,Wednesday,January,Yes,Yes,New Year's Day,Global
Pamankada Junction,2025-01-02,19:32,Serious Injury,Rear-end Collision,Driver Negligence,1,Bicycle,26-35,0,6,High,"Pamankada Junction, Colombo, Sri Lanka","Pamankada Junction, Colombo, Sri Lanka","Pamankada Ln, Colombo, Sri Lanka",6.8756803,79.8676529,"Rain, Partially cloudy",0.053,5.6,80.5,77.0,2025-01-02T06:22:53,2025-01-02T18:06:41,Light Rain,Moderate,Thursday,January,No,No,None,None
Wellawatte Junction,2025-01-03,10:36,Minor Injury,Rear-end Collision,Overspeeding,2,Lorry; Motorcycle,36-45,0,2,High,"Wellawatte Junction, Colombo, Sri Lanka","Wellawatte Junction, Colombo, Sri Lanka","Wellawatte, Colombo 00600, Sri Lanka",6.874092099999999,79.8604934,Partially cloudy,0.0,5.1,72.6,43.2,2025-01-03T06:23:17,2025-01-03T18:07:12,Partially Cloudy,Moderate,Friday,January,No,No,None,None
D R Wijewardena Mawatha Fort,2025-01-04,20:29,Minor Injury,Motorcycle Collision,Driver Negligence,1,Motorcycle,36-45,0,2,Low,"D R Wijewardena Mawatha Fort, Colombo, Sri Lanka","D R Wijewardena Mawatha Fort, Colombo, Sri Lanka","McCallum Rd, Colombo, Sri Lanka",6.9324236,79.8505139,Partially cloudy,0.0,6.3,73.9,58.6,2025-01-04T06:23:41,2025-01-04T18:07:43,Partially Cloudy,Good,Saturday,January,No,No,None,None
Kochchikade Junction,2025-01-04,23:56,Minor Injury,Side-impact Collision,Reckless Driving,2,Motorcycle; Three Wheeler,26-35,0,3,Low,"Kochchikade Junction, Colombo, Sri Lanka","Kochchikade Junction, Colombo, Sri Lanka","Colombo, Sri Lanka",6.9270786,79.861243,Partially cloudy,0.0,6.3,73.9,58.6,2025-01-04T06:23:41,2025-01-04T18:07:43,Partially Cloudy,Good,Saturday,January,No,No,None,None
Sir Chittampalam A Gardiner Mawatha Fort,2025-01-05,14:02,Serious Injury,Multi-vehicle Collision,Reckless Driving,3,Bicycle; Motorcycle; Car,36-45,0,6,Low,"Sir Chittampalam A Gardiner Mawatha Fort, Colombo, Sri Lanka","Sir Chittampalam A Gardiner Mawatha Fort, Colombo, Sri Lanka","Sir Chittampalam A Gardiner Mawath, Colombo, Sri Lanka",6.9298377,79.8477933,Partially cloudy,0.0,6.7,74.9,53.0,2025-01-05T06:24:04,2025-01-05T18:08:14,Partially Cloudy,Good,Sunday,January,No,No,None,None
Justice Akbar Mawatha Slave Island,2025-01-05,18:34,Minor Injury,Head-on Collision,Unsafe Lane Change,2,Bicycle; Lorry,18-25,0,2,Moderate,"Justice Akbar Mawatha Slave Island, Colombo, Sri Lanka","Justice Akbar Mawatha Slave Island, Colombo, Sri Lanka","Justice Akbar Mawatha, Colombo, Sri Lanka",6.9238481,79.8503668,Partially cloudy,0.0,6.7,74.9,53.0,2025-01-05T06:24:04,2025-01-05T18:08:14,Partially Cloudy,Good,Sunday,January,Yes,No,None,None
Union Place Borella,2025-01-06,04:37,Serious Injury,Motorcycle Collision,Failure to Yield,2,Motorcycle; Bicycle,18-25,0,3,High,"Union Place Borella, Colombo, Sri Lanka","Union Place Borella, Colombo, Sri Lanka","Colombo 08, Colombo, Sri Lanka",6.9147836,79.8775951,Partially cloudy,0.0,6.9,72.7,41.9,2025-01-06T06:24:27,2025-01-06T18:08:44,Partially Cloudy,Good,Monday,January,No,No,None,None
Bambalapitiya Railway Station Area,2025-01-06,09:47,Minor Injury,Multi-vehicle Collision,Driver Negligence,3,Three Wheeler; Car; Motorcycle,26-35,0,1,Moderate,"Bambalapitiya Railway Station Area, Colombo, Sri Lanka","Bambalapitiya Railway Station Area, Colombo, Sri Lanka","Bambalapitiya Railway Station, Colombo, Sri Lanka",6.8936984,79.8529574,Partially cloudy,0.0,6.9,72.7,41.9,2025-01-06T06:24:27,2025-01-06T18:08:44,Partially Cloudy,Good,Monday,January,No,No,None,None
"No. 05 Sirimavo Bandaranaike Mawatha, Grandpass, Colombo 14",2025-01-06,23:52,Minor Injury,Motorcycle Collision,Reckless Driving,2,Motorcycle; Car,46-55,0,1,Low,"No. 05 Sirimavo Bandaranaike Mawatha, Grandpass, Colombo 14, Colombo, Sri Lanka","No. 05 Sirimavo Bandaranaike Mawatha, Grandpass, Colombo 14, Colombo, Sri Lanka","5 Sirimavo Bandaranaike Mawatha, Colombo 01300, Sri Lanka",6.944629399999999,79.8665427,Partially cloudy,0.0,6.9,72.7,41.9,2025-01-06T06:24:27,2025-01-06T18:08:44,Partially Cloudy,Good,Monday,January,No,No,None,None
Maradana Junction,2025-01-07,17:49,Minor Injury,Side-impact Collision,Poor Visibility,4,Car; Motorcycle; Three Wheeler; Bicycle,18-25,0,1,Low,"Maradana Junction, Colombo, Sri Lanka","Maradana Junction, Colombo, Sri Lanka","Maradana Junction, Colombo 01000, Sri Lanka",6.928874,79.8637428,Partially cloudy,0.0,175.3,81.9,24.4,2025-01-07T06:24:49,2025-01-07T18:09:14,Partially Cloudy,Good,Tuesday,January,Yes,No,None,None
Sir Chittampalam A Gardiner Mawatha Fort,2025-01-08,09:57,Serious Injury,Single Vehicle Crash,Driver Negligence,1,Three Wheeler,36-45,0,2,High,"Sir Chittampalam A Gardiner Mawatha Fort, Colombo, Sri Lanka","Sir Chittampalam A Gardiner Mawatha Fort, Colombo, Sri Lanka","Sir Chittampalam A Gardiner Mawath, Colombo, Sri Lanka",6.9298377,79.8477933,Partially cloudy,0.0,6.5,77.4,30.3,2025-01-08T06:25:10,2025-01-08T18:09:44,Partially Cloudy,Good,Wednesday,January,No,No,None,None
Panchikawatte,2025-01-09,01:47,Minor Injury,Side-impact Collision,Driver Negligence,1,Motorcycle,18-25,0,2,Low,"Panchikawatte, Colombo, Sri Lanka","Panchikawatte, Colombo, Sri Lanka","Panchikawatta, Colombo 01000, Sri Lanka",6.9309682,79.8639835,Partially cloudy,0.0,6.5,74.5,58.4,2025-01-09T06:25:31,2025-01-09T18:10:13,Partially Cloudy,Good,Thursday,January,No,No,None,None
Mutwal Road Mutwal,2025-01-10,06:56,Fatal,Multi-vehicle Collision,Distracted Driving,3,Motorcycle; Three Wheeler; Car,18-25,2,4,Moderate,"Mutwal Road Mutwal, Colombo, Sri Lanka","Mutwal Road Mutwal, Colombo, Sri Lanka","Muthuwella Mawatha, Colombo, Sri Lanka",6.9640994,79.8649458,Partially cloudy,0.0,7.0,78.6,54.5,2025-01-10T06:25:50,2025-01-10T18:10:43,Partially Cloudy,Good,Friday,January,No,No,None,None
"Junction of Kolonnawa Road and Wellampitiya Road, Wellampitiya",2025-01-10,22:22,Fatal,Pedestrian Collision,Overspeeding,2,Three Wheeler; Car,18-25,1,1,Moderate,"Junction of Kolonnawa Road and Wellampitiya Road, Wellampitiya, Colombo, Sri Lanka","Junction of Kolonnawa Road and Wellampitiya Road, Wellampitiya, Colombo, Sri Lanka","Kolonnawa Rd, Sri Lanka",6.9324687,79.8915123,Partially cloudy,0.0,7.0,78.6,54.5,2025-01-10T06:25:50,2025-01-10T18:10:43,Partially Cloudy,Good,Friday,January,No,No,None,None
Baseline Road Borella,2025-01-12,03:26,Minor Injury,Rear-end Collision,Driver Negligence,1,Car,18-25,0,4,Low,"Baseline Road Borella, Colombo, Sri Lanka","Baseline Road Borella, Colombo, Sri Lanka","Baseline Rd, Colombo, Sri Lanka",6.919902,79.8776917,"Rain, Overcast",0.048,6.1,92.3,97.2,2025-01-12T06:26:27,2025-01-12T18:11:40,Light Rain,Good,Sunday,January,No,No,None,None
High Level Road Kirulapone,2025-01-13,11:35,Minor Injury,Head-on Collision,Overspeeding,2,Motorcycle; Car,18-25,0,4,Low,"High Level Road Kirulapone, Colombo, Sri Lanka","High Level Road Kirulapone, Colombo, Sri Lanka","High Level Rd, Colombo, Sri Lanka",6.8775584,79.8793098,Partially cloudy,0.002,6.6,79.4,51.7,2025-01-13T06:26:45,2025-01-13T18:12:08,Partially Cloudy,Good,Monday,January,No,Yes,Duruthu Full Moon Poya Day,Local
Dematagoda Junction,2025-01-13,15:28,Serious Injury,Multi-vehicle Collision,Driver Fatigue,4,Car; Van; Bicycle; Three Wheeler,56+,0,6,Moderate,"Dematagoda Junction, Colombo, Sri Lanka","Dematagoda Junction, Colombo, Sri Lanka","Dematagoda Pl, Colombo, Sri Lanka",6.9293231,79.8764195,Partially cloudy,0.002,6.6,79.4,51.7,2025-01-13T06:26:45,2025-01-13T18:12:08,Partially Cloudy,Good,Monday,January,No,Yes,Duruthu Full Moon Poya Day,Local
Bambalapitiya Junction,2025-01-14,09:31,Fatal,Rear-end Collision,Overspeeding,2,Three Wheeler; Bicycle,26-35,1,3,High,"Bambalapitiya Junction, Colombo, Sri Lanka","Bambalapitiya Junction, Colombo, Sri Lanka","Bambalapitiya, Colombo 00500, Sri Lanka",6.8894192,79.8575468,"Rain, Partially cloudy",0.022,7.2,88.9,77.1,2025-01-14T06:27:01,2025-01-14T18:12:36,Light Rain,Good,Tuesday,January,No,Yes,Tamil Thai Pongal Day,Local
Sir Chittampalam A Gardiner Mawatha Fort,2025-01-14,13:11,Serious Injury,Rear-end Collision,Unsafe Lane Change,2,Motorcycle; Car,56+,0,2,High,"Sir Chittampalam A Gardiner Mawatha Fort, Colombo, Sri Lanka","Sir Chittampalam A Gardiner Mawatha Fort, Colombo, Sri Lanka","Sir Chittampalam A Gardiner Mawath, Colombo, Sri Lanka",6.9298377,79.8477933,"Rain, Partially cloudy",0.022,7.2,88.9,77.1,2025-01-14T06:27:01,2025-01-14T18:12:36,Light Rain,Good,Tuesday,January,No,Yes,Tamil Thai Pongal Day,Local
Alfred Place Colombo 03,2025-01-17,12:53,Serious Injury,Pedestrian Collision,Reckless Driving,1,Van,46-55,0,6,High,"Alfred Place Colombo 03, Colombo, Sri Lanka","Alfred Place Colombo 03, Colombo, Sri Lanka","Alfred Pl, Colombo, Sri Lanka",6.9024159,79.8557709,Partially cloudy,0.0,5.9,74.0,38.9,2025-01-17T06:27:45,2025-01-17T18:13:57,Partially Cloudy,Moderate,Friday,January,No,No,None,None
Wellawatte Junction,2025-01-18,19:09,Minor Injury,Multi-vehicle Collision,Failure to Yield,3,Three Wheeler; Bicycle; Car,36-45,0,2,Low,"Wellawatte Junction, Colombo, Sri Lanka","Wellawatte Junction, Colombo, Sri Lanka","Wellawatte, Colombo 00600, Sri Lanka",6.874092099999999,79.8604934,"Rain, Partially cloudy",0.02,6.3,83.4,67.7,2025-01-18T06:27:58,2025-01-18T18:14:22,Light Rain,Good,Saturday,January,No,No,None,None
Nelum Pokuna Area,2025-01-19,16:11,Minor Injury,Single Vehicle Crash,Driver Fatigue,1,Motorcycle,46-55,0,1,Low,"Nelum Pokuna Area, Colombo, Sri Lanka","Nelum Pokuna Area, Colombo, Sri Lanka","110 Ananda Coomaraswamy Mawatha, Colombo 00700, Sri Lanka",6.910803199999999,79.86344670000001,"Rain, Overcast",0.456,6.5,93.7,92.8,2025-01-19T06:28:10,2025-01-19T18:14:48,Light Rain,Good,Sunday,January,Yes,No,None,None
"Junction of Darley Road and Norris Canal Road, Colombo 10",2025-01-21,08:55,Minor Injury,Side-impact Collision,Distracted Driving,2,Three Wheeler; Bus,18-25,0,4,Moderate,"Junction of Darley Road and Norris Canal Road, Colombo 10, Colombo, Sri Lanka","Junction of Darley Road and Norris Canal Road, Colombo 10, Colombo, Sri Lanka","Norris Canal Rd, Colombo 01000, Sri Lanka",6.9210399,79.8659874,"Rain, Partially cloudy",0.037,7.2,72.7,29.9,2025-01-21T06:28:31,2025-01-21T18:15:37,Light Rain,Good,Tuesday,January,Yes,No,None,None
High Level Road Kirulapone,2025-01-24,08:39,Minor Injury,Rear-end Collision,Distracted Driving,2,Motorcycle; Bus,18-25,0,3,Low,"High Level Road Kirulapone, Colombo, Sri Lanka","High Level Road Kirulapone, Colombo, Sri Lanka","High Level Rd, Colombo, Sri Lanka",6.8775584,79.8793098,Partially cloudy,0.0,5.9,84.4,35.8,2025-01-24T06:28:56,2025-01-24T18:16:46,Partially Cloudy,Moderate,Friday,January,Yes,No,None,None
Pettah Market Area,2025-01-24,21:41,Minor Injury,Motorcycle Collision,Poor Visibility,2,Motorcycle; Van,18-25,0,2,Low,"Pettah Market Area, Colombo, Sri Lanka","Pettah Market Area, Colombo, Sri Lanka","WVP3+VMM, Keyzer St, Colombo 01100, Sri Lanka",6.937201699999999,79.854187,Partially cloudy,0.0,5.9,84.4,35.8,2025-01-24T06:28:56,2025-01-24T18:16:46,Partially Cloudy,Moderate,Friday,January,No,No,None,None
Maradana Junction,2025-01-26,07:51,Minor Injury,Pedestrian Collision,Driver Negligence,1,Motorcycle,56+,0,2,High,"Maradana Junction, Colombo, Sri Lanka","Maradana Junction, Colombo, Sri Lanka","Maradana Junction, Colombo 01000, Sri Lanka",6.928874,79.8637428,Partially cloudy,0.001,5.6,73.0,25.3,2025-01-26T06:29:08,2025-01-26T18:17:28,Partially Cloudy,Moderate,Sunday,January,Yes,No,None,None
Sir Chittampalam A Gardiner Mawatha Fort,2025-01-27,19:29,Serious Injury,Multi-vehicle Collision,Driver Negligence,3,Bicycle; Car; Motorcycle,46-55,0,3,Moderate,"Sir Chittampalam A Gardiner Mawatha Fort, Colombo, Sri Lanka","Sir Chittampalam A Gardiner Mawatha Fort, Colombo, Sri Lanka","Sir Chittampalam A Gardiner Mawath, Colombo, Sri Lanka",6.9298377,79.8477933,Partially cloudy,0.0,6.1,63.9,28.7,2025-01-27T06:29:13,2025-01-27T18:17:49,Partially Cloudy,Good,Monday,January,No,No,None,None
Panchikawatte,2025-01-29,18:01,Serious Injury,Rear-end Collision,Driver Negligence,4,Three Wheeler; Motorcycle; Van; Bicycle,36-45,0,3,High,"Panchikawatte, Colombo, Sri Lanka","Panchikawatte, Colombo, Sri Lanka","Panchikawatta, Colombo 01000, Sri Lanka",6.9309682,79.8639835,Partially cloudy,0.007,4.6,73.7,33.4,2025-01-29T06:29:19,2025-01-29T18:18:28,Partially Cloudy,Moderate,Wednesday,January,Yes,No,None,None
High Level Road Kirulapone,2025-01-30,12:02,Minor Injury,Motorcycle Collision,Drunk Driving,3,Motorcycle; Van; Three Wheeler,36-45,0,3,Moderate,"High Level Road Kirulapone, Colombo, Sri Lanka","High Level Road Kirulapone, Colombo, Sri Lanka","High Level Rd, Colombo, Sri Lanka",6.8775584,79.8793098,"Rain, Partially cloudy",0.128,5.8,81.0,36.3,2025-01-30T06:29:20,2025-01-30T18:18:46,Light Rain,Moderate,Thursday,January,No,No,None,None
Borella Junction,2025-01-30,22:59,Minor Injury,Motorcycle Collision,Reckless Driving,2,Motorcycle; Car,46-55,0,1,Low,"Borella Junction, Colombo, Sri Lanka","Borella Junction, Colombo, Sri Lanka","18 Dr NM Perera Mawatha Rd, Colombo 00800, Sri Lanka",6.9139525,79.878481,"Rain, Partially cloudy",0.128,5.8,81.0,36.3,2025-01-30T06:29:20,2025-01-30T18:18:46,Light Rain,Moderate,Thursday,January,No,No,None,None
Darley Road Cinnamon Gardens,2025-02-01,11:15,Minor Injury,Motorcycle Collision,Driver Negligence,2,Motorcycle; Van,18-25,0,2,High,"Darley Road Cinnamon Gardens, Colombo, Sri Lanka","Darley Road Cinnamon Gardens, Colombo, Sri Lanka","Darley Rd, Colombo, Sri Lanka",6.9228616,79.8620451,Partially cloudy,0.003,7.4,75.6,29.0,2025-02-01T06:29:20,2025-02-01T18:19:21,Partially Cloudy,Good,Saturday,February,No,No,None,None
Bauddhaloka Mawatha Cinnamon Gardens,2025-02-03,21:13,Minor Injury,Rear-end Collision,Driver Fatigue,2,Car; Three Wheeler,46-55,0,1,Low,"Bauddhaloka Mawatha Cinnamon Gardens, Colombo, Sri Lanka","Bauddhaloka Mawatha Cinnamon Gardens, Colombo, Sri Lanka","Bauddhaloka Mawatha, Colombo 00700, Sri Lanka",6.901932,79.8694402,Clear,0.0,7.0,63.9,14.2,2025-02-03T06:29:17,2025-02-03T18:19:53,Clear,Good,Monday,February,No,No,None,None
Hulftsdorp Junction,2025-02-04,05:33,Minor Injury,Motorcycle Collision,Failure to Yield,2,Motorcycle; Bicycle,26-35,0,3,High,"Hulftsdorp Junction, Colombo, Sri Lanka","Hulftsdorp Junction, Colombo, Sri Lanka","Hultsdorf St, Colombo, Sri Lanka",6.9375553,79.8608161,Clear,0.0,6.1,69.2,13.1,2025-02-04T06:29:14,2025-02-04T18:20:08,Clear,Good,Tuesday,February,No,Yes,Independence Day,Local