Location,Date of Accident,Time of Accident,Accident Severity,Collision Type,Cause of Accident,Number of Vehicles,Vehicle Types,Driver Age Group,Number of Fatalities,Number of Injuries,Property Damage Level,location_standardized,location_name,formatted_address,latitude,longitude,conditions,precip,visibility,humidity,cloudcover,sunrise,sunset,weather_condition_label,visibility_level,Week (Derived),Month (Derived),Peak Hour Indicator (Derived),Public Holiday Indicator (Derived),Public Holiday Name (Derived),Public Holiday Category (Derived)
Slave Island Junction,2025-02-04,12:10,Minor Injury,Pedestrian Collision,Unsafe Lane Change,1,Motorcycle,56+,0,2,Low,"Slave Island Junction, Colombo, Sri Lanka","Slave Island Junction, Colombo, Sri Lanka","Kompannavidiya Flyover, Colombo, Sri Lanka",6.9266493,79.8483123,Clear,0.0,6.1,69.2,13.1,2025-02-04T06:29:14,2025-02-04T18:20:08,Clear,Good,Tuesday,February,No,Yes,Independence Day,Local
Fort Bus Stand Area,2025-02-06,16:36,Fatal,Rear-end Collision,Reckless Driving,2,Car; Van,18-25,1,5,High,"Fort Bus Stand Area, Colombo, Sri Lanka","Fort Bus Stand Area, Colombo, Sri Lanka","WVM4+6G8 Bastian Mawatha Bus Station, Olcott Mawatha, Colombo, Sri Lanka",6.932847,79.856589,Clear,0.0,4.9,70.5,11.3,2025-02-06T06:29:04,2025-02-06T18:20:36,Clear,Moderate,Thursday,February,Yes,No,None,None
"No. 47 Sri Sangaraja Mawatha, Colombo 10",2025-02-06,18:51,Minor Injury,Multi-vehicle Collision,Overspeeding,3,Lorry; Car; Three Wheeler,36-45,0,1,High,"No. 47 Sri Sangaraja Mawatha, Colombo 10, Colombo, Sri Lanka","No. 47 Sri Sangaraja Mawatha, Colombo 10, Colombo, Sri Lanka","47 Sri Sangaraja Mawatha, Colombo 01000, Sri Lanka",6.933855899999999,79.8647364,Clear,0.0,4.9,70.5,11.3,2025-02-06T06:29:04,2025-02-06T18:20:36,Clear,Moderate,Thursday,February,Yes,No,None,None
Galle Road Wellawatte,2025-02-07,23:33,Serious Injury,Motorcycle Collision,Failure to Yield,2,Motorcycle; Bicycle,26-35,0,3,High,"Galle Road Wellawatte, Colombo, Sri Lanka","Galle Road Wellawatte, Colombo, Sri Lanka","Galle Rd, Colombo, Sri Lanka",6.8755051,79.861039,Clear,0.0,5.1,63.9,15.8,2025-02-07T06:28:58,2025-02-07T18:20:49,Clear,Moderate,Friday,February,No,No,None,None
Borella Junction,2025-02-08,17:28,Minor Injury,Head-on Collision,Driver Negligence,1,Three Wheeler,26-35,0,1,Low,"Borella Junction, Colombo, Sri Lanka","Borella Junction, Colombo, Sri Lanka","18 Dr NM Perera Mawatha Rd, Colombo 00800, Sri Lanka",6.9139525,79.878481,Clear,0.0,6.1,51.1,11.6,2025-02-08T06:28:51,2025-02-08T18:21:01,Clear,Good,Saturday,February,Yes,No,None,None
Mutwal Road Mutwal,2025-02-09,13:36,Minor Injury,Pedestrian Collision,Reckless Driving,1,Motorcycle,46-55,0,2,Moderate,"Mutwal Road Mutwal, Colombo, Sri Lanka","Mutwal Road Mutwal, Colombo, Sri Lanka","Muthuwella Mawatha, Colombo, Sri Lanka",6.9640994,79.8649458,Clear,0.0,5.5,57.7,18.4,2025-02-09T06:28:44,2025-02-09T18:21:13,Clear,Moderate,Sunday,February,No,No,None,None
"Junction of Union Place and Kumaran Ratnam Road, Colombo 02",2025-02-09,16:20,Minor Injury,Side-impact Collision,Overspeeding,2,Bus; Car,26-35,0,2,Moderate,"Junction of Union Place and Kumaran Ratnam Road, Colombo 02, Colombo, Sri Lanka","Junction of Union Place and Kumaran Ratnam Road, Colombo 02, Colombo, Sri Lanka","Kumaran Ratnam Rd, Colombo, Sri Lanka",6.9255031,79.8516797,Clear,0.0,5.5,57.7,18.4,2025-02-09T06:28:44,2025-02-09T18:21:13,Clear,Moderate,Sunday,February,Yes,No,None,None
Thalawathugoda Junction,2025-02-10,08:44,Fatal,Side-impact Collision,Distracted Driving,1,Motorcycle,26-35,1,2,High,"Thalawathugoda Junction, Colombo, Sri Lanka","Thalawathugoda Junction, Colombo, Sri Lanka","Thalawathugoda Junction, Ruhunupura, Sri Lanka",6.8763156,79.9353488,Clear,0.0,6.6,61.4,6.9,2025-02-10T06:28:35,2025-02-10T18:21:24,Clear,Good,Monday,February,Yes,No,None,None
Union Place Borella,2025-02-13,09:35,Minor Injury,Side-impact Collision,Pedestrian Negligence,2,Three Wheeler; Motorcycle,36-45,0,4,High,"Union Place Borella, Colombo, Sri Lanka","Union Place Borella, Colombo, Sri Lanka","Colombo 08, Colombo, Sri Lanka",6.9147836,79.8775951,Clear,0.0,7.2,68.5,16.1,2025-02-13T06:28:04,2025-02-13T18:21:52,Clear,Good,Thursday,February,No,No,None,None
Narahenpita Junction,2025-02-13,13:01,Minor Injury,Single Vehicle Crash,Unsafe Lane Change,1,Bicycle,46-55,0,4,Moderate,"Narahenpita Junction, Colombo, Sri Lanka","Narahenpita Junction, Colombo, Sri Lanka","Narahenpita, Colombo 00500, Sri Lanka",6.8899209,79.8826281,Clear,0.0,7.2,68.5,16.1,2025-02-13T06:28:04,2025-02-13T18:21:52,Clear,Good,Thursday,February,No,No,None,None
Liberty Plaza Area,2025-02-13,19:52,Minor Injury,Side-impact Collision,Failure to Yield,2,Three Wheeler; Lorry,26-35,0,1,Moderate,"Liberty Plaza Area, Colombo, Sri Lanka","Liberty Plaza Area, Colombo, Sri Lanka","300 Srimath Anagarika Dharmapala Mawatha, Colombo 00300, Sri Lanka",6.9118996,79.85130869999999,Clear,0.0,7.2,68.5,16.1,2025-02-13T06:28:04,2025-02-13T18:21:52,Clear,Good,Thursday,February,No,No,None,None
Messenger Street Pettah,2025-02-14,08:31,Serious Injury,Rear-end Collision,Driver Negligence,1,Bicycle,26-35,0,2,High,"Messenger Street Pettah, Colombo, Sri Lanka","Messenger Street Pettah, Colombo, Sri Lanka","M. J. M. Lafeer Mawatha, Colombo, Sri Lanka",6.9411356,79.8629811,Clear,0.0,6.4,70.3,9.3,2025-02-14T06:27:51,2025-02-14T18:22:00,Clear,Good,Friday,February,Yes,No,None,None
Bambalapitiya Junction,2025-02-14,09:36,Minor Injury,Pedestrian Collision,Overspeeding,1,Motorcycle,26-35,0,2,Moderate,"Bambalapitiya Junction, Colombo, Sri Lanka","Bambalapitiya Junction, Colombo, Sri Lanka","Bambalapitiya, Colombo 00500, Sri Lanka",6.8894192,79.8575468,Clear,0.0,6.4,70.3,9.3,2025-02-14T06:27:51,2025-02-14T18:22:00,Clear,Good,Friday,February,No,No,None,None
Mutwal Road Mutwal,2025-02-14,10:32,Serious Injury,Motorcycle Collision,Poor Visibility,2,Motorcycle; Car,26-35,0,3,Moderate,"Mutwal Road Mutwal, Colombo, Sri Lanka","Mutwal Road Mutwal, Colombo, Sri Lanka","Muthuwella Mawatha, Colombo, Sri Lanka",6.9640994,79.8649458,Clear,0.0,6.4,70.3,9.3,2025-02-14T06:27:51,2025-02-14T18:22:00,Clear,Good,Friday,February,No,No,None,None
Modara Junction,2025-02-14,23:19,Minor Injury,Single Vehicle Crash,Driver Negligence,1,Motorcycle,46-55,0,1,Moderate,"Modara Junction, Colombo, Sri Lanka","Modara Junction, Colombo, Sri Lanka","Modara, Colombo, Sri Lanka",6.9669247,79.8711533,Clear,0.0,6.4,70.3,9.3,2025-02-14T06:27:51,2025-02-14T18:22:00,Clear,Good,Friday,February,No,No,None,None
Sea Street Pettah,2025-02-16,09:12,Serious Injury,Multi-vehicle Collision,Poor Visibility,4,Motorcycle; Car; Three Wheeler; Bicycle,36-45,0,6,High,"Sea Street Pettah, Colombo, Sri Lanka","Sea Street Pettah, Colombo, Sri Lanka","Sea St, Colombo 01300, Sri Lanka",6.9418464,79.8542501,Clear,0.0,7.8,70.9,13.0,2025-02-16T06:27:25,2025-02-16T18:22:15,Clear,Good,Sunday,February,No,No,None,None
Union Place Slave Island,2025-02-18,13:38,Fatal,Motorcycle Collision,Reckless Driving,4,Motorcycle; Three Wheeler; Lorry; Car,36-45,2,3,High,"Union Place Slave Island, Colombo, Sri Lanka","Union Place Slave Island, Colombo, Sri Lanka","Union Pl, Colombo, Sri Lanka",6.9203664,79.8578057,Clear,0.0,5.5,69.4,15.4,2025-02-18T06:26:55,2025-02-18T18:22:26,Clear,Moderate,Tuesday,February,No,No,None,None
"Junction of Rosmead Place and Maitland Crescent, Colombo 07",2025-02-18,21:16,Minor Injury,Rear-end Collision,Distracted Driving,1,Car,46-55,0,1,Low,"Junction of Rosmead Place and Maitland Crescent, Colombo 07, Colombo, Sri Lanka","Junction of Rosmead Place and Maitland Crescent, Colombo 07, Colombo, Sri Lanka","Maitland Cres, Colombo 00700, Sri Lanka",6.9097085,79.8662576,Clear,0.0,5.5,69.4,15.4,2025-02-18T06:26:55,2025-02-18T18:22:26,Clear,Moderate,Tuesday,February,No,No,None,None
Galle Road Fort,2025-02-19,19:46,Minor Injury,Multi-vehicle Collision,Driver Negligence,3,Car; Three Wheeler; Bus,36-45,0,3,Low,"Galle Road Fort, Colombo, Sri Lanka","Galle Road Fort, Colombo, Sri Lanka","Galle Buck Rd, Colombo, Sri Lanka",6.9363912,79.8415204,Clear,0.0,5.7,68.7,17.8,2025-02-19T06:26:39,2025-02-19T18:22:31,Clear,Moderate,Wednesday,February,No,No,None,None
Sir Chittampalam A Gardiner Mawatha Fort,2025-02-20,07:50,Minor Injury,Rear-end Collision,Unsafe Lane Change,2,Lorry; Three Wheeler,26-35,0,2,Low,"Sir Chittampalam A Gardiner Mawatha Fort, Colombo, Sri Lanka","Sir Chittampalam A Gardiner Mawatha Fort, Colombo, Sri Lanka","Sir Chittampalam A Gardiner Mawath, Colombo, Sri Lanka",6.9298377,79.8477933,Clear,0.0,6.0,65.2,8.8,2025-02-20T06:26:22,2025-02-20T18:22:36,Clear,Moderate,Thursday,February,Yes,No,None,None
Galle Road Wellawatte,2025-02-20,09:01,Minor Injury,Motorcycle Collision,Unsafe Lane Change,4,Motorcycle; Bus; Van; Car,18-25,0,1,Moderate,"Galle Road Wellawatte, Colombo, Sri Lanka","Galle Road Wellawatte, Colombo, Sri Lanka","Galle Rd, Colombo, Sri Lanka",6.8755051,79.861039,Clear,0.0,6.0,65.2,8.8,2025-02-20T06:26:22,2025-02-20T18:22:36,Clear,Moderate,Thursday,February,No,No,None,None
Town Hall Area,2025-02-20,19:00,Minor Injury,Pedestrian Collision,Driver Negligence,1,Motorcycle,56+,0,2,Low,"Town Hall Area, Colombo, Sri Lanka","Town Hall Area, Colombo, Sri Lanka","Town Hall, Colombo 01000, Sri Lanka",6.9158502,79.8637861,Clear,0.0,6.0,65.2,8.8,2025-02-20T06:26:22,2025-02-20T18:22:36,Clear,Moderate,Thursday,February,Yes,No,None,None
Borella Junction,2025-02-21,12:46,Fatal,Pedestrian Collision,Reckless Driving,1,Lorry,36-45,1,5,Moderate,"Borella Junction, Colombo, Sri Lanka","Borella Junction, Colombo, Sri Lanka","18 Dr NM Perera Mawatha Rd, Colombo 00800, Sri Lanka",6.9139525,79.878481,Partially cloudy,0.0,7.6,69.2,21.1,2025-02-21T06:26:04,2025-02-21T18:22:39,Partially Cloudy,Good,Friday,February,No,No,None,None
"Junction of Galle Road and Alfred Place, Colombo 03",2025-02-22,07:04,Serious Injury,Motorcycle Collision,Failure to Yield,3,Motorcycle; Van; Bus,46-55,0,4,High,"Junction of Galle Road and Alfred Place, Colombo 03, Colombo, Sri Lanka","Junction of Galle Road and Alfred Place, Colombo 03, Colombo, Sri Lanka","Alfred Pl & Galle Rd, Colombo, Sri Lanka",6.9015317,79.852893,Clear,0.0,6.5,73.2,19.8,2025-02-22T06:25:46,2025-02-22T18:22:42,Clear,Good,Saturday,February,Yes,No,None,None
Ibbanwala Junction,2025-02-23,08:01,Fatal,Multi-vehicle Collision,Driver Fatigue,4,Lorry; Motorcycle; Bicycle; Van,26-35,2,4,Moderate,"Ibbanwala Junction, Colombo, Sri Lanka","Ibbanwala Junction, Colombo, Sri Lanka","Ibbanwala, Colombo, Sri Lanka",6.917642,79.8597831,Clear,0.0,6.5,68.4,11.0,2025-02-23T06:25:27,2025-02-23T18:22:45,Clear,Good,Sunday,February,Yes,No,None,None
Pamankada Junction,2025-02-23,20:14,Serious Injury,Multi-vehicle Collision,Reckless Driving,3,Three Wheeler; Motorcycle; Car,36-45,0,2,High,"Pamankada Junction, Colombo, Sri Lanka","Pamankada Junction, Colombo, Sri Lanka","Pamankada Ln, Colombo, Sri Lanka",6.8756803,79.8676529,Clear,0.0,6.5,68.4,11.0,2025-02-23T06:25:27,2025-02-23T18:22:45,Clear,Good,Sunday,February,No,No,None,None
Darley Road Cinnamon Gardens,2025-02-24,06:40,Minor Injury,Pedestrian Collision,Driver Negligence,2,Bus; Motorcycle,36-45,0,1,Low,"Darley Road Cinnamon Gardens, Colombo, Sri Lanka","Darley Road Cinnamon Gardens, Colombo, Sri Lanka","Darley Rd, Colombo, Sri Lanka",6.9228616,79.8620451,Clear,0.0,6.5,66.9,11.9,2025-02-24T06:25:07,2025-02-24T18:22:47,Clear,Good,Monday,February,No,No,None,None
Union Place Borella,2025-02-25,15:28,Serious Injury,Single Vehicle Crash,Driver Negligence,1,Car,26-35,0,4,High,"Union Place Borella, Colombo, Sri Lanka","Union Place Borella, Colombo, Sri Lanka","Colombo 08, Colombo, Sri Lanka",6.9147836,79.8775951,Partially cloudy,0.006,6.8,68.3,23.5,2025-02-25T06:24:47,2025-02-25T18:22:49,Partially Cloudy,Good,Tuesday,February,No,No,None,None
"No. 45 Jawatte Road, Colombo 05",2025-02-26,07:50,Fatal,Rear-end Collision,Unsafe Lane Change,1,Bus,18-25,1,1,High,"No. 45 Jawatte Road, Colombo 05, Colombo, Sri Lanka","No. 45 Jawatte Road, Colombo 05, Colombo, Sri Lanka","45 Jawatta Rd, Colombo 00500, Sri Lanka",6.8972848,79.8667921,Partially cloudy,0.0,6.8,65.6,24.1,2025-02-26T06:24:26,2025-02-26T18:22:49,Partially Cloudy,Good,Wednesday,February,Yes,Yes,Maha Sivarathri Day,Local
Kochchikade Junction,2025-02-26,08:50,Serious Injury,Side-impact Collision,Failure to Yield,3,Three Wheeler; Bicycle; Motorcycle,26-35,0,3,High,"Kochchikade Junction, Colombo, Sri Lanka","Kochchikade Junction, Colombo, Sri Lanka","Colombo, Sri Lanka",6.9270786,79.861243,Partially cloudy,0.0,6.8,65.6,24.1,2025-02-26T06:24:26,2025-02-26T18:22:49,Partially Cloudy,Good,Wednesday,February,Yes,Yes,Maha Sivarathri Day,Local
High Level Road Kirulapone,2025-02-27,03:54,Minor Injury,Single Vehicle Crash,Driver Negligence,1,Lorry,18-25,0,1,Low,"High Level Road Kirulapone, Colombo, Sri Lanka","High Level Road Kirulapone, Colombo, Sri Lanka","High Level Rd, Colombo, Sri Lanka",6.8775584,79.8793098,Partially cloudy,0.0,7.0,73.3,33.7,2025-02-27T06:24:05,2025-02-27T18:22:50,Partially Cloudy,Good,Thursday,February,No,No,None,None
Galle Road Fort,2025-02-27,08:36,Serious Injury,Side-impact Collision,Reckless Driving,2,Three Wheeler; Van,26-35,0,6,High,"Galle Road Fort, Colombo, Sri Lanka","Galle Road Fort, Colombo, Sri Lanka","Galle Buck Rd, Colombo, Sri Lanka",6.9363912,79.8415204,Partially cloudy,0.0,7.0,73.3,33.7,2025-02-27T06:24:05,2025-02-27T18:22:50,Partially Cloudy,Good,Thursday,February,Yes,No,None,None
High Level Road Kirulapone,2025-02-28,04:26,Serious Injury,Multi-vehicle Collision,Reckless Driving,3,Motorcycle; Car; Bicycle,36-45,0,4,High,"High Level Road Kirulapone, Colombo, Sri Lanka","High Level Road Kirulapone, Colombo, Sri Lanka","High Level Rd, Colombo, Sri Lanka",6.8775584,79.8793098,"Rain, Partially cloudy",0.011,8.6,81.9,35.6,2025-02-28T06:23:43,2025-02-28T18:22:50,Light Rain,Good,Friday,February,No,No,None,None
Panchikawatte,2025-02-28,04:31,Serious Injury,Motorcycle Collision,Failure to Yield,2,Motorcycle; Bicycle,26-35,0,4,High,"Panchikawatte, Colombo, Sri Lanka","Panchikawatte, Colombo, Sri Lanka","Panchikawatta, Colombo 01000, Sri Lanka",6.9309682,79.8639835,"Rain, Partially cloudy",0.011,8.6,81.9,35.6,2025-02-28T06:23:43,2025-02-28T18:22:50,Light Rain,Good,Friday,February,No,No,None,None
Mattakkuliya Junction,2025-02-28,16:53,Minor Injury,Rear-end Collision,Driver Negligence,4,Car; Lorry; Three Wheeler; Motorcycle,46-55,0,4,Moderate,"Mattakkuliya Junction, Colombo, Sri Lanka","Mattakkuliya Junction, Colombo, Sri Lanka","Mattakkuliya Brg, Colombo, Sri Lanka",6.9805611,79.875318,"Rain, Partially cloudy",0.011,8.6,81.9,35.6,2025-02-28T06:23:43,2025-02-28T18:22:50,Light Rain,Good,Friday,February,Yes,No,None,None
High Level Road Kirulapone,2025-02-28,17:37,Minor Injury,Rear-end Collision,Driver Fatigue,3,Three Wheeler; Motorcycle; Car,18-25,0,4,Moderate,"High Level Road Kirulapone, Colombo, Sri Lanka","High Level Road Kirulapone, Colombo, Sri Lanka","High Level Rd, Colombo, Sri Lanka",6.8775584,79.8793098,"Rain, Partially cloudy",0.011,8.6,81.9,35.6,2025-02-28T06:23:43,2025-02-28T18:22:50,Light Rain,Good,Friday,February,Yes,No,None,None
Liberty Plaza Area,2025-03-01,11:58,Minor Injury,Rear-end Collision,Driver Fatigue,2,Lorry; Car,36-45,0,3,Low,"Liberty Plaza Area, Colombo, Sri Lanka","Liberty Plaza Area, Colombo, Sri Lanka","300 Srimath Anagarika Dharmapala Mawatha, Colombo 00300, Sri Lanka",6.9118996,79.85130869999999,Partially cloudy,0.004,7.2,82.2,39.9,2025-03-01T06:23:20,2025-03-01T18:22:49,Partially Cloudy,Good,Saturday,March,No,No,None,None
Maradana Junction,2025-03-02,11:00,Minor Injury,Multi-vehicle Collision,Failure to Yield,4,Bus; Motorcycle; Bicycle; Van,46-55,0,3,Low,"Maradana Junction, Colombo, Sri Lanka","Maradana Junction, Colombo, Sri Lanka","Maradana Junction, Colombo 01000, Sri Lanka",6.928874,79.8637428,"Rain, Partially cloudy",0.155,6.6,79.8,21.8,2025-03-02T06:22:57,2025-03-02T18:22:48,Light Rain,Good,Sunday,March,No,No,None,None
Thurstan Road Colombo 03,2025-03-03,07:13,Minor Injury,Side-impact Collision,Distracted Driving,3,Car; Motorcycle; Three Wheeler,56+,0,2,High,"Thurstan Road Colombo 03, Colombo, Sri Lanka","Thurstan Road Colombo 03, Colombo, Sri Lanka","Thurstan Rd, Colombo 00700, Sri Lanka",6.9017842,79.8590851,"Rain, Partially cloudy",1.589,7.4,83.5,43.9,2025-03-03T06:22:33,2025-03-03T18:22:47,Light Rain,Good,Monday,March,Yes,No,None,None
Borella Junction,2025-03-03,17:47,Minor Injury,Motorcycle Collision,Reckless Driving,2,Motorcycle; Bicycle,18-25,0,2,Moderate,"Borella Junction, Colombo, Sri Lanka","Borella Junction, Colombo, Sri Lanka","18 Dr NM Perera Mawatha Rd, Colombo 00800, Sri Lanka",6.9139525,79.878481,"Rain, Partially cloudy",1.589,7.4,83.5,43.9,2025-03-03T06:22:33,2025-03-03T18:22:47,Light Rain,Good,Monday,March,Yes,No,None,None
Ibbanwala Junction,2025-03-04,18:39,Minor Injury,Motorcycle Collision,Driver Negligence,3,Motorcycle; Car; Bicycle,46-55,0,3,Low,"Ibbanwala Junction, Colombo, Sri Lanka","Ibbanwala Junction, Colombo, Sri Lanka","Ibbanwala, Colombo, Sri Lanka",6.917642,79.8597831,"Rain, Partially cloudy",0.115,6.3,78.9,24.4,2025-03-04T06:22:09,2025-03-04T18:22:45,Light Rain,Good,Tuesday,March,Yes,No,None,None
Kochchikade Junction,2025-03-05,07:29,Serious Injury,Pedestrian Collision,Reckless Driving,1,Motorcycle,26-35,0,4,High,"Kochchikade Junction, Colombo, Sri Lanka","Kochchikade Junction, Colombo, Sri Lanka","Colombo, Sri Lanka",6.9270786,79.861243,Clear,0.0,6.6,73.0,13.4,2025-03-05T06:21:44,2025-03-05T18:22:43,Clear,Good,Wednesday,March,Yes,No,None,None
Panchikawatte,2025-03-05,19:45,Minor Injury,Side-impact Collision,Failure to Yield,2,Bicycle; Lorry,26-35,0,4,Low,"Panchikawatte, Colombo, Sri Lanka","Panchikawatte, Colombo, Sri Lanka","Panchikawatta, Colombo 01000, Sri Lanka",6.9309682,79.8639835,Clear,0.0,6.6,73.0,13.4,2025-03-05T06:21:44,2025-03-05T18:22:43,Clear,Good,Wednesday,March,No,No,None,None
Bambalapitiya Junction,2025-03-06,18:44,Serious Injury,Rear-end Collision,Mechanical Failure,2,Motorcycle; Three Wheeler,18-25,0,2,Low,"Bambalapitiya Junction, Colombo, Sri Lanka","Bambalapitiya Junction, Colombo, Sri Lanka","Bambalapitiya, Colombo 00500, Sri Lanka",6.8894192,79.8575468,Clear,0.0,6.6,72.6,15.2,2025-03-06T06:21:19,2025-03-06T18:22:40,Clear,Good,Thursday,March,Yes,No,None,None
Justice Akbar Mawatha Slave Island,2025-03-07,09:47,Minor Injury,Side-impact Collision,Poor Visibility,1,Car,46-55,0,2,Moderate,"Justice Akbar Mawatha Slave Island, Colombo, Sri Lanka","Justice Akbar Mawatha Slave Island, Colombo, Sri Lanka","Justice Akbar Mawatha, Colombo, Sri Lanka",6.9238481,79.8503668,Clear,0.0,6.2,73.5,15.0,2025-03-07T06:20:54,2025-03-07T18:22:37,Clear,Good,Friday,March,No,No,None,None
Duplication Road Bambalapitiya,2025-03-08,07:23,Serious Injury,Single Vehicle Crash,Reckless Driving,1,Lorry,26-35,0,2,High,"Duplication Road Bambalapitiya, Colombo, Sri Lanka","Duplication Road Bambalapitiya, Colombo, Sri Lanka","450 E R. A. De Mel Mawatha, Colombo 00200, Sri Lanka",6.9024028,79.8545389,Clear,0.0,5.6,70.0,8.9,2025-03-08T06:20:28,2025-03-08T18:22:34,Clear,Moderate,Saturday,March,Yes,No,None,None
"Junction of Ingurukade Road and Stace Road, Dematagoda, Colombo 09",2025-03-08,07:54,Minor Injury,Rear-end Collision,Reckless Driving,2,Bus; Motorcycle,46-55,0,2,Moderate,"Junction of Ingurukade Road and Stace Road, Dematagoda, Colombo 09, Colombo, Sri Lanka","Junction of Ingurukade Road and Stace Road, Dematagoda, Colombo 09, Colombo, Sri Lanka","Stace Rd, Colombo, Sri Lanka",6.9447849,79.8746461,Clear,0.0,5.6,70.0,8.9,2025-03-08T06:20:28,2025-03-08T18:22:34,Clear,Moderate,Saturday,March,Yes,No,None,None
Maradana Junction,2025-03-08,08:16,Minor Injury,Motorcycle Collision,Distracted Driving,3,Motorcycle; Van; Bicycle,26-35,0,3,Low,"Maradana Junction, Colombo, Sri Lanka","Maradana Junction, Colombo, Sri Lanka","Maradana Junction, Colombo 01000, Sri Lanka",6.928874,79.8637428,Clear,0.0,5.6,70.0,8.9,2025-03-08T06:20:28,2025-03-08T18:22:34,Clear,Moderate,Saturday,March,Yes,No,None,None
Dematagoda Junction,2025-03-08,20:33,Minor Injury,Multi-vehicle Collision,Distracted Driving,4,Motorcycle; Three Wheeler; Car; Van,18-25,0,2,High,"Dematagoda Junction, Colombo, Sri Lanka","Dematagoda Junction, Colombo, Sri Lanka","Dematagoda Pl, Colombo, Sri Lanka",6.9293231,79.8764195,Clear,0.0,5.6,70.0,8.9,2025-03-08T06:20:28,2025-03-08T18:22:34,Clear,Moderate,Saturday,March,No,No,None,None
Messenger Street Pettah,2025-03-09,21:57,Minor Injury,Multi-vehicle Collision,Unsafe Lane Change,2,Van; Motorcycle,56+,0,1,Low,"Messenger Street Pettah, Colombo, Sri Lanka","Messenger Street Pettah, Colombo, Sri Lanka","M. J. M. Lafeer Mawatha, Colombo, Sri Lanka",6.9411356,79.8629811,Clear,0.0,6.3,66.3,7.3,2025-03-09T06:20:01,2025-03-09T18:22:30,Clear,Good,Sunday,March,No,No,None,None
Fort Railway Station Area,2025-03-18,19:23,Serious Injury,Side-impact Collision,Unsafe Lane Change,2,Motorcycle; Car,18-25,0,2,High,"Fort Railway Station Area, Colombo, Sri Lanka","Fort Railway Station Area, Colombo, Sri Lanka","Fort Railway station, Colombo, Sri Lanka",6.9337011,79.85003019999999,Partially cloudy,0.0,7.3,73.4,21.7,2025-03-18T06:15:50,2025-03-18T18:21:45,Partially Cloudy,Good,Tuesday,March,No,No,None,None
Liberty Plaza Area,2025-03-18,23:43,Serious Injury,Single Vehicle Crash,Reckless Driving,1,Car,26-35,0,2,Low,"Liberty Plaza Area, Colombo, Sri Lanka","Liberty Plaza Area, Colombo, Sri Lanka","300 Srimath Anagarika Dharmapala Mawatha, Colombo 00300, Sri Lanka",6.9118996,79.85130869999999,Partially cloudy,0.0,7.3,73.4,21.7,2025-03-18T06:15:50,2025-03-18T18:21:45,Partially Cloudy,Good,Tuesday,March,No,No,None,None
Maradana Junction,2025-03-20,19:00,Serious Injury,Pedestrian Collision,Overspeeding,2,Motorcycle; Bus,18-25,0,5,Moderate,"Maradana Junction, Colombo, Sri Lanka","Maradana Junction, Colombo, Sri Lanka","Maradana Junction, Colombo 01000, Sri Lanka",6.928874,79.8637428,Rain,0.54,7.0,75.0,19.0,2025-03-20T06:14:51,2025-03-20T18:21:32,Light Rain,Good,Thursday,March,Yes,No,None,None
Hulftsdorp Junction,2025-03-23,23:21,Minor Injury,Rear-end Collision,Driver Negligence,3,Three Wheeler; Motorcycle; Van,18-25,0,2,Low,"Hulftsdorp Junction, Colombo, Sri Lanka","Hulftsdorp Junction, Colombo, Sri Lanka","Hultsdorf St, Colombo, Sri Lanka",6.9375553,79.8608161,"Rain, Partially cloudy",0.493,7.0,75.0,21.7,2025-03-23T06:13:23,2025-03-23T18:21:13,Light Rain,Good,Sunday,March,No,No,None,None
Grandpass Road Colombo 14,2025-03-26,00:04,Fatal,Multi-vehicle Collision,Driver Negligence,3,Bus; Car; Motorcycle,26-35,2,6,High,"Grandpass Road Colombo 14, Colombo, Sri Lanka","Grandpass Road Colombo 14, Colombo, Sri Lanka","Grandpass Rd, Colombo, Sri Lanka",6.9434634,79.8691086,"Rain, Partially cloudy",0.071,7.8,73.9,35.5,2025-03-26T06:11:55,2025-03-26T18:20:54,Light Rain,Good,Wednesday,March,No,No,None,None
"Junction of Front Street and Dam Street, Colombo 12",2025-03-27,10:59,Fatal,Rear-end Collision,Overspeeding,2,Car; Three Wheeler,18-25,1,5,High,"Junction of Front Street and Dam Street, Colombo 12, Colombo, Sri Lanka","Junction of Front Street and Dam Street, Colombo 12, Colombo, Sri Lanka","Dam St, Colombo, Sri Lanka",6.9379068,79.8573875,"Rain, Partially cloudy",0.054,6.1,77.8,40.0,2025-03-27T06:11:25,2025-03-27T18:20:47,Light Rain,Good,Thursday,March,No,No,None,None
Fort Railway Station Area,2025-03-29,21:51,Minor Injury,Single Vehicle Crash,Reckless Driving,1,Motorcycle,36-45,0,1,Moderate,"Fort Railway Station Area, Colombo, Sri Lanka","Fort Railway Station Area, Colombo, Sri Lanka","Fort Railway station, Colombo, Sri Lanka",6.9337011,79.85003019999999,"Rain, Partially cloudy",0.241,6.6,73.8,22.0,2025-03-29T06:10:26,2025-03-29T18:20:34,Light Rain,Good,Saturday,March,No,No,None,None
Kollupitiya Railway Station Area,2025-04-02,16:46,Minor Injury,Motorcycle Collision,Distracted Driving,2,Motorcycle; Three Wheeler,36-45,0,3,Low,"Kollupitiya Railway Station Area, Colombo, Sri Lanka","Kollupitiya Railway Station Area, Colombo, Sri Lanka","Kollupitiya Railway Station, Colombo, Sri Lanka",6.9112629,79.8481782,Partially cloudy,0.0,6.7,72.1,23.1,2025-04-02T06:08:29,2025-04-02T18:20:08,Partially Cloudy,Good,Wednesday,April,Yes,No,None,None