Location,Date of Accident,Time of Accident,Accident Severity,Collision Type,Cause of Accident,Number of Vehicles,Vehicle Types,Driver Age Group,Number of Fatalities,Number of Injuries,Property Damage Level,location_standardized,location_name,formatted_address,latitude,longitude,conditions,precip,visibility,humidity,cloudcover,sunrise,sunset,weather_condition_label,visibility_level,Week (Derived),Month (Derived),Peak Hour Indicator (Derived),Public Holiday Indicator (Derived),Public Holiday Name (Derived),Public Holiday Category (Derived)
Messenger Street Pettah,2025-04-06,07:28,Serious Injury,Single Vehicle Crash,Overspeeding,1,Three Wheeler,26-35,0,3,High,"Messenger Street Pettah, Colombo, Sri Lanka","Messenger Street Pettah, Colombo, Sri Lanka","M. J. M. Lafeer Mawatha, Colombo, Sri Lanka",6.9411356,79.8629811,"Rain, Partially cloudy",1.453,6.9,77.7,27.7,2025-04-06T06:06:34,2025-04-06T18:19:44,Light Rain,Good,Sunday,April,Yes,No,None,None
Maradana Junction,2025-04-06,07:30,Serious Injury,Pedestrian Collision,Failure to Yield,2,Motorcycle; Three Wheeler,36-45,0,5,High,"Maradana Junction, Colombo, Sri Lanka","Maradana Junction, Colombo, Sri Lanka","Maradana Junction, Colombo 01000, Sri Lanka",6.928874,79.8637428,"Rain, Partially cloudy",1.453,6.9,77.7,27.7,2025-04-06T06:06:34,2025-04-06T18:19:44,Light Rain,Good,Sunday,April,Yes,No,None,None
Colombo 07 Junction,2025-04-06,15:02,Minor Injury,Motorcycle Collision,Unsafe Lane Change,2,Motorcycle; Three Wheeler,36-45,0,1,Low,"Colombo 07 Junction, Colombo, Sri Lanka","Colombo 07 Junction, Colombo, Sri Lanka","Colombo 07, Colombo 00700, Sri Lanka",6.9066125,79.8596227,"Rain, Partially cloudy",1.453,6.9,77.7,27.7,2025-04-06T06:06:34,2025-04-06T18:19:44,Light Rain,Good,Sunday,April,No,No,None,None
Bambalapitiya Junction,2025-04-08,10:12,Minor Injury,Single Vehicle Crash,Driver Negligence,1,Bus,26-35,0,1,Moderate,"Bambalapitiya Junction, Colombo, Sri Lanka","Bambalapitiya Junction, Colombo, Sri Lanka","Bambalapitiya, Colombo 00500, Sri Lanka",6.8894192,79.8575468,Partially cloudy,0.0,7.1,71.3,24.1,2025-04-08T06:05:38,2025-04-08T18:19:33,Partially Cloudy,Good,Tuesday,April,No,No,None,None
Kochchikade Junction,2025-04-08,14:45,Minor Injury,Rear-end Collision,Driver Negligence,2,Bicycle; Car,18-25,0,2,Moderate,"Kochchikade Junction, Colombo, Sri Lanka","Kochchikade Junction, Colombo, Sri Lanka","Colombo, Sri Lanka",6.9270786,79.861243,Partially cloudy,0.0,7.1,71.3,24.1,2025-04-08T06:05:38,2025-04-08T18:19:33,Partially Cloudy,Good,Tuesday,April,No,No,None,None
Kollupitiya Flyover Approach,2025-04-09,22:03,Minor Injury,Motorcycle Collision,Failure to Yield,3,Motorcycle; Three Wheeler; Bicycle,26-35,0,2,High,"Kollupitiya Flyover Approach, Colombo, Sri Lanka","Kollupitiya Flyover Approach, Colombo, Sri Lanka","Kollupitiya, Colombo, Sri Lanka",6.912815399999999,79.8506815,"Rain, Partially cloudy",0.037,6.9,75.2,30.1,2025-04-09T06:05:11,2025-04-09T18:19:28,Light Rain,Good,Wednesday,April,No,No,None,None
Maradana Junction,2025-04-10,17:35,Minor Injury,Single Vehicle Crash,Reckless Driving,1,Motorcycle,56+,0,3,Moderate,"Maradana Junction, Colombo, Sri Lanka","Maradana Junction, Colombo, Sri Lanka","Maradana Junction, Colombo 01000, Sri Lanka",6.928874,79.8637428,"Rain, Partially cloudy",0.284,6.6,83.8,41.0,2025-04-10T06:04:43,2025-04-10T18:19:23,Light Rain,Good,Thursday,April,Yes,No,None,None
Union Place Borella,2025-04-13,07:17,Minor Injury,Rear-end Collision,Driver Negligence,2,Bicycle; Motorcycle,46-55,0,2,Moderate,"Union Place Borella, Colombo, Sri Lanka","Union Place Borella, Colombo, Sri Lanka","Colombo 08, Colombo, Sri Lanka",6.9147836,79.8775951,"Rain, Partially cloudy",0.082,7.4,76.0,25.2,2025-04-13T06:03:24,2025-04-13T18:19:10,Light Rain,Good,Sunday,April,Yes,Yes,Day Before Sinhala and Tamil New Year; Sinhala and Tamil New Year,Local
Bambalapitiya Junction,2025-04-14,01:40,Minor Injury,Rear-end Collision,Distracted Driving,1,Car,46-55,0,3,Low,"Bambalapitiya Junction, Colombo, Sri Lanka","Bambalapitiya Junction, Colombo, Sri Lanka","Bambalapitiya, Colombo 00500, Sri Lanka",6.8894192,79.8575468,"Rain, Partially cloudy",0.024,6.2,77.7,42.6,2025-04-14T06:02:58,2025-04-14T18:19:06,Light Rain,Good,Monday,April,No,Yes,Sinhala and Tamil New Year,Local
"Junction of High Level Road and Wijerama Mawatha, Nugegoda",2025-04-14,07:56,Minor Injury,Motorcycle Collision,Mechanical Failure,4,Motorcycle; Car; Lorry; Three Wheeler,26-35,0,3,Low,"Junction of High Level Road and Wijerama Mawatha, Nugegoda, Colombo, Sri Lanka","Junction of High Level Road and Wijerama Mawatha, Nugegoda, Colombo, Sri Lanka","High Level Rd & Wijerama Mawatha, Nugegoda, Sri Lanka",6.857702,79.9085652,"Rain, Partially cloudy",0.024,6.2,77.7,42.6,2025-04-14T06:02:58,2025-04-14T18:19:06,Light Rain,Good,Monday,April,Yes,Yes,Sinhala and Tamil New Year,Local
Maradana Junction,2025-04-14,14:49,Minor Injury,Pedestrian Collision,Reckless Driving,1,Van,18-25,0,1,Low,"Maradana Junction, Colombo, Sri Lanka","Maradana Junction, Colombo, Sri Lanka","Maradana Junction, Colombo 01000, Sri Lanka",6.928874,79.8637428,"Rain, Partially cloudy",0.024,6.2,77.7,42.6,2025-04-14T06:02:58,2025-04-14T18:19:06,Light Rain,Good,Monday,April,No,Yes,Sinhala and Tamil New Year,Local
Bambalapitiya Junction,2025-04-15,09:04,Minor Injury,Pedestrian Collision,Unsafe Lane Change,2,Bicycle; Three Wheeler,26-35,0,2,Low,"Bambalapitiya Junction, Colombo, Sri Lanka","Bambalapitiya Junction, Colombo, Sri Lanka","Bambalapitiya, Colombo 00500, Sri Lanka",6.8894192,79.8575468,"Rain, Partially cloudy",0.927,7.0,78.7,39.3,2025-04-15T06:02:32,2025-04-15T18:19:03,Light Rain,Good,Tuesday,April,No,No,None,None
Union Place,2025-04-17,08:51,Serious Injury,Side-impact Collision,Driver Negligence,1,Car,18-25,0,5,High,"Union Place, Colombo, Sri Lanka","Union Place, Colombo, Sri Lanka","Union Place, Colombo, Sri Lanka",6.922958299999999,79.8523572,Partially cloudy,0.0,6.4,74.7,24.2,2025-04-17T06:01:43,2025-04-17T18:18:56,Partially Cloudy,Good,Thursday,April,Yes,No,None,None
Kotahena Junction,2025-04-17,14:46,Fatal,Motorcycle Collision,Reckless Driving,3,Motorcycle; Van; Car,26-35,1,4,High,"Kotahena Junction, Colombo, Sri Lanka","Kotahena Junction, Colombo, Sri Lanka","Kotahena St, Colombo 01300, Sri Lanka",6.9494699,79.8626776,Partially cloudy,0.0,6.4,74.7,24.2,2025-04-17T06:01:43,2025-04-17T18:18:56,Partially Cloudy,Good,Thursday,April,No,No,None,None
Viharamahadevi Park Entrance,2025-04-17,23:38,Minor Injury,Multi-vehicle Collision,Poor Visibility,4,Motorcycle; Bus; Car; Three Wheeler,18-25,0,4,High,"Viharamahadevi Park Entrance, Colombo, Sri Lanka","Viharamahadevi Park Entrance, Colombo, Sri Lanka","Viharamahadevi Park, Colombo 00700, Sri Lanka",6.9142322,79.8625967,Partially cloudy,0.0,6.4,74.7,24.2,2025-04-17T06:01:43,2025-04-17T18:18:56,Partially Cloudy,Good,Thursday,April,No,No,None,None
Union Place Slave Island,2025-04-20,07:59,Minor Injury,Motorcycle Collision,Driver Negligence,2,Motorcycle; Three Wheeler,46-55,0,2,High,"Union Place Slave Island, Colombo, Sri Lanka","Union Place Slave Island, Colombo, Sri Lanka","Union Pl, Colombo, Sri Lanka",6.9203664,79.8578057,Partially cloudy,0.008,7.0,76.5,31.9,2025-04-20T06:00:31,2025-04-20T18:18:49,Partially Cloudy,Good,Sunday,April,Yes,Yes,Easter Sunday,Global
Galle Road Fort,2025-04-21,10:01,Serious Injury,Side-impact Collision,Driver Negligence,4,Motorcycle; Van; Bus; Car,36-45,0,5,High,"Galle Road Fort, Colombo, Sri Lanka","Galle Road Fort, Colombo, Sri Lanka","Galle Buck Rd, Colombo, Sri Lanka",6.9363912,79.8415204,"Rain, Partially cloudy",0.083,7.0,80.1,51.2,2025-04-21T06:00:08,2025-04-21T18:18:48,Light Rain,Good,Monday,April,No,No,None,None
Armour Street Junction,2025-04-21,23:46,Fatal,Side-impact Collision,Overspeeding,1,Motorcycle,18-25,1,1,Moderate,"Armour Street Junction, Colombo, Sri Lanka","Armour Street Junction, Colombo, Sri Lanka","Armour St, Colombo, Sri Lanka",6.9424222,79.8637618,"Rain, Partially cloudy",0.083,7.0,80.1,51.2,2025-04-21T06:00:08,2025-04-21T18:18:48,Light Rain,Good,Monday,April,No,No,None,None
Panchikawatte,2025-04-22,04:16,Minor Injury,Single Vehicle Crash,Distracted Driving,1,Three Wheeler,26-35,0,3,Low,"Panchikawatte, Colombo, Sri Lanka","Panchikawatte, Colombo, Sri Lanka","Panchikawatta, Colombo 01000, Sri Lanka",6.9309682,79.8639835,"Rain, Partially cloudy",0.147,7.3,78.0,42.2,2025-04-22T05:59:46,2025-04-22T18:18:47,Light Rain,Good,Tuesday,April,No,No,None,None
Kochchikade Junction,2025-04-23,00:59,Minor Injury,Side-impact Collision,Reckless Driving,2,Motorcycle; Lorry,56+,0,1,Low,"Kochchikade Junction, Colombo, Sri Lanka","Kochchikade Junction, Colombo, Sri Lanka","Colombo, Sri Lanka",6.9270786,79.861243,Partially cloudy,0.009,6.7,79.9,32.6,2025-04-23T05:59:24,2025-04-23T18:18:46,Partially Cloudy,Good,Wednesday,April,No,No,None,None
Dehiwela Railway Station Area,2025-04-23,18:42,Minor Injury,Rear-end Collision,Drunk Driving,2,Motorcycle; Three Wheeler,26-35,0,3,Moderate,"Dehiwela Railway Station Area, Colombo, Sri Lanka","Dehiwela Railway Station Area, Colombo, Sri Lanka","Dehiwala Railway Station, Colombo, Sri Lanka",6.8509059,79.86209749999999,Partially cloudy,0.009,6.7,79.9,32.6,2025-04-23T05:59:24,2025-04-23T18:18:46,Partially Cloudy,Good,Wednesday,April,Yes,No,None,None
Justice Akbar Mawatha Slave Island,2025-04-24,08:37,Minor Injury,Motorcycle Collision,Pedestrian Negligence,2,Motorcycle; Car,26-35,0,3,High,"Justice Akbar Mawatha Slave Island, Colombo, Sri Lanka","Justice Akbar Mawatha Slave Island, Colombo, Sri Lanka","Justice Akbar Mawatha, Colombo, Sri Lanka",6.9238481,79.8503668,"Rain, Partially cloudy",0.032,6.8,75.5,28.3,2025-04-24T05:59:03,2025-04-24T18:18:45,Light Rain,Good,Thursday,April,Yes,No,None,None
Maradana Junction,2025-04-25,07:04,Minor Injury,Rear-end Collision,Driver Negligence,1,Van,26-35,0,1,Low,"Maradana Junction, Colombo, Sri Lanka","Maradana Junction, Colombo, Sri Lanka","Maradana Junction, Colombo 01000, Sri Lanka",6.928874,79.8637428,"Rain, Partially cloudy",0.196,7.8,76.8,29.2,2025-04-25T05:58:42,2025-04-25T18:18:45,Light Rain,Good,Friday,April,Yes,No,None,None
Udahamulla Junction,2025-04-29,08:48,Serious Injury,Rear-end Collision,Mechanical Failure,1,Three Wheeler,46-55,0,4,Low,"Udahamulla Junction, Colombo, Sri Lanka","Udahamulla Junction, Colombo, Sri Lanka","Udahamulla, Nugegoda, Sri Lanka",6.8665559,79.9150724,"Rain, Partially cloudy",0.031,8.4,74.3,31.3,2025-04-29T05:57:26,2025-04-29T18:18:49,Light Rain,Good,Tuesday,April,Yes,No,None,None
Union Place Slave Island,2025-04-29,19:57,Minor Injury,Pedestrian Collision,Poor Visibility,2,Motorcycle; Three Wheeler,46-55,0,2,Moderate,"Union Place Slave Island, Colombo, Sri Lanka","Union Place Slave Island, Colombo, Sri Lanka","Union Pl, Colombo, Sri Lanka",6.9203664,79.8578057,"Rain, Partially cloudy",0.031,8.4,74.3,31.3,2025-04-29T05:57:26,2025-04-29T18:18:49,Light Rain,Good,Tuesday,April,No,No,None,None
Sea Street Junction,2025-05-01,10:09,Serious Injury,Side-impact Collision,Unsafe Lane Change,3,Motorcycle; Lorry; Three Wheeler,26-35,0,3,Moderate,"Sea Street Junction, Colombo, Sri Lanka","Sea Street Junction, Colombo, Sri Lanka","Sea St, Colombo 01300, Sri Lanka",6.9418464,79.8542501,"Rain, Partially cloudy",0.229,7.1,78.4,34.1,2025-05-01T05:56:51,2025-05-01T18:18:53,Light Rain,Good,Thursday,May,No,Yes,International Workers' Day,Global
Bambalapitiya Junction,2025-05-01,11:25,Minor Injury,Rear-end Collision,Unsafe Lane Change,2,Three Wheeler; Car,36-45,0,4,Low,"Bambalapitiya Junction, Colombo, Sri Lanka","Bambalapitiya Junction, Colombo, Sri Lanka","Bambalapitiya, Colombo 00500, Sri Lanka",6.8894192,79.8575468,"Rain, Partially cloudy",0.229,7.1,78.4,34.1,2025-05-01T05:56:51,2025-05-01T18:18:53,Light Rain,Good,Thursday,May,No,Yes,International Workers' Day,Global
High Level Road Kirulapone,2025-05-05,07:46,Minor Injury,Multi-vehicle Collision,Failure to Yield,3,Three Wheeler; Lorry; Motorcycle,36-45,0,2,Low,"High Level Road Kirulapone, Colombo, Sri Lanka","High Level Road Kirulapone, Colombo, Sri Lanka","High Level Rd, Colombo, Sri Lanka",6.8775584,79.8793098,Partially cloudy,0.0,6.4,82.1,64.2,2025-05-05T05:55:49,2025-05-05T18:19:08,Partially Cloudy,Good,Monday,May,Yes,No,None,None
Bauddhaloka Mawatha Cinnamon Gardens,2025-05-06,16:22,Serious Injury,Pedestrian Collision,Overspeeding,1,Motorcycle,36-45,0,5,High,"Bauddhaloka Mawatha Cinnamon Gardens, Colombo, Sri Lanka","Bauddhaloka Mawatha Cinnamon Gardens, Colombo, Sri Lanka","Bauddhaloka Mawatha, Colombo 00700, Sri Lanka",6.901932,79.8694402,"Rain, Partially cloudy",1.575,7.0,82.7,47.8,2025-05-06T05:55:35,2025-05-06T18:19:12,Light Rain,Good,Tuesday,May,Yes,No,None,None
Union Place Borella,2025-05-06,17:21,Serious Injury,Side-impact Collision,Reckless Driving,4,Car; Motorcycle; Three Wheeler; Bicycle,18-25,0,3,Moderate,"Union Place Borella, Colombo, Sri Lanka","Union Place Borella, Colombo, Sri Lanka","Colombo 08, Colombo, Sri Lanka",6.9147836,79.8775951,"Rain, Partially cloudy",1.575,7.0,82.7,47.8,2025-05-06T05:55:35,2025-05-06T18:19:12,Light Rain,Good,Tuesday,May,Yes,No,None,None
Armour Street Pettah,2025-05-06,20:28,Minor Injury,Side-impact Collision,Driver Negligence,2,Motorcycle; Bicycle,46-55,0,4,Low,"Armour Street Pettah, Colombo, Sri Lanka","Armour Street Pettah, Colombo, Sri Lanka","Armour St, Colombo, Sri Lanka",6.9424222,79.8637618,"Rain, Partially cloudy",1.575,7.0,82.7,47.8,2025-05-06T05:55:35,2025-05-06T18:19:12,Light Rain,Good,Tuesday,May,No,No,None,None
Union Place Slave Island,2025-05-07,09:53,Serious Injury,Multi-vehicle Collision,Driver Negligence,2,Three Wheeler; Van,26-35,0,2,Moderate,"Union Place Slave Island, Colombo, Sri Lanka","Union Place Slave Island, Colombo, Sri Lanka","Union Pl, Colombo, Sri Lanka",6.9203664,79.8578057,"Rain, Partially cloudy",0.086,7.1,85.2,72.1,2025-05-07T05:55:22,2025-05-07T18:19:17,Light Rain,Good,Wednesday,May,No,No,None,None
Darley Road Cinnamon Gardens,2025-05-07,14:24,Minor Injury,Single Vehicle Crash,Reckless Driving,1,Lorry,18-25,0,4,Moderate,"Darley Road Cinnamon Gardens, Colombo, Sri Lanka","Darley Road Cinnamon Gardens, Colombo, Sri Lanka","Darley Rd, Colombo, Sri Lanka",6.9228616,79.8620451,"Rain, Partially cloudy",0.086,7.1,85.2,72.1,2025-05-07T05:55:22,2025-05-07T18:19:17,Light Rain,Good,Wednesday,May,No,No,None,None
Ibbanwala Junction,2025-05-08,09:05,Fatal,Rear-end Collision,Overspeeding,2,Motorcycle; Car,36-45,1,3,Low,"Ibbanwala Junction, Colombo, Sri Lanka","Ibbanwala Junction, Colombo, Sri Lanka","Ibbanwala, Colombo, Sri Lanka",6.917642,79.8597831,"Rain, Partially cloudy",0.256,6.0,90.4,78.3,2025-05-08T05:55:09,2025-05-08T18:19:23,Light Rain,Moderate,Thursday,May,No,No,None,None
Slave Island Junction,2025-05-08,09:55,Minor Injury,Multi-vehicle Collision,Driver Fatigue,2,Car; Three Wheeler,26-35,0,3,High,"Slave Island Junction, Colombo, Sri Lanka","Slave Island Junction, Colombo, Sri Lanka","Kompannavidiya Flyover, Colombo, Sri Lanka",6.9266493,79.8483123,"Rain, Partially cloudy",0.256,6.0,90.4,78.3,2025-05-08T05:55:09,2025-05-08T18:19:23,Light Rain,Moderate,Thursday,May,No,No,None,None
Sea Street Kotahena,2025-05-09,02:32,Minor Injury,Rear-end Collision,Reckless Driving,2,Van; Motorcycle,36-45,0,4,Moderate,"Sea Street Kotahena, Colombo, Sri Lanka","Sea Street Kotahena, Colombo, Sri Lanka","Sea St, Colombo 01300, Sri Lanka",6.9418464,79.8542501,"Rain, Partially cloudy",0.015,6.9,82.0,74.2,2025-05-09T05:54:58,2025-05-09T18:19:29,Light Rain,Good,Friday,May,No,No,None,None
Justice Akbar Mawatha Slave Island,2025-05-09,17:36,Minor Injury,Rear-end Collision,Overspeeding,2,Van; Three Wheeler,46-55,0,4,Low,"Justice Akbar Mawatha Slave Island, Colombo, Sri Lanka","Justice Akbar Mawatha Slave Island, Colombo, Sri Lanka","Justice Akbar Mawatha, Colombo, Sri Lanka",6.9238481,79.8503668,"Rain, Partially cloudy",0.015,6.9,82.0,74.2,2025-05-09T05:54:58,2025-05-09T18:19:29,Light Rain,Good,Friday,May,Yes,No,None,None
Mattakkuliya Junction,2025-05-10,08:55,Minor Injury,Side-impact Collision,Overspeeding,4,Motorcycle; Car; Three Wheeler; Bicycle,36-45,0,2,High,"Mattakkuliya Junction, Colombo, Sri Lanka","Mattakkuliya Junction, Colombo, Sri Lanka","Mattakkuliya Brg, Colombo, Sri Lanka",6.9805611,79.875318,"Rain, Partially cloudy",0.033,6.9,74.6,39.7,2025-05-10T05:54:46,2025-05-10T18:19:35,Light Rain,Good,Saturday,May,Yes,No,None,None
Maradana Junction,2025-05-11,09:34,Minor Injury,Side-impact Collision,Overspeeding,2,Car; Motorcycle,18-25,0,2,Moderate,"Maradana Junction, Colombo, Sri Lanka","Maradana Junction, Colombo, Sri Lanka","Maradana Junction, Colombo 01000, Sri Lanka",6.928874,79.8637428,"Rain, Partially cloudy",0.054,7.5,69.2,30.1,2025-05-11T05:54:36,2025-05-11T18:19:42,Light Rain,Good,Sunday,May,No,No,None,None
Hulftsdorp Junction,2025-05-11,20:42,Minor Injury,Multi-vehicle Collision,Failure to Yield,4,Bicycle; Motorcycle; Van; Three Wheeler,18-25,0,2,Low,"Hulftsdorp Junction, Colombo, Sri Lanka","Hulftsdorp Junction, Colombo, Sri Lanka","Hultsdorf St, Colombo, Sri Lanka",6.9375553,79.8608161,"Rain, Partially cloudy",0.054,7.5,69.2,30.1,2025-05-11T05:54:36,2025-05-11T18:19:42,Light Rain,Good,Sunday,May,No,No,None,None
Union Place,2025-05-13,22:34,Minor Injury,Single Vehicle Crash,Reckless Driving,1,Motorcycle,18-25,0,4,Low,"Union Place, Colombo, Sri Lanka","Union Place, Colombo, Sri Lanka","Union Place, Colombo, Sri Lanka",6.922958299999999,79.8523572,"Rain, Partially cloudy",0.096,7.3,77.3,34.8,2025-05-13T05:54:18,2025-05-13T18:19:57,Light Rain,Good,Tuesday,May,No,Yes,Day Following Vesak Full Moon Poya Day,Local
Borella Junction,2025-05-15,10:53,Minor Injury,Motorcycle Collision,Driver Negligence,2,Motorcycle; Car,26-35,0,2,Low,"Borella Junction, Colombo, Sri Lanka","Borella Junction, Colombo, Sri Lanka","18 Dr NM Perera Mawatha Rd, Colombo 00800, Sri Lanka",6.9139525,79.878481,"Rain, Partially cloudy",0.013,7.1,81.7,48.3,2025-05-15T05:54:02,2025-05-15T18:20:14,Light Rain,Good,Thursday,May,No,No,None,None
Madampitiya Road,2025-05-17,15:21,Minor Injury,Head-on Collision,Unsafe Lane Change,1,Van,46-55,0,3,Moderate,"Madampitiya Road, Colombo, Sri Lanka","Madampitiya Road, Colombo, Sri Lanka","Madampitiya Rd, Colombo, Sri Lanka",6.9624445,79.8714976,Partially cloudy,0.0,7.2,79.6,39.5,2025-05-17T05:53:49,2025-05-17T18:20:32,Partially Cloudy,Good,Saturday,May,No,No,None,None
Maradana Railway Station Area,2025-05-19,08:01,Serious Injury,Side-impact Collision,Driver Fatigue,4,Three Wheeler; Motorcycle; Lorry; Bicycle,26-35,0,3,High,"Maradana Railway Station Area, Colombo, Sri Lanka","Maradana Railway Station Area, Colombo, Sri Lanka","Maradana Railway Station, Jayantha Weerasekara Mawatha, Colombo 01000, Sri Lanka",6.92946,79.86511000000002,"Rain, Partially cloudy",0.437,7.3,81.5,34.5,2025-05-19T05:53:39,2025-05-19T18:20:52,Light Rain,Good,Monday,May,Yes,No,None,None
Borella Junction,2025-05-19,20:21,Serious Injury,Rear-end Collision,Distracted Driving,2,Car; Bicycle,36-45,0,4,High,"Borella Junction, Colombo, Sri Lanka","Borella Junction, Colombo, Sri Lanka","18 Dr NM Perera Mawatha Rd, Colombo 00800, Sri Lanka",6.9139525,79.878481,"Rain, Partially cloudy",0.437,7.3,81.5,34.5,2025-05-19T05:53:39,2025-05-19T18:20:52,Light Rain,Good,Monday,May,No,No,None,None
Bauddhaloka Mawatha Cinnamon Gardens,2025-05-21,13:53,Minor Injury,Rear-end Collision,Unsafe Lane Change,2,Three Wheeler; Motorcycle,36-45,0,2,Low,"Bauddhaloka Mawatha Cinnamon Gardens, Colombo, Sri Lanka","Bauddhaloka Mawatha Cinnamon Gardens, Colombo, Sri Lanka","Bauddhaloka Mawatha, Colombo 00700, Sri Lanka",6.901932,79.8694402,Partially cloudy,0.004,7.5,73.7,31.8,2025-05-21T05:53:32,2025-05-21T18:21:13,Partially Cloudy,Good,Wednesday,May,No,No,None,None
Hulftsdorp Junction,2025-05-22,08:25,Serious Injury,Head-on Collision,Failure to Yield,3,Three Wheeler; Motorcycle; Van,36-45,0,3,High,"Hulftsdorp Junction, Colombo, Sri Lanka","Hulftsdorp Junction, Colombo, Sri Lanka","Hultsdorf St, Colombo, Sri Lanka",6.9375553,79.8608161,Partially cloudy,0.0,7.0,75.3,37.1,2025-05-22T05:53:29,2025-05-22T18:21:24,Partially Cloudy,Good,Thursday,May,Yes,No,None,None
Kotahena Junction,2025-05-22,15:28,Minor Injury,Rear-end Collision,Reckless Driving,1,Car,26-35,0,2,Low,"Kotahena Junction, Colombo, Sri Lanka","Kotahena Junction, Colombo, Sri Lanka","Kotahena St, Colombo 01300, Sri Lanka",6.9494699,79.8626776,Partially cloudy,0.0,7.0,75.3,37.1,2025-05-22T05:53:29,2025-05-22T18:21:24,Partially Cloudy,Good,Thursday,May,No,No,None,None
Baseline Road Rajagiriya,2025-05-23,15:24,Minor Injury,Rear-end Collision,Driver Negligence,4,Three Wheeler; Lorry; Car; Van,36-45,0,2,High,"Baseline Road Rajagiriya, Colombo, Sri Lanka","Baseline Road Rajagiriya, Colombo, Sri Lanka","Baseline Rd, Sri Lanka",6.9345357,79.8783223,"Rain, Partially cloudy",0.022,7.1,76.6,29.4,2025-05-23T05:53:28,2025-05-23T18:21:36,Light Rain,Good,Friday,May,No,No,None,None
Havelock Road Havelock Town,2025-05-23,17:27,Minor Injury,Single Vehicle Crash,Driver Fatigue,1,Lorry,36-45,0,1,Low,"Havelock Road Havelock Town, Colombo, Sri Lanka","Havelock Road Havelock Town, Colombo, Sri Lanka","Havelock Rd, Colombo 00500, Sri Lanka",6.8903417,79.8638234,"Rain, Partially cloudy",0.022,7.1,76.6,29.4,2025-05-23T05:53:28,2025-05-23T18:21:36,Light Rain,Good,Friday,May,Yes,No,None,None
Maya Avenue Junction,2025-05-26,11:04,Fatal,Multi-vehicle Collision,Reckless Driving,3,Motorcycle; Three Wheeler; Bicycle,18-25,1,5,Moderate,"Maya Avenue Junction, Colombo, Sri Lanka","Maya Avenue Junction, Colombo, Sri Lanka","Maya Ave, Colombo 00500, Sri Lanka",6.8798254,79.870857,"Rain, Partially cloudy",0.023,6.8,82.3,40.5,2025-05-26T05:53:26,2025-05-26T18:22:12,Light Rain,Good,Monday,May,No,No,None,None
Madampitiya Road,2025-05-27,14:49,Serious Injury,Side-impact Collision,Mechanical Failure,3,Motorcycle; Car; Three Wheeler,46-55,0,2,High,"Madampitiya Road, Colombo, Sri Lanka","Madampitiya Road, Colombo, Sri Lanka","Madampitiya Rd, Colombo, Sri Lanka",6.9624445,79.8714976,Partially cloudy,0.005,6.4,80.9,34.1,2025-05-27T05:53:27,2025-05-27T18:22:25,Partially Cloudy,Good,Tuesday,May,No,No,None,None
Chatham Street Fort,2025-05-27,18:44,Minor Injury,Multi-vehicle Collision,Driver Negligence,3,Lorry; Three Wheeler; Car,36-45,0,2,High,"Chatham Street Fort, Colombo, Sri Lanka","Chatham Street Fort, Colombo, Sri Lanka","Chatham St, Colombo, Sri Lanka",6.9345031,79.8437927,Partially cloudy,0.005,6.4,80.9,34.1,2025-05-27T05:53:27,2025-05-27T18:22:25,Partially Cloudy,Good,Tuesday,May,Yes,No,None,None
Narahenpita Junction,2025-06-03,14:19,Serious Injury,Motorcycle Collision,Driver Negligence,2,Motorcycle; Lorry,18-25,0,2,High,"Narahenpita Junction, Colombo, Sri Lanka","Narahenpita Junction, Colombo, Sri Lanka","Narahenpita, Colombo 00500, Sri Lanka",6.8899209,79.8826281,Partially cloudy,0.002,7.8,75.0,42.8,2025-06-03T05:53:52,2025-06-03T18:24:01,Partially Cloudy,Good,Tuesday,June,No,No,None,None
Justice Akbar Mawatha Slave Island,2025-06-05,07:47,Serious Injury,Single Vehicle Crash,Driver Negligence,1,Bicycle,56+,0,5,High,"Justice Akbar Mawatha Slave Island, Colombo, Sri Lanka","Justice Akbar Mawatha Slave Island, Colombo, Sri Lanka","Justice Akbar Mawatha, Colombo, Sri Lanka",6.9238481,79.8503668,Partially cloudy,0.008,7.3,74.7,26.8,2025-06-05T05:54:04,2025-06-05T18:24:29,Partially Cloudy,Good,Thursday,June,Yes,No,None,None
Pettah Clock Tower Area,2025-06-05,09:46,Serious Injury,Rear-end Collision,Reckless Driving,1,Bicycle,36-45,0,4,High,"Pettah Clock Tower Area, Colombo, Sri Lanka","Pettah Clock Tower Area, Colombo, Sri Lanka","Pettah, Colombo, Sri Lanka",6.9367858,79.8525385,Partially cloudy,0.008,7.3,74.7,26.8,2025-06-05T05:54:04,2025-06-05T18:24:29,Partially Cloudy,Good,Thursday,June,No,No,None,None