Location,Date of Accident,Time of Accident,Accident Severity,Collision Type,Cause of Accident,Number of Vehicles,Vehicle Types,Driver Age Group,Number of Fatalities,Number of Injuries,Property Damage Level,location_standardized,location_name,formatted_address,latitude,longitude,conditions,precip,visibility,humidity,cloudcover,sunrise,sunset,weather_condition_label,visibility_level,Week (Derived),Month (Derived),Peak Hour Indicator (Derived),Public Holiday Indicator (Derived),Public Holiday Name (Derived),Public Holiday Category (Derived)
Justice Akbar Mawatha Slave Island,2025-06-09,13:03,Minor Injury,Motorcycle Collision,Overspeeding,2,Motorcycle; Bicycle,26-35,0,3,Low,"Justice Akbar Mawatha Slave Island, Colombo, Sri Lanka","Justice Akbar Mawatha Slave Island, Colombo, Sri Lanka","Justice Akbar Mawatha, Colombo, Sri Lanka",6.9238481,79.8503668,Partially cloudy,0.0,7.0,71.7,33.4,2025-06-09T05:54:36,2025-06-09T18:25:28,Partially Cloudy,Good,Monday,June,No,No,None,None
Bambalapitiya Junction,2025-06-11,04:45,Minor Injury,Motorcycle Collision,Reckless Driving,2,Motorcycle; Three Wheeler,26-35,0,1,Low,"Bambalapitiya Junction, Colombo, Sri Lanka","Bambalapitiya Junction, Colombo, Sri Lanka","Bambalapitiya, Colombo 00500, Sri Lanka",6.8894192,79.8575468,"Rain, Partially cloudy",0.026,7.0,76.0,33.1,2025-06-11T05:54:54,2025-06-11T18:25:57,Light Rain,Good,Wednesday,June,No,No,None,None
Kollupitiya Junction,2025-06-13,07:04,Serious Injury,Motorcycle Collision,Reckless Driving,2,Motorcycle; Bus,36-45,0,6,Moderate,"Kollupitiya Junction, Colombo, Sri Lanka","Kollupitiya Junction, Colombo, Sri Lanka","Kollupitiya - Sri Jayewardenepura Rd, Colombo, Sri Lanka",6.9117245,79.8614617,"Rain, Partially cloudy",0.058,6.9,78.1,35.6,2025-06-13T05:55:14,2025-06-13T18:26:26,Light Rain,Good,Friday,June,Yes,No,None,None
Dematagoda Junction,2025-06-16,17:18,Minor Injury,Motorcycle Collision,Overspeeding,2,Motorcycle; Three Wheeler,36-45,0,1,Low,"Dematagoda Junction, Colombo, Sri Lanka","Dematagoda Junction, Colombo, Sri Lanka","Dematagoda Pl, Colombo, Sri Lanka",6.9293231,79.8764195,"Rain, Partially cloudy",0.184,6.2,85.5,33.3,2025-06-16T05:55:48,2025-06-16T18:27:09,Light Rain,Good,Monday,June,Yes,No,None,None
"No. 02 Lotus Road, Colombo 01",2025-06-17,08:41,Minor Injury,Pedestrian Collision,Poor Visibility,2,Three Wheeler; Bus,46-55,0,1,Low,"No. 02 Lotus Road, Colombo 01, Colombo, Sri Lanka","No. 02 Lotus Road, Colombo 01, Colombo, Sri Lanka","2 Lotus Rd, Colombo 00100, Sri Lanka",6.9317821,79.8448945,"Rain, Partially cloudy",0.014,7.1,81.1,20.5,2025-06-17T05:56:00,2025-06-17T18:27:23,Light Rain,Good,Tuesday,June,Yes,No,None,None
Duplication Road Bambalapitiya,2025-06-17,21:05,Minor Injury,Pedestrian Collision,Unsafe Lane Change,1,Motorcycle,26-35,0,1,Moderate,"Duplication Road Bambalapitiya, Colombo, Sri Lanka","Duplication Road Bambalapitiya, Colombo, Sri Lanka","450 E R. A. De Mel Mawatha, Colombo 00200, Sri Lanka",6.9024028,79.8545389,"Rain, Partially cloudy",0.014,7.1,81.1,20.5,2025-06-17T05:56:00,2025-06-17T18:27:23,Light Rain,Good,Tuesday,June,No,No,None,None
Sea Street Kotahena,2025-06-18,17:35,Serious Injury,Rear-end Collision,Failure to Yield,4,Lorry; Motorcycle; Bus; Three Wheeler,26-35,0,4,High,"Sea Street Kotahena, Colombo, Sri Lanka","Sea Street Kotahena, Colombo, Sri Lanka","Sea St, Colombo 01300, Sri Lanka",6.9418464,79.8542501,"Rain, Partially cloudy",0.022,6.9,78.1,20.8,2025-06-18T05:56:12,2025-06-18T18:27:37,Light Rain,Good,Wednesday,June,Yes,No,None,None
Bauddhaloka Mawatha Cinnamon Gardens,2025-06-21,08:30,Serious Injury,Motorcycle Collision,Pedestrian Negligence,2,Motorcycle; Car,26-35,0,6,High,"Bauddhaloka Mawatha Cinnamon Gardens, Colombo, Sri Lanka","Bauddhaloka Mawatha Cinnamon Gardens, Colombo, Sri Lanka","Bauddhaloka Mawatha, Colombo 00700, Sri Lanka",6.901932,79.8694402,Partially cloudy,0.004,6.8,77.4,43.1,2025-06-21T05:56:50,2025-06-21T18:28:17,Partially Cloudy,Good,Saturday,June,Yes,No,None,None
Borella Police Area,2025-06-24,17:55,Serious Injury,Single Vehicle Crash,Poor Visibility,1,Three Wheeler,36-45,0,2,Moderate,"Borella Police Area, Colombo, Sri Lanka","Borella Police Area, Colombo, Sri Lanka","Colombo 08, Colombo, Sri Lanka",6.9147836,79.8775951,Rain,0.026,7.1,76.2,18.1,2025-06-24T05:57:30,2025-06-24T18:28:54,Light Rain,Good,Tuesday,June,Yes,No,None,None
Bauddhaloka Mawatha Cinnamon Gardens,2025-06-26,08:12,Minor Injury,Side-impact Collision,Reckless Driving,2,Lorry; Three Wheeler,26-35,0,3,Moderate,"Bauddhaloka Mawatha Cinnamon Gardens, Colombo, Sri Lanka","Bauddhaloka Mawatha Cinnamon Gardens, Colombo, Sri Lanka","Bauddhaloka Mawatha, Colombo 00700, Sri Lanka",6.901932,79.8694402,"Rain, Partially cloudy",0.055,6.6,77.8,37.1,2025-06-26T05:57:57,2025-06-26T18:29:17,Light Rain,Good,Thursday,June,Yes,No,None,None
Havelock Town Junction,2025-06-26,16:01,Fatal,Rear-end Collision,Reckless Driving,1,Car,18-25,1,3,High,"Havelock Town Junction, Colombo, Sri Lanka","Havelock Town Junction, Colombo, Sri Lanka","Havelock Town, Colombo, Sri Lanka",6.886651899999999,79.8646835,"Rain, Partially cloudy",0.055,6.6,77.8,37.1,2025-06-26T05:57:57,2025-06-26T18:29:17,Light Rain,Good,Thursday,June,Yes,No,None,None
Duplication Road Bambalapitiya,2025-06-27,13:41,Minor Injury,Pedestrian Collision,Distracted Driving,2,Motorcycle; Three Wheeler,18-25,0,1,Moderate,"Duplication Road Bambalapitiya, Colombo, Sri Lanka","Duplication Road Bambalapitiya, Colombo, Sri Lanka","450 E R. A. De Mel Mawatha, Colombo 00200, Sri Lanka",6.9024028,79.8545389,"Rain, Partially cloudy",0.022,6.8,77.2,23.8,2025-06-27T05:58:11,2025-06-27T18:29:28,Light Rain,Good,Friday,June,No,No,None,None
Galle Road Wellawatte,2025-06-30,07:37,Serious Injury,Rear-end Collision,Pedestrian Negligence,2,Motorcycle; Three Wheeler,36-45,0,4,High,"Galle Road Wellawatte, Colombo, Sri Lanka","Galle Road Wellawatte, Colombo, Sri Lanka","Galle Rd, Colombo, Sri Lanka",6.8755051,79.861039,Partially cloudy,0.0,7.2,73.2,29.3,2025-06-30T05:58:53,2025-06-30T18:29:59,Partially Cloudy,Good,Monday,June,Yes,No,None,None
Kotahena Junction,2025-06-30,14:11,Minor Injury,Motorcycle Collision,Driver Negligence,1,Motorcycle,18-25,0,2,Low,"Kotahena Junction, Colombo, Sri Lanka","Kotahena Junction, Colombo, Sri Lanka","Kotahena St, Colombo 01300, Sri Lanka",6.9494699,79.8626776,Partially cloudy,0.0,7.2,73.2,29.3,2025-06-30T05:58:53,2025-06-30T18:29:59,Partially Cloudy,Good,Monday,June,No,No,None,None
Bauddhaloka Mawatha Cinnamon Gardens,2025-07-03,07:46,Minor Injury,Rear-end Collision,Driver Negligence,2,Motorcycle; Three Wheeler,36-45,0,3,High,"Bauddhaloka Mawatha Cinnamon Gardens, Colombo, Sri Lanka","Bauddhaloka Mawatha Cinnamon Gardens, Colombo, Sri Lanka","Bauddhaloka Mawatha, Colombo 00700, Sri Lanka",6.901932,79.8694402,Partially cloudy,0.0,8.2,74.0,28.6,2025-07-03T05:59:35,2025-07-03T18:30:25,Partially Cloudy,Good,Thursday,July,Yes,No,None,None
Maradana Junction,2025-07-05,18:56,Minor Injury,Pedestrian Collision,Overspeeding,2,Motorcycle; Car,56+,0,1,High,"Maradana Junction, Colombo, Sri Lanka","Maradana Junction, Colombo, Sri Lanka","Maradana Junction, Colombo 01000, Sri Lanka",6.928874,79.8637428,Partially cloudy,0.0,7.4,73.3,26.4,2025-07-05T06:00:02,2025-07-05T18:30:40,Partially Cloudy,Good,Saturday,July,Yes,No,None,None
Maradana Junction,2025-07-07,13:27,Serious Injury,Pedestrian Collision,Overspeeding,2,Motorcycle; Car,26-35,0,6,Low,"Maradana Junction, Colombo, Sri Lanka","Maradana Junction, Colombo, Sri Lanka","Maradana Junction, Colombo 01000, Sri Lanka",6.928874,79.8637428,Partially cloudy,0.0,6.7,73.5,23.3,2025-07-07T06:00:29,2025-07-07T18:30:52,Partially Cloudy,Good,Monday,July,No,No,None,None
Panchikawatte,2025-07-07,21:06,Serious Injury,Multi-vehicle Collision,Driver Negligence,3,Car; Motorcycle; Lorry,56+,0,5,Moderate,"Panchikawatte, Colombo, Sri Lanka","Panchikawatte, Colombo, Sri Lanka","Panchikawatta, Colombo 01000, Sri Lanka",6.9309682,79.8639835,Partially cloudy,0.0,6.7,73.5,23.3,2025-07-07T06:00:29,2025-07-07T18:30:52,Partially Cloudy,Good,Monday,July,No,No,None,None
Main Street Pettah,2025-07-08,18:08,Fatal,Rear-end Collision,Overspeeding,2,Motorcycle; Car,26-35,1,4,High,"Main Street Pettah, Colombo, Sri Lanka","Main Street Pettah, Colombo, Sri Lanka","Main St, Colombo, Sri Lanka",6.9374659,79.8507335,Partially cloudy,0.0,7.5,70.6,25.9,2025-07-08T06:00:43,2025-07-08T18:30:57,Partially Cloudy,Good,Tuesday,July,Yes,No,None,None
Pettah Market Area,2025-07-10,10:16,Minor Injury,Single Vehicle Crash,Reckless Driving,1,Motorcycle,56+,0,2,High,"Pettah Market Area, Colombo, Sri Lanka","Pettah Market Area, Colombo, Sri Lanka","WVP3+VMM, Keyzer St, Colombo 01100, Sri Lanka",6.937201699999999,79.854187,Partially cloudy,0.0,7.3,72.1,27.7,2025-07-10T06:01:09,2025-07-10T18:31:06,Partially Cloudy,Good,Thursday,July,No,Yes,Esala Full Moon Poya Day,Local
Pettah Clock Tower Area,2025-07-14,08:24,Serious Injury,Side-impact Collision,Driver Negligence,2,Three Wheeler; Bus,56+,0,2,Moderate,"Pettah Clock Tower Area, Colombo, Sri Lanka","Pettah Clock Tower Area, Colombo, Sri Lanka","Pettah, Colombo, Sri Lanka",6.9367858,79.8525385,Partially cloudy,0.008,7.4,71.7,28.1,2025-07-14T06:01:58,2025-07-14T18:31:16,Partially Cloudy,Good,Monday,July,Yes,No,None,None
Armour Street Junction,2025-07-16,06:34,Serious Injury,Head-on Collision,Poor Visibility,1,Motorcycle,26-35,0,5,Low,"Armour Street Junction, Colombo, Sri Lanka","Armour Street Junction, Colombo, Sri Lanka","Armour St, Colombo, Sri Lanka",6.9424222,79.8637618,Partially cloudy,0.0,7.4,75.1,51.5,2025-07-16T06:02:22,2025-07-16T18:31:16,Partially Cloudy,Good,Wednesday,July,No,No,None,None
Baseline Road Borella,2025-07-16,11:37,Serious Injury,Motorcycle Collision,Driver Negligence,4,Motorcycle; Car; Bus; Bicycle,36-45,0,2,High,"Baseline Road Borella, Colombo, Sri Lanka","Baseline Road Borella, Colombo, Sri Lanka","Baseline Rd, Colombo, Sri Lanka",6.919902,79.8776917,Partially cloudy,0.0,7.4,75.1,51.5,2025-07-16T06:02:22,2025-07-16T18:31:16,Partially Cloudy,Good,Wednesday,July,No,No,None,None
Galle Road Wellawatte,2025-07-18,13:28,Minor Injury,Motorcycle Collision,Overspeeding,2,Motorcycle; Three Wheeler,36-45,0,3,High,"Galle Road Wellawatte, Colombo, Sri Lanka","Galle Road Wellawatte, Colombo, Sri Lanka","Galle Rd, Colombo, Sri Lanka",6.8755051,79.861039,Partially cloudy,0.0,7.1,71.9,33.9,2025-07-18T06:02:43,2025-07-18T18:31:14,Partially Cloudy,Good,Friday,July,No,No,None,None
Dematagoda Junction,2025-07-19,17:27,Fatal,Side-impact Collision,Poor Visibility,2,Motorcycle; Three Wheeler,36-45,1,5,Low,"Dematagoda Junction, Colombo, Sri Lanka","Dematagoda Junction, Colombo, Sri Lanka","Dematagoda Pl, Colombo, Sri Lanka",6.9293231,79.8764195,"Rain, Partially cloudy",0.077,7.1,74.4,34.6,2025-07-19T06:02:54,2025-07-19T18:31:12,Light Rain,Good,Saturday,July,Yes,No,None,None
D R Wijewardena Mawatha Fort,2025-07-20,18:43,Fatal,Multi-vehicle Collision,Overspeeding,3,Three Wheeler; Car; Lorry,56+,1,3,High,"D R Wijewardena Mawatha Fort, Colombo, Sri Lanka","D R Wijewardena Mawatha Fort, Colombo, Sri Lanka","McCallum Rd, Colombo, Sri Lanka",6.9324236,79.8505139,Partially cloudy,0.0,6.9,75.2,29.6,2025-07-20T06:03:04,2025-07-20T18:31:09,Partially Cloudy,Good,Sunday,July,Yes,No,None,None
Sea Street Pettah,2025-07-21,07:31,Serious Injury,Rear-end Collision,Overspeeding,2,Bus; Car,18-25,0,5,Low,"Sea Street Pettah, Colombo, Sri Lanka","Sea Street Pettah, Colombo, Sri Lanka","Sea St, Colombo 01300, Sri Lanka",6.9418464,79.8542501,Partially cloudy,0.0,6.8,79.8,40.9,2025-07-21T06:03:13,2025-07-21T18:31:05,Partially Cloudy,Good,Monday,July,Yes,No,None,None
High Level Road Kirulapone,2025-07-21,09:12,Fatal,Motorcycle Collision,Reckless Driving,1,Motorcycle,56+,1,1,High,"High Level Road Kirulapone, Colombo, Sri Lanka","High Level Road Kirulapone, Colombo, Sri Lanka","High Level Rd, Colombo, Sri Lanka",6.8775584,79.8793098,Partially cloudy,0.0,6.8,79.8,40.9,2025-07-21T06:03:13,2025-07-21T18:31:05,Partially Cloudy,Good,Monday,July,No,No,None,None
Liberty Plaza Area,2025-07-22,18:39,Serious Injury,Rear-end Collision,Reckless Driving,1,Motorcycle,36-45,0,2,High,"Liberty Plaza Area, Colombo, Sri Lanka","Liberty Plaza Area, Colombo, Sri Lanka","300 Srimath Anagarika Dharmapala Mawatha, Colombo 00300, Sri Lanka",6.9118996,79.85130869999999,"Rain, Partially cloudy",0.082,7.0,77.5,29.7,2025-07-22T06:03:23,2025-07-22T18:31:01,Light Rain,Good,Tuesday,July,Yes,No,None,None
Mutwal Road Mutwal,2025-07-27,07:35,Fatal,Multi-vehicle Collision,Reckless Driving,4,Car; Three Wheeler; Motorcycle; Van,26-35,2,8,Moderate,"Mutwal Road Mutwal, Colombo, Sri Lanka","Mutwal Road Mutwal, Colombo, Sri Lanka","Muthuwella Mawatha, Colombo, Sri Lanka",6.9640994,79.8649458,Partially cloudy,0.0,6.8,77.3,32.4,2025-07-27T06:04:03,2025-07-27T18:30:27,Partially Cloudy,Good,Sunday,July,Yes,No,None,None
Kotahena Junction,2025-07-27,09:41,Minor Injury,Rear-end Collision,Driver Negligence,1,Three Wheeler,26-35,0,4,Low,"Kotahena Junction, Colombo, Sri Lanka","Kotahena Junction, Colombo, Sri Lanka","Kotahena St, Colombo 01300, Sri Lanka",6.9494699,79.8626776,Partially cloudy,0.0,6.8,77.3,32.4,2025-07-27T06:04:03,2025-07-27T18:30:27,Partially Cloudy,Good,Sunday,July,No,No,None,None
Wellawatte Junction,2025-07-27,19:29,Minor Injury,Side-impact Collision,Poor Visibility,2,Van; Three Wheeler,46-55,0,3,Low,"Wellawatte Junction, Colombo, Sri Lanka","Wellawatte Junction, Colombo, Sri Lanka","Wellawatte, Colombo 00600, Sri Lanka",6.874092099999999,79.8604934,Partially cloudy,0.0,6.8,77.3,32.4,2025-07-27T06:04:03,2025-07-27T18:30:27,Partially Cloudy,Good,Sunday,July,No,No,None,None
Liberty Plaza Area,2025-07-29,12:35,Minor Injury,Side-impact Collision,Reckless Driving,1,Car,46-55,0,1,High,"Liberty Plaza Area, Colombo, Sri Lanka","Liberty Plaza Area, Colombo, Sri Lanka","300 Srimath Anagarika Dharmapala Mawatha, Colombo 00300, Sri Lanka",6.9118996,79.85130869999999,Clear,0.0,8.3,72.6,14.3,2025-07-29T06:04:15,2025-07-29T18:30:09,Clear,Good,Tuesday,July,No,No,None,None
"No. 88 Horton Place, Colombo 07",2025-08-07,13:59,Fatal,Pedestrian Collision,Overspeeding,1,Bus,18-25,1,2,High,"No. 88 Horton Place, Colombo 07, Colombo, Sri Lanka","No. 88 Horton Place, Colombo 07, Colombo, Sri Lanka","88 Horton Pl, Colombo 00700, Sri Lanka",6.911387899999999,79.87225459999999,Partially cloudy,0.0,7.9,76.3,45.1,2025-08-07T06:04:50,2025-08-07T18:28:08,Partially Cloudy,Good,Thursday,August,No,No,None,None
Malabe Junction,2025-08-09,09:58,Minor Injury,Side-impact Collision,Driver Negligence,4,Motorcycle; Lorry; Car; Three Wheeler,46-55,0,3,Low,"Malabe Junction, Colombo, Sri Lanka","Malabe Junction, Colombo, Sri Lanka","Malabe Junction, Malabe, Sri Lanka",6.903892799999999,79.955015,Partially cloudy,0.0,7.3,78.7,46.1,2025-08-09T06:04:53,2025-08-09T18:27:33,Partially Cloudy,Good,Saturday,August,No,No,None,None
"No. 12 Gregory's Road, Colombo 07",2025-08-09,12:28,Minor Injury,Rear-end Collision,Overspeeding,2,Three Wheeler; Car,18-25,0,2,Low,"No. 12 Gregory's Road, Colombo 07, Colombo, Sri Lanka","No. 12 Gregory's Road, Colombo 07, Colombo, Sri Lanka","12A Gregory's Ave, Colombo 00700, Sri Lanka",6.9093854,79.8681264,Partially cloudy,0.0,7.3,78.7,46.1,2025-08-09T06:04:53,2025-08-09T18:27:33,Partially Cloudy,Good,Saturday,August,No,No,None,None
"Junction of Galle Road and Kawdana Road, Wellawatte, Colombo 06",2025-08-09,17:22,Minor Injury,Motorcycle Collision,Unsafe Lane Change,3,Motorcycle; Bicycle; Car,26-35,0,2,Moderate,"Junction of Galle Road and Kawdana Road, Wellawatte, Colombo 06, Colombo, Sri Lanka","Junction of Galle Road and Kawdana Road, Wellawatte, Colombo 06, Colombo, Sri Lanka","Wellawatte, Colombo 00600, Sri Lanka",6.874092099999999,79.8604934,Partially cloudy,0.0,7.3,78.7,46.1,2025-08-09T06:04:53,2025-08-09T18:27:33,Partially Cloudy,Good,Saturday,August,Yes,No,None,None
Torrington Avenue Colombo 07,2025-08-09,19:45,Minor Injury,Single Vehicle Crash,Driver Negligence,1,Car,26-35,0,2,Low,"Torrington Avenue Colombo 07, Colombo, Sri Lanka","Torrington Avenue Colombo 07, Colombo, Sri Lanka","7 Torrington Ave, Colombo 00700, Sri Lanka",6.8980313,79.8688026,Partially cloudy,0.0,7.3,78.7,46.1,2025-08-09T06:04:53,2025-08-09T18:27:33,Partially Cloudy,Good,Saturday,August,No,No,None,None
Wellawatte Junction,2025-08-11,17:45,Serious Injury,Side-impact Collision,Overspeeding,1,Three Wheeler,18-25,0,6,High,"Wellawatte Junction, Colombo, Sri Lanka","Wellawatte Junction, Colombo, Sri Lanka","Wellawatte, Colombo 00600, Sri Lanka",6.874092099999999,79.8604934,"Rain, Partially cloudy",0.112,7.6,77.6,40.4,2025-08-11T06:04:53,2025-08-11T18:26:56,Light Rain,Good,Monday,August,Yes,No,None,None
High Level Road Kirulapone,2025-08-11,23:19,Minor Injury,Rear-end Collision,Driver Negligence,2,Motorcycle; Bus,18-25,0,1,Moderate,"High Level Road Kirulapone, Colombo, Sri Lanka","High Level Road Kirulapone, Colombo, Sri Lanka","High Level Rd, Colombo, Sri Lanka",6.8775584,79.8793098,"Rain, Partially cloudy",0.112,7.6,77.6,40.4,2025-08-11T06:04:53,2025-08-11T18:26:56,Light Rain,Good,Monday,August,No,No,None,None
T B Jayah Mawatha Maradana,2025-08-12,22:15,Minor Injury,Rear-end Collision,Overspeeding,2,Three Wheeler; Motorcycle,26-35,0,1,Low,"T B Jayah Mawatha Maradana, Colombo, Sri Lanka","T B Jayah Mawatha Maradana, Colombo, Sri Lanka","T. B. Jayah Mawatha, Colombo, Sri Lanka",6.9235871,79.8619082,Partially cloudy,0.0,7.4,78.1,43.9,2025-08-12T06:04:53,2025-08-12T18:26:36,Partially Cloudy,Good,Tuesday,August,No,No,None,None
Armour Street Junction,2025-08-14,09:08,Minor Injury,Multi-vehicle Collision,Distracted Driving,2,Car; Three Wheeler,26-35,0,2,Moderate,"Armour Street Junction, Colombo, Sri Lanka","Armour Street Junction, Colombo, Sri Lanka","Armour St, Colombo, Sri Lanka",6.9424222,79.8637618,Partially cloudy,0.016,7.4,77.4,30.0,2025-08-14T06:04:51,2025-08-14T18:25:55,Partially Cloudy,Good,Thursday,August,No,No,None,None
Galle Road Fort,2025-08-14,11:15,Minor Injury,Side-impact Collision,Distracted Driving,1,Van,18-25,0,3,High,"Galle Road Fort, Colombo, Sri Lanka","Galle Road Fort, Colombo, Sri Lanka","Galle Buck Rd, Colombo, Sri Lanka",6.9363912,79.8415204,Partially cloudy,0.016,7.4,77.4,30.0,2025-08-14T06:04:51,2025-08-14T18:25:55,Partially Cloudy,Good,Thursday,August,No,No,None,None
Armour Street Junction,2025-08-14,18:56,Minor Injury,Side-impact Collision,Mechanical Failure,1,Lorry,36-45,0,4,Low,"Armour Street Junction, Colombo, Sri Lanka","Armour Street Junction, Colombo, Sri Lanka","Armour St, Colombo, Sri Lanka",6.9424222,79.8637618,Partially cloudy,0.016,7.4,77.4,30.0,2025-08-14T06:04:51,2025-08-14T18:25:55,Partially Cloudy,Good,Thursday,August,Yes,No,None,None
Bambalapitiya Junction,2025-08-14,22:22,Minor Injury,Side-impact Collision,Failure to Yield,2,Motorcycle; Van,26-35,0,1,Moderate,"Bambalapitiya Junction, Colombo, Sri Lanka","Bambalapitiya Junction, Colombo, Sri Lanka","Bambalapitiya, Colombo 00500, Sri Lanka",6.8894192,79.8575468,Partially cloudy,0.016,7.4,77.4,30.0,2025-08-14T06:04:51,2025-08-14T18:25:55,Partially Cloudy,Good,Thursday,August,No,No,None,None
Fort Railway Station Area,2025-08-17,07:18,Serious Injury,Single Vehicle Crash,Unsafe Lane Change,1,Motorcycle,18-25,0,2,High,"Fort Railway Station Area, Colombo, Sri Lanka","Fort Railway Station Area, Colombo, Sri Lanka","Fort Railway station, Colombo, Sri Lanka",6.9337011,79.85003019999999,"Rain, Partially cloudy",0.082,7.0,84.0,64.6,2025-08-17T06:04:44,2025-08-17T18:24:48,Light Rain,Good,Sunday,August,Yes,No,None,None
Sir Chittampalam A Gardiner Mawatha Fort,2025-08-17,14:57,Minor Injury,Side-impact Collision,Driver Negligence,2,Motorcycle; Three Wheeler,46-55,0,2,Low,"Sir Chittampalam A Gardiner Mawatha Fort, Colombo, Sri Lanka","Sir Chittampalam A Gardiner Mawatha Fort, Colombo, Sri Lanka","Sir Chittampalam A Gardiner Mawath, Colombo, Sri Lanka",6.9298377,79.8477933,"Rain, Partially cloudy",0.082,7.0,84.0,64.6,2025-08-17T06:04:44,2025-08-17T18:24:48,Light Rain,Good,Sunday,August,No,No,None,None
Maradana Railway Station Area,2025-08-19,08:56,Fatal,Rear-end Collision,Reckless Driving,4,Lorry; Three Wheeler; Motorcycle; Car,18-25,2,8,Moderate,"Maradana Railway Station Area, Colombo, Sri Lanka","Maradana Railway Station Area, Colombo, Sri Lanka","Maradana Railway Station, Jayantha Weerasekara Mawatha, Colombo 01000, Sri Lanka",6.92946,79.86511000000002,Partially cloudy,0.0,7.6,79.0,41.8,2025-08-19T06:04:38,2025-08-19T18:24:01,Partially Cloudy,Good,Tuesday,August,Yes,No,None,None
D R Wijewardena Mawatha Dematagoda,2025-08-20,07:30,Serious Injury,Motorcycle Collision,Unsafe Lane Change,4,Motorcycle; Van; Bicycle; Bus,36-45,0,5,High,"D R Wijewardena Mawatha Dematagoda, Colombo, Sri Lanka","D R Wijewardena Mawatha Dematagoda, Colombo, Sri Lanka","McCallum Rd, Colombo, Sri Lanka",6.9315143,79.8545206,Partially cloudy,0.0,7.4,78.7,57.5,2025-08-20T06:04:34,2025-08-20T18:23:36,Partially Cloudy,Good,Wednesday,August,Yes,No,None,None
Armour Street Junction,2025-08-21,19:47,Serious Injury,Multi-vehicle Collision,Reckless Driving,4,Car; Motorcycle; Three Wheeler; Bus,18-25,0,4,Moderate,"Armour Street Junction, Colombo, Sri Lanka","Armour Street Junction, Colombo, Sri Lanka","Armour St, Colombo, Sri Lanka",6.9424222,79.8637618,Partially cloudy,0.0,7.3,78.9,56.6,2025-08-21T06:04:29,2025-08-21T18:23:11,Partially Cloudy,Good,Thursday,August,No,No,None,None
"Junction of New Kelani Bridge Approach and Peliyagoda Road, Peliyagoda",2025-08-22,19:04,Minor Injury,Single Vehicle Crash,Driver Fatigue,1,Motorcycle,18-25,0,2,Moderate,"Junction of New Kelani Bridge Approach and Peliyagoda Road, Peliyagoda, Colombo, Sri Lanka","Junction of New Kelani Bridge Approach and Peliyagoda Road, Peliyagoda, Colombo, Sri Lanka","Peliyagoda Roundabout & Old Kelani Bridge, Wattala, Sri Lanka",6.9553417,79.8827203,Partially cloudy,0.0,7.2,81.2,68.2,2025-08-22T06:04:25,2025-08-22T18:22:45,Partially Cloudy,Good,Friday,August,No,No,None,None
Mattakkuliya Junction,2025-08-23,19:58,Minor Injury,Rear-end Collision,Driver Fatigue,4,Three Wheeler; Bus; Motorcycle; Lorry,18-25,0,4,Low,"Mattakkuliya Junction, Colombo, Sri Lanka","Mattakkuliya Junction, Colombo, Sri Lanka","Mattakkuliya Brg, Colombo, Sri Lanka",6.9805611,79.875318,Partially cloudy,0.0,7.1,81.1,54.0,2025-08-23T06:04:20,2025-08-23T18:22:19,Partially Cloudy,Good,Saturday,August,No,No,None,None
Liberty Plaza Area,2025-08-25,22:00,Serious Injury,Pedestrian Collision,Distracted Driving,2,Car; Van,36-45,0,3,High,"Liberty Plaza Area, Colombo, Sri Lanka","Liberty Plaza Area, Colombo, Sri Lanka","300 Srimath Anagarika Dharmapala Mawatha, Colombo 00300, Sri Lanka",6.9118996,79.85130869999999,Partially cloudy,0.0,7.1,78.5,69.8,2025-08-25T06:04:08,2025-08-25T18:21:26,Partially Cloudy,Good,Monday,August,No,No,None,None
Borella Junction,2025-08-28,09:42,Minor Injury,Side-impact Collision,Reckless Driving,1,Bicycle,26-35,0,3,Moderate,"Borella Junction, Colombo, Sri Lanka","Borella Junction, Colombo, Sri Lanka","18 Dr NM Perera Mawatha Rd, Colombo 00800, Sri Lanka",6.9139525,79.878481,"Rain, Partially cloudy",0.267,7.4,77.2,21.9,2025-08-28T06:03:49,2025-08-28T18:20:02,Light Rain,Good,Thursday,August,No,No,None,None
"No. 34 Kirula Road, Borella, Colombo 08",2025-08-28,18:01,Minor Injury,Single Vehicle Crash,Poor Visibility,1,Bicycle,36-45,0,4,High,"No. 34 Kirula Road, Borella, Colombo 08, Colombo, Sri Lanka","No. 34 Kirula Road, Borella, Colombo 08, Colombo, Sri Lanka","34 Kirula Rd, Colombo 00500, Sri Lanka",6.892252,79.87053949999999,"Rain, Partially cloudy",0.267,7.4,77.2,21.9,2025-08-28T06:03:49,2025-08-28T18:20:02,Light Rain,Good,Thursday,August,Yes,No,None,None