Location,Date of Accident,Time of Accident,Accident Severity,Collision Type,Cause of Accident,Number of Vehicles,Vehicle Types,Driver Age Group,Number of Fatalities,Number of Injuries,Property Damage Level,location_standardized,location_name,formatted_address,latitude,longitude,conditions,precip,visibility,humidity,cloudcover,sunrise,sunset,weather_condition_label,visibility_level,Week (Derived),Month (Derived),Peak Hour Indicator (Derived),Public Holiday Indicator (Derived),Public Holiday Name (Derived),Public Holiday Category (Derived)
Maradana Junction,2025-08-29,23:47,Minor Injury,Pedestrian Collision,Distracted Driving,2,Motorcycle; Three Wheeler,18-25,0,2,High,"Maradana Junction, Colombo, Sri Lanka","Maradana Junction, Colombo, Sri Lanka","Maradana Junction, Colombo 01000, Sri Lanka",6.928874,79.8637428,"Rain, Partially cloudy",0.431,7.1,74.1,20.2,2025-08-29T06:03:42,2025-08-29T18:19:33,Light Rain,Good,Friday,August,No,No,None,None
Havelock Road Havelock Town,2025-09-02,04:20,Minor Injury,Rear-end Collision,Driver Fatigue,1,Van,18-25,0,1,High,"Havelock Road Havelock Town, Colombo, Sri Lanka","Havelock Road Havelock Town, Colombo, Sri Lanka","Havelock Rd, Colombo 00500, Sri Lanka",6.8903417,79.8638234,Partially cloudy,0.0,14.9,80.9,82.6,2025-09-02T06:03:11,2025-09-02T18:17:34,Partially Cloudy,Good,Tuesday,September,No,No,None,None
Narahenpita Junction,2025-09-06,20:32,Fatal,Single Vehicle Crash,Reckless Driving,1,Three Wheeler,46-55,1,5,Moderate,"Narahenpita Junction, Colombo, Sri Lanka","Narahenpita Junction, Colombo, Sri Lanka","Narahenpita, Colombo 00500, Sri Lanka",6.8899209,79.8826281,"Rain, Partially cloudy",0.048,7.4,71.0,26.2,2025-09-06T06:02:36,2025-09-06T18:15:31,Light Rain,Good,Saturday,September,No,No,None,None
Messenger Street Pettah,2025-09-07,14:56,Minor Injury,Head-on Collision,Driver Negligence,3,Three Wheeler; Motorcycle; Van,36-45,0,4,Moderate,"Messenger Street Pettah, Colombo, Sri Lanka","Messenger Street Pettah, Colombo, Sri Lanka","M. J. M. Lafeer Mawatha, Colombo, Sri Lanka",6.9411356,79.8629811,Partially cloudy,0.036,7.2,69.9,26.3,2025-09-07T06:02:27,2025-09-07T18:14:59,Partially Cloudy,Good,Sunday,September,No,Yes,Binara Full Moon Poya Day,Local
Kotahena Junction,2025-09-08,20:04,Minor Injury,Multi-vehicle Collision,Reckless Driving,3,Three Wheeler; Motorcycle; Car,36-45,0,3,Low,"Kotahena Junction, Colombo, Sri Lanka","Kotahena Junction, Colombo, Sri Lanka","Kotahena St, Colombo 01300, Sri Lanka",6.9494699,79.8626776,Partially cloudy,0.04,7.0,71.2,37.0,2025-09-08T06:02:17,2025-09-08T18:14:27,Partially Cloudy,Good,Monday,September,No,No,None,None
Sea Street Kotahena,2025-09-10,16:13,Fatal,Side-impact Collision,Unsafe Lane Change,2,Three Wheeler; Car,46-55,1,2,High,"Sea Street Kotahena, Colombo, Sri Lanka","Sea Street Kotahena, Colombo, Sri Lanka","Sea St, Colombo 01300, Sri Lanka",6.9418464,79.8542501,"Rain, Partially cloudy",0.076,7.2,69.5,24.8,2025-09-10T06:01:58,2025-09-10T18:13:23,Light Rain,Good,Wednesday,September,Yes,No,None,None
Armour Street Junction,2025-09-10,17:38,Minor Injury,Multi-vehicle Collision,Failure to Yield,3,Car; Motorcycle; Three Wheeler,46-55,0,3,Low,"Armour Street Junction, Colombo, Sri Lanka","Armour Street Junction, Colombo, Sri Lanka","Armour St, Colombo, Sri Lanka",6.9424222,79.8637618,"Rain, Partially cloudy",0.076,7.2,69.5,24.8,2025-09-10T06:01:58,2025-09-10T18:13:23,Light Rain,Good,Wednesday,September,Yes,No,None,None
Pettah Market Area,2025-09-11,09:57,Minor Injury,Single Vehicle Crash,Driver Negligence,1,Motorcycle,26-35,0,2,Low,"Pettah Market Area, Colombo, Sri Lanka","Pettah Market Area, Colombo, Sri Lanka","WVP3+VMM, Keyzer St, Colombo 01100, Sri Lanka",6.937201699999999,79.854187,Partially cloudy,0.02,7.2,70.5,27.8,2025-09-11T06:01:48,2025-09-11T18:12:51,Partially Cloudy,Good,Thursday,September,No,No,None,None
"Junction of Havelock Road and Thimbirigasyaya Road, Colombo 05",2025-09-12,21:50,Minor Injury,Side-impact Collision,Reckless Driving,2,Van; Bus,36-45,0,4,Low,"Junction of Havelock Road and Thimbirigasyaya Road, Colombo 05, Colombo, Sri Lanka","Junction of Havelock Road and Thimbirigasyaya Road, Colombo 05, Colombo, Sri Lanka","Thimbirigasyaya Rd & Havelock Rd, Colombo 00500, Sri Lanka",6.8903249,79.8637507,Partially cloudy,0.044,7.2,69.3,32.6,2025-09-12T06:01:38,2025-09-12T18:12:19,Partially Cloudy,Good,Friday,September,No,No,None,None
Sea Street Kotahena,2025-09-16,08:48,Minor Injury,Head-on Collision,Pedestrian Negligence,1,Motorcycle,18-25,0,2,Low,"Sea Street Kotahena, Colombo, Sri Lanka","Sea Street Kotahena, Colombo, Sri Lanka","Sea St, Colombo 01300, Sri Lanka",6.9418464,79.8542501,"Rain, Partially cloudy",0.268,7.1,75.4,38.2,2025-09-16T06:00:58,2025-09-16T18:10:08,Light Rain,Good,Tuesday,September,Yes,No,None,None
T B Jayah Mawatha Maradana,2025-09-18,07:31,Minor Injury,Single Vehicle Crash,Poor Visibility,1,Three Wheeler,18-25,0,3,Low,"T B Jayah Mawatha Maradana, Colombo, Sri Lanka","T B Jayah Mawatha Maradana, Colombo, Sri Lanka","T. B. Jayah Mawatha, Colombo, Sri Lanka",6.9235871,79.8619082,"Rain, Partially cloudy",0.629,7.1,80.1,29.0,2025-09-18T06:00:38,2025-09-18T18:09:03,Light Rain,Good,Thursday,September,Yes,No,None,None
Borella Junction,2025-09-20,08:37,Minor Injury,Multi-vehicle Collision,Distracted Driving,4,Three Wheeler; Car; Van; Lorry,18-25,0,1,High,"Borella Junction, Colombo, Sri Lanka","Borella Junction, Colombo, Sri Lanka","18 Dr NM Perera Mawatha Rd, Colombo 00800, Sri Lanka",6.9139525,79.878481,"Rain, Partially cloudy",0.116,7.0,76.2,25.1,2025-09-20T06:00:18,2025-09-20T18:07:57,Light Rain,Good,Saturday,September,Yes,No,None,None
Baseline Road Borella,2025-09-21,12:36,Minor Injury,Multi-vehicle Collision,Reckless Driving,4,Motorcycle; Bicycle; Car; Van,56+,0,2,Moderate,"Baseline Road Borella, Colombo, Sri Lanka","Baseline Road Borella, Colombo, Sri Lanka","Baseline Rd, Colombo, Sri Lanka",6.919902,79.8776917,"Rain, Partially cloudy",0.2,7.1,76.5,32.2,2025-09-21T06:00:08,2025-09-21T18:07:25,Light Rain,Good,Sunday,September,No,No,None,None
Havelock Road Havelock Town,2025-09-21,17:56,Serious Injury,Pedestrian Collision,Reckless Driving,2,Motorcycle; Three Wheeler,18-25,0,5,Moderate,"Havelock Road Havelock Town, Colombo, Sri Lanka","Havelock Road Havelock Town, Colombo, Sri Lanka","Havelock Rd, Colombo 00500, Sri Lanka",6.8903417,79.8638234,"Rain, Partially cloudy",0.2,7.1,76.5,32.2,2025-09-21T06:00:08,2025-09-21T18:07:25,Light Rain,Good,Sunday,September,Yes,No,None,None
Kirula Road Borella,2025-09-23,17:20,Serious Injury,Single Vehicle Crash,Overspeeding,1,Lorry,46-55,0,3,High,"Kirula Road Borella, Colombo, Sri Lanka","Kirula Road Borella, Colombo, Sri Lanka","Kirula Rd, Colombo 00500, Sri Lanka",6.8929759,79.873639,"Rain, Partially cloudy",0.12,8.1,74.0,27.9,2025-09-23T05:59:48,2025-09-23T18:06:20,Light Rain,Good,Tuesday,September,Yes,No,None,None
Borella Junction,2025-09-23,21:22,Minor Injury,Motorcycle Collision,Reckless Driving,2,Motorcycle; Bicycle,26-35,0,2,Low,"Borella Junction, Colombo, Sri Lanka","Borella Junction, Colombo, Sri Lanka","18 Dr NM Perera Mawatha Rd, Colombo 00800, Sri Lanka",6.9139525,79.878481,"Rain, Partially cloudy",0.12,8.1,74.0,27.9,2025-09-23T05:59:48,2025-09-23T18:06:20,Light Rain,Good,Tuesday,September,No,No,None,None
Slave Island Junction,2025-09-23,21:24,Serious Injury,Rear-end Collision,Overspeeding,1,Bicycle,46-55,0,4,High,"Slave Island Junction, Colombo, Sri Lanka","Slave Island Junction, Colombo, Sri Lanka","Kompannavidiya Flyover, Colombo, Sri Lanka",6.9266493,79.8483123,"Rain, Partially cloudy",0.12,8.1,74.0,27.9,2025-09-23T05:59:48,2025-09-23T18:06:20,Light Rain,Good,Tuesday,September,No,No,None,None
Bambalapitiya Junction,2025-09-24,14:32,Minor Injury,Multi-vehicle Collision,Failure to Yield,3,Bicycle; Three Wheeler; Motorcycle,26-35,0,4,High,"Bambalapitiya Junction, Colombo, Sri Lanka","Bambalapitiya Junction, Colombo, Sri Lanka","Bambalapitiya, Colombo 00500, Sri Lanka",6.8894192,79.8575468,"Rain, Partially cloudy",0.398,7.4,72.9,31.3,2025-09-24T05:59:38,2025-09-24T18:05:47,Light Rain,Good,Wednesday,September,No,No,None,None
Mount Lavinia Junction,2025-09-24,15:53,Minor Injury,Side-impact Collision,Reckless Driving,1,Bicycle,46-55,0,3,Low,"Mount Lavinia Junction, Colombo, Sri Lanka","Mount Lavinia Junction, Colombo, Sri Lanka","Mount Lavinia Junction, Dehiwala-Mount Lavinia, Sri Lanka",6.8305983,79.8677664,"Rain, Partially cloudy",0.398,7.4,72.9,31.3,2025-09-24T05:59:38,2025-09-24T18:05:47,Light Rain,Good,Wednesday,September,No,No,None,None
Maradana Junction,2025-09-25,17:14,Fatal,Single Vehicle Crash,Driver Fatigue,1,Lorry,26-35,1,1,High,"Maradana Junction, Colombo, Sri Lanka","Maradana Junction, Colombo, Sri Lanka","Maradana Junction, Colombo 01000, Sri Lanka",6.928874,79.8637428,"Rain, Partially cloudy",0.634,6.8,82.4,32.7,2025-09-25T05:59:29,2025-09-25T18:05:15,Light Rain,Good,Thursday,September,Yes,No,None,None
Grandpass Junction,2025-09-25,17:18,Minor Injury,Multi-vehicle Collision,Reckless Driving,4,Motorcycle; Three Wheeler; Car; Bicycle,26-35,0,4,Moderate,"Grandpass Junction, Colombo, Sri Lanka","Grandpass Junction, Colombo, Sri Lanka","Grandpass Rd, Colombo, Sri Lanka",6.9432514,79.8685531,"Rain, Partially cloudy",0.634,6.8,82.4,32.7,2025-09-25T05:59:29,2025-09-25T18:05:15,Light Rain,Good,Thursday,September,Yes,No,None,None
Marine Drive Galle Face,2025-09-28,07:33,Serious Injury,Head-on Collision,Reckless Driving,3,Motorcycle; Car; Van,26-35,0,3,High,"Marine Drive Galle Face, Colombo, Sri Lanka","Marine Drive Galle Face, Colombo, Sri Lanka","Chaithya Rd, Colombo, Sri Lanka",6.9316981,79.841965,Partially cloudy,0.092,7.4,81.3,37.8,2025-09-28T05:59:01,2025-09-28T18:03:40,Partially Cloudy,Good,Sunday,September,Yes,No,None,None
Union Place Borella,2025-09-28,13:03,Minor Injury,Head-on Collision,Failure to Yield,2,Bicycle; Motorcycle,36-45,0,2,High,"Union Place Borella, Colombo, Sri Lanka","Union Place Borella, Colombo, Sri Lanka","Colombo 08, Colombo, Sri Lanka",6.9147836,79.8775951,Partially cloudy,0.092,7.4,81.3,37.8,2025-09-28T05:59:01,2025-09-28T18:03:40,Partially Cloudy,Good,Sunday,September,No,No,None,None
Modara Junction,2025-09-29,14:04,Minor Injury,Rear-end Collision,Driver Negligence,2,Lorry; Bicycle,36-45,0,1,Low,"Modara Junction, Colombo, Sri Lanka","Modara Junction, Colombo, Sri Lanka","Modara, Colombo, Sri Lanka",6.9669247,79.8711533,"Rain, Partially cloudy",0.146,7.9,79.1,36.6,2025-09-29T05:58:53,2025-09-29T18:03:08,Light Rain,Good,Monday,September,No,No,None,None
"Junction of Maliban Junction and Old Galle Road, Rathmalana",2025-09-29,20:45,Minor Injury,Pedestrian Collision,Failure to Yield,2,Motorcycle; Three Wheeler,26-35,0,1,High,"Junction of Maliban Junction and Old Galle Road, Rathmalana, Colombo, Sri Lanka","Junction of Maliban Junction and Old Galle Road, Rathmalana, Colombo, Sri Lanka","Old Galle Rd, Sri Lanka",6.7507376,79.9002198,"Rain, Partially cloudy",0.146,7.9,79.1,36.6,2025-09-29T05:58:53,2025-09-29T18:03:08,Light Rain,Good,Monday,September,No,No,None,None
Armour Street Pettah,2025-09-29,22:16,Minor Injury,Motorcycle Collision,Distracted Driving,2,Motorcycle; Three Wheeler,26-35,0,3,Low,"Armour Street Pettah, Colombo, Sri Lanka","Armour Street Pettah, Colombo, Sri Lanka","Armour St, Colombo, Sri Lanka",6.9424222,79.8637618,"Rain, Partially cloudy",0.146,7.9,79.1,36.6,2025-09-29T05:58:53,2025-09-29T18:03:08,Light Rain,Good,Monday,September,No,No,None,None
Justice Akbar Mawatha Slave Island,2025-10-01,14:36,Fatal,Rear-end Collision,Overspeeding,4,Van; Bus; Motorcycle; Three Wheeler,46-55,1,4,High,"Justice Akbar Mawatha Slave Island, Colombo, Sri Lanka","Justice Akbar Mawatha Slave Island, Colombo, Sri Lanka","Justice Akbar Mawatha, Colombo, Sri Lanka",6.9238481,79.8503668,Partially cloudy,0.044,7.6,75.7,44.5,2025-10-01T05:58:36,2025-10-01T18:02:06,Partially Cloudy,Good,Wednesday,October,No,No,None,None
Kollupitiya Flyover Approach,2025-10-03,08:18,Minor Injury,Rear-end Collision,Driver Negligence,2,Motorcycle; Van,36-45,0,2,Low,"Kollupitiya Flyover Approach, Colombo, Sri Lanka","Kollupitiya Flyover Approach, Colombo, Sri Lanka","Kollupitiya, Colombo, Sri Lanka",6.912815399999999,79.8506815,Rain,0.044,6.9,71.5,18.2,2025-10-03T05:58:20,2025-10-03T18:01:06,Light Rain,Good,Friday,October,Yes,No,None,None
Dematagoda Junction,2025-10-03,18:18,Minor Injury,Motorcycle Collision,Reckless Driving,1,Motorcycle,18-25,0,2,Low,"Dematagoda Junction, Colombo, Sri Lanka","Dematagoda Junction, Colombo, Sri Lanka","Dematagoda Pl, Colombo, Sri Lanka",6.9293231,79.8764195,Rain,0.044,6.9,71.5,18.2,2025-10-03T05:58:20,2025-10-03T18:01:06,Light Rain,Good,Friday,October,Yes,No,None,None
"Junction of Perahera Mawatha and Sir James Pieris Mawatha, Colombo 02",2025-10-04,19:38,Serious Injury,Multi-vehicle Collision,Reckless Driving,2,Bicycle; Bus,46-55,0,4,High,"Junction of Perahera Mawatha and Sir James Pieris Mawatha, Colombo 02, Colombo, Sri Lanka","Junction of Perahera Mawatha and Sir James Pieris Mawatha, Colombo 02, Colombo, Sri Lanka","Perahera Mawatha & Sir James Pieris Mawatha, Colombo, Sri Lanka",6.9152206,79.8559811,"Rain, Partially cloudy",0.316,7.5,79.8,33.0,2025-10-04T05:58:12,2025-10-04T18:00:36,Light Rain,Good,Saturday,October,No,No,None,None
"No. 55 Dharmapala Mawatha, Colombo 07",2025-10-08,07:41,Minor Injury,Motorcycle Collision,Distracted Driving,2,Motorcycle; Bicycle,46-55,0,1,Moderate,"No. 55 Dharmapala Mawatha, Colombo 07, Colombo, Sri Lanka","No. 55 Dharmapala Mawatha, Colombo 07, Colombo, Sri Lanka","55 Srimath Anagarika Dharmapala Mawatha, Colombo 00300, Sri Lanka",6.9127781,79.8532601,"Rain, Partially cloudy",0.111,7.0,75.6,29.5,2025-10-08T05:57:46,2025-10-08T17:58:40,Light Rain,Good,Wednesday,October,Yes,No,None,None
Liberty Plaza Area,2025-10-14,11:07,Minor Injury,Side-impact Collision,Driver Negligence,1,Bicycle,36-45,0,2,Low,"Liberty Plaza Area, Colombo, Sri Lanka","Liberty Plaza Area, Colombo, Sri Lanka","300 Srimath Anagarika Dharmapala Mawatha, Colombo 00300, Sri Lanka",6.9118996,79.85130869999999,"Rain, Partially cloudy",0.422,7.2,80.1,27.9,2025-10-14T05:57:19,2025-10-14T17:56:02,Light Rain,Good,Tuesday,October,No,No,None,None
Kollupitiya Junction,2025-10-14,12:00,Fatal,Motorcycle Collision,Overspeeding,3,Motorcycle; Lorry; Car,36-45,1,1,Moderate,"Kollupitiya Junction, Colombo, Sri Lanka","Kollupitiya Junction, Colombo, Sri Lanka","Kollupitiya - Sri Jayewardenepura Rd, Colombo, Sri Lanka",6.9117245,79.8614617,"Rain, Partially cloudy",0.422,7.2,80.1,27.9,2025-10-14T05:57:19,2025-10-14T17:56:02,Light Rain,Good,Tuesday,October,No,No,None,None
Borella Junction,2025-10-14,18:42,Serious Injury,Motorcycle Collision,Unsafe Lane Change,3,Motorcycle; Lorry; Car,36-45,0,6,High,"Borella Junction, Colombo, Sri Lanka","Borella Junction, Colombo, Sri Lanka","18 Dr NM Perera Mawatha Rd, Colombo 00800, Sri Lanka",6.9139525,79.878481,"Rain, Partially cloudy",0.422,7.2,80.1,27.9,2025-10-14T05:57:19,2025-10-14T17:56:02,Light Rain,Good,Tuesday,October,Yes,No,None,None
D R Wijewardena Mawatha Dematagoda,2025-10-14,21:39,Minor Injury,Pedestrian Collision,Poor Visibility,1,Motorcycle,36-45,0,2,Low,"D R Wijewardena Mawatha Dematagoda, Colombo, Sri Lanka","D R Wijewardena Mawatha Dematagoda, Colombo, Sri Lanka","McCallum Rd, Colombo, Sri Lanka",6.9315143,79.8545206,"Rain, Partially cloudy",0.422,7.2,80.1,27.9,2025-10-14T05:57:19,2025-10-14T17:56:02,Light Rain,Good,Tuesday,October,No,No,None,None
Ibbanwala Junction,2025-10-15,10:02,Minor Injury,Rear-end Collision,Driver Fatigue,1,Three Wheeler,26-35,0,1,High,"Ibbanwala Junction, Colombo, Sri Lanka","Ibbanwala Junction, Colombo, Sri Lanka","Ibbanwala, Colombo, Sri Lanka",6.917642,79.8597831,"Rain, Partially cloudy",0.32,6.9,86.2,39.7,2025-10-15T05:57:16,2025-10-15T17:55:37,Light Rain,Good,Wednesday,October,No,No,None,None
Kollupitiya Railway Station Area,2025-10-16,21:16,Minor Injury,Rear-end Collision,Driver Negligence,3,Motorcycle; Three Wheeler; Car,18-25,0,2,Low,"Kollupitiya Railway Station Area, Colombo, Sri Lanka","Kollupitiya Railway Station Area, Colombo, Sri Lanka","Kollupitiya Railway Station, Colombo, Sri Lanka",6.9112629,79.8481782,"Rain, Partially cloudy",0.543,7.4,82.7,38.4,2025-10-16T05:57:13,2025-10-16T17:55:13,Light Rain,Good,Thursday,October,No,No,None,None
Baseline Road Borella,2025-10-20,23:12,Minor Injury,Rear-end Collision,Distracted Driving,1,Motorcycle,36-45,0,1,Moderate,"Baseline Road Borella, Colombo, Sri Lanka","Baseline Road Borella, Colombo, Sri Lanka","Baseline Rd, Colombo, Sri Lanka",6.919902,79.8776917,"Rain, Partially cloudy",1.681,6.8,86.9,44.0,2025-10-20T05:57:09,2025-10-20T17:53:44,Light Rain,Good,Monday,October,No,Yes,Deepavali Festival Day,Local
Galle Road Mount Lavinia,2025-10-23,10:08,Minor Injury,Pedestrian Collision,Distracted Driving,1,Motorcycle,56+,0,1,Moderate,"Galle Road Mount Lavinia, Colombo, Sri Lanka","Galle Road Mount Lavinia, Colombo, Sri Lanka","Galle Rd, Dehiwala-Mount Lavinia, Sri Lanka",6.8619957,79.8639238,"Rain, Partially cloudy",0.65,7.2,87.3,52.5,2025-10-23T05:57:12,2025-10-23T17:52:44,Light Rain,Good,Thursday,October,No,No,None,None
Baseline Road Borella,2025-10-24,09:52,Minor Injury,Rear-end Collision,Driver Negligence,3,Car; Motorcycle; Van,26-35,0,4,Low,"Baseline Road Borella, Colombo, Sri Lanka","Baseline Road Borella, Colombo, Sri Lanka","Baseline Rd, Colombo, Sri Lanka",6.919902,79.8776917,"Rain, Partially cloudy",0.352,6.1,88.4,45.8,2025-10-24T05:57:15,2025-10-24T17:52:26,Light Rain,Good,Friday,October,No,No,None,None
"Junction of W A Silva Mawatha and Pamankada Road, Colombo 06",2025-10-24,20:08,Minor Injury,Motorcycle Collision,Unsafe Lane Change,2,Motorcycle; Three Wheeler,26-35,0,3,Moderate,"Junction of W A Silva Mawatha and Pamankada Road, Colombo 06, Colombo, Sri Lanka","Junction of W A Silva Mawatha and Pamankada Road, Colombo 06, Colombo, Sri Lanka","Pamankada Ln & W.A. Silva Mawatha, Colombo, Sri Lanka",6.876749999999999,79.8668632,"Rain, Partially cloudy",0.352,6.1,88.4,45.8,2025-10-24T05:57:15,2025-10-24T17:52:26,Light Rain,Good,Friday,October,No,No,None,None
Armour Street Junction,2025-10-24,20:22,Minor Injury,Pedestrian Collision,Overspeeding,2,Motorcycle; Car,18-25,0,2,High,"Armour Street Junction, Colombo, Sri Lanka","Armour Street Junction, Colombo, Sri Lanka","Armour St, Colombo, Sri Lanka",6.9424222,79.8637618,"Rain, Partially cloudy",0.352,6.1,88.4,45.8,2025-10-24T05:57:15,2025-10-24T17:52:26,Light Rain,Good,Friday,October,No,No,None,None
Pettah Market Area,2025-10-24,22:04,Minor Injury,Rear-end Collision,Distracted Driving,2,Three Wheeler; Motorcycle,46-55,0,4,Moderate,"Pettah Market Area, Colombo, Sri Lanka","Pettah Market Area, Colombo, Sri Lanka","WVP3+VMM, Keyzer St, Colombo 01100, Sri Lanka",6.937201699999999,79.854187,"Rain, Partially cloudy",0.352,6.1,88.4,45.8,2025-10-24T05:57:15,2025-10-24T17:52:26,Light Rain,Good,Friday,October,No,No,None,None
Mattakkuliya Junction,2025-10-26,12:31,Minor Injury,Head-on Collision,Distracted Driving,1,Three Wheeler,36-45,0,1,Low,"Mattakkuliya Junction, Colombo, Sri Lanka","Mattakkuliya Junction, Colombo, Sri Lanka","Mattakkuliya Brg, Colombo, Sri Lanka",6.9805611,79.875318,Partially cloudy,0.016,7.0,83.4,35.9,2025-10-26T05:57:21,2025-10-26T17:51:52,Partially Cloudy,Good,Sunday,October,No,No,None,None
Armour Street Pettah,2025-10-26,19:11,Minor Injury,Multi-vehicle Collision,Driver Negligence,4,Three Wheeler; Motorcycle; Bus; Lorry,56+,0,3,Low,"Armour Street Pettah, Colombo, Sri Lanka","Armour Street Pettah, Colombo, Sri Lanka","Armour St, Colombo, Sri Lanka",6.9424222,79.8637618,Partially cloudy,0.016,7.0,83.4,35.9,2025-10-26T05:57:21,2025-10-26T17:51:52,Partially Cloudy,Good,Sunday,October,No,No,None,None
Kotahena Junction,2025-10-27,11:52,Minor Injury,Multi-vehicle Collision,Overspeeding,3,Car; Three Wheeler; Motorcycle,26-35,0,4,Low,"Kotahena Junction, Colombo, Sri Lanka","Kotahena Junction, Colombo, Sri Lanka","Kotahena St, Colombo 01300, Sri Lanka",6.9494699,79.8626776,Partially cloudy,0.032,7.1,78.8,26.0,2025-10-27T05:57:26,2025-10-27T17:51:36,Partially Cloudy,Good,Monday,October,No,No,None,None
"No. 102 Galle Road, Wellawatte, Colombo 06",2025-10-28,14:51,Serious Injury,Multi-vehicle Collision,Driver Fatigue,4,Car; Bus; Motorcycle; Three Wheeler,46-55,0,6,High,"No. 102 Galle Road, Wellawatte, Colombo 06, Colombo, Sri Lanka","No. 102 Galle Road, Wellawatte, Colombo 06, Colombo, Sri Lanka","102 Galle Rd, Colombo 00600, Sri Lanka",6.8748393,79.8610597,"Rain, Partially cloudy",0.21,7.3,73.7,32.8,2025-10-28T05:57:31,2025-10-28T17:51:21,Light Rain,Good,Tuesday,October,No,No,None,None
Mutwal Road Mutwal,2025-10-29,00:05,Serious Injury,Single Vehicle Crash,Overspeeding,1,Motorcycle,46-55,0,4,High,"Mutwal Road Mutwal, Colombo, Sri Lanka","Mutwal Road Mutwal, Colombo, Sri Lanka","Muthuwella Mawatha, Colombo, Sri Lanka",6.9640994,79.8649458,Partially cloudy,0.044,7.1,74.2,25.4,2025-10-29T05:57:36,2025-10-29T17:51:07,Partially Cloudy,Good,Wednesday,October,No,No,None,None
Wellawatte Junction,2025-10-29,07:09,Minor Injury,Multi-vehicle Collision,Distracted Driving,3,Bus; Lorry; Motorcycle,26-35,0,2,Low,"Wellawatte Junction, Colombo, Sri Lanka","Wellawatte Junction, Colombo, Sri Lanka","Wellawatte, Colombo 00600, Sri Lanka",6.874092099999999,79.8604934,Partially cloudy,0.044,7.1,74.2,25.4,2025-10-29T05:57:36,2025-10-29T17:51:07,Partially Cloudy,Good,Wednesday,October,Yes,No,None,None
Galle Road Kollupitiya,2025-10-31,09:57,Minor Injury,Head-on Collision,Driver Negligence,2,Three Wheeler; Motorcycle,36-45,0,4,High,"Galle Road Kollupitiya, Colombo, Sri Lanka","Galle Road Kollupitiya, Colombo, Sri Lanka","Galle Rd, Colombo, Sri Lanka",6.9037968,79.8521362,Clear,0.004,7.3,71.8,8.0,2025-10-31T05:57:50,2025-10-31T17:50:41,Clear,Good,Friday,October,No,No,None,None
Wellawatte Junction,2025-10-31,10:39,Minor Injury,Rear-end Collision,Distracted Driving,1,Motorcycle,18-25,0,4,High,"Wellawatte Junction, Colombo, Sri Lanka","Wellawatte Junction, Colombo, Sri Lanka","Wellawatte, Colombo 00600, Sri Lanka",6.874092099999999,79.8604934,Clear,0.004,7.3,71.8,8.0,2025-10-31T05:57:50,2025-10-31T17:50:41,Clear,Good,Friday,October,No,No,None,None
Hulftsdorp Junction,2025-11-03,15:17,Serious Injury,Rear-end Collision,Overspeeding,1,Van,46-55,0,3,High,"Hulftsdorp Junction, Colombo, Sri Lanka","Hulftsdorp Junction, Colombo, Sri Lanka","Hultsdorf St, Colombo, Sri Lanka",6.9375553,79.8608161,Partially cloudy,0.016,6.9,71.7,26.4,2025-11-03T05:58:15,2025-11-03T17:50:09,Partially Cloudy,Good,Monday,November,No,No,None,None
Pettah Clock Tower Area,2025-11-03,19:26,Fatal,Single Vehicle Crash,Reckless Driving,1,Bicycle,46-55,1,1,High,"Pettah Clock Tower Area, Colombo, Sri Lanka","Pettah Clock Tower Area, Colombo, Sri Lanka","Pettah, Colombo, Sri Lanka",6.9367858,79.8525385,Partially cloudy,0.016,6.9,71.7,26.4,2025-11-03T05:58:15,2025-11-03T17:50:09,Partially Cloudy,Good,Monday,November,No,No,None,None
Union Place,2025-11-04,19:31,Minor Injury,Head-on Collision,Driver Fatigue,2,Bus; Motorcycle,18-25,0,2,Low,"Union Place, Colombo, Sri Lanka","Union Place, Colombo, Sri Lanka","Union Place, Colombo, Sri Lanka",6.922958299999999,79.8523572,"Rain, Partially cloudy",0.072,7.4,70.0,23.2,2025-11-04T05:58:25,2025-11-04T17:50:00,Light Rain,Good,Tuesday,November,No,No,None,None
Mattakkuliya Junction,2025-11-06,17:03,Minor Injury,Motorcycle Collision,Driver Negligence,2,Motorcycle; Van,18-25,0,3,High,"Mattakkuliya Junction, Colombo, Sri Lanka","Mattakkuliya Junction, Colombo, Sri Lanka","Mattakkuliya Brg, Colombo, Sri Lanka",6.9805611,79.875318,"Rain, Partially cloudy",0.228,7.0,75.4,39.1,2025-11-06T05:58:47,2025-11-06T17:49:46,Light Rain,Good,Thursday,November,Yes,No,None,None