Location,Date of Accident,Time of Accident,Accident Severity,Collision Type,Cause of Accident,Number of Vehicles,Vehicle Types,Driver Age Group,Number of Fatalities,Number of Injuries,Property Damage Level,location_standardized,location_name,formatted_address,latitude,longitude,conditions,precip,visibility,humidity,cloudcover,sunrise,sunset,weather_condition_label,visibility_level,Week (Derived),Month (Derived),Peak Hour Indicator (Derived),Public Holiday Indicator (Derived),Public Holiday Name (Derived),Public Holiday Category (Derived)
"No. 23 Pelawatta Road, Battaramulla",2025-11-06,18:52,Minor Injury,Pedestrian Collision,Driver Negligence,2,Motorcycle; Van,56+,0,1,Low,"No. 23 Pelawatta Road, Battaramulla, Colombo, Sri Lanka","No. 23 Pelawatta Road, Battaramulla, Colombo, Sri Lanka","23 New Parliament Rd, Sri Jayawardenepura Kotte 10120, Sri Lanka",6.890988999999999,79.9281673,"Rain, Partially cloudy",0.228,7.0,75.4,39.1,2025-11-06T05:58:47,2025-11-06T17:49:46,Light Rain,Good,Thursday,November,Yes,No,None,None
Justice Akbar Mawatha Slave Island,2025-11-06,23:50,Minor Injury,Multi-vehicle Collision,Overspeeding,4,Three Wheeler; Car; Van; Motorcycle,18-25,0,3,Low,"Justice Akbar Mawatha Slave Island, Colombo, Sri Lanka","Justice Akbar Mawatha Slave Island, Colombo, Sri Lanka","Justice Akbar Mawatha, Colombo, Sri Lanka",6.9238481,79.8503668,"Rain, Partially cloudy",0.228,7.0,75.4,39.1,2025-11-06T05:58:47,2025-11-06T17:49:46,Light Rain,Good,Thursday,November,No,No,None,None
Beira Lake Road Colombo 02,2025-11-07,08:47,Minor Injury,Pedestrian Collision,Overspeeding,1,Motorcycle,26-35,0,2,Low,"Beira Lake Road Colombo 02, Colombo, Sri Lanka","Beira Lake Road Colombo 02, Colombo, Sri Lanka","Beira Lake, Colombo, Sri Lanka",6.929434499999999,79.8541822,"Rain, Partially cloudy",0.068,6.8,77.9,39.3,2025-11-07T05:58:59,2025-11-07T17:49:40,Light Rain,Good,Friday,November,Yes,No,None,None
Armour Street Pettah,2025-11-07,10:23,Serious Injury,Side-impact Collision,Overspeeding,4,Car; Van; Motorcycle; Three Wheeler,26-35,0,5,High,"Armour Street Pettah, Colombo, Sri Lanka","Armour Street Pettah, Colombo, Sri Lanka","Armour St, Colombo, Sri Lanka",6.9424222,79.8637618,"Rain, Partially cloudy",0.068,6.8,77.9,39.3,2025-11-07T05:58:59,2025-11-07T17:49:40,Light Rain,Good,Friday,November,No,No,None,None
Armour Street Junction,2025-11-08,03:21,Minor Injury,Pedestrian Collision,Driver Negligence,1,Motorcycle,26-35,0,2,Moderate,"Armour Street Junction, Colombo, Sri Lanka","Armour Street Junction, Colombo, Sri Lanka","Armour St, Colombo, Sri Lanka",6.9424222,79.8637618,"Rain, Partially cloudy",0.088,7.1,81.3,39.6,2025-11-08T05:59:12,2025-11-08T17:49:35,Light Rain,Good,Saturday,November,No,No,None,None
Union Place Borella,2025-11-09,22:10,Serious Injury,Head-on Collision,Driver Negligence,1,Three Wheeler,36-45,0,5,High,"Union Place Borella, Colombo, Sri Lanka","Union Place Borella, Colombo, Sri Lanka","Colombo 08, Colombo, Sri Lanka",6.9147836,79.8775951,Partially cloudy,0.032,5.7,75.5,26.1,2025-11-09T05:59:26,2025-11-09T17:49:31,Partially Cloudy,Moderate,Sunday,November,No,No,None,None
Narahenpita Junction,2025-11-11,09:04,Minor Injury,Motorcycle Collision,Driver Fatigue,2,Motorcycle; Car,26-35,0,1,Low,"Narahenpita Junction, Colombo, Sri Lanka","Narahenpita Junction, Colombo, Sri Lanka","Narahenpita, Colombo 00500, Sri Lanka",6.8899209,79.8826281,"Rain, Partially cloudy",0.183,6.5,79.2,34.6,2025-11-11T05:59:55,2025-11-11T17:49:26,Light Rain,Good,Tuesday,November,No,No,None,None
Sea Street Kotahena,2025-11-12,03:40,Minor Injury,Rear-end Collision,Driver Negligence,1,Car,18-25,0,1,Low,"Sea Street Kotahena, Colombo, Sri Lanka","Sea Street Kotahena, Colombo, Sri Lanka","Sea St, Colombo 01300, Sri Lanka",6.9418464,79.8542501,"Rain, Partially cloudy",0.365,7.0,80.0,33.7,2025-11-12T06:00:11,2025-11-12T17:49:25,Light Rain,Good,Wednesday,November,No,No,None,None
Panchikawatte,2025-11-12,21:18,Minor Injury,Rear-end Collision,Distracted Driving,2,Motorcycle; Three Wheeler,46-55,0,4,Moderate,"Panchikawatte, Colombo, Sri Lanka","Panchikawatte, Colombo, Sri Lanka","Panchikawatta, Colombo 01000, Sri Lanka",6.9309682,79.8639835,"Rain, Partially cloudy",0.365,7.0,80.0,33.7,2025-11-12T06:00:11,2025-11-12T17:49:25,Light Rain,Good,Wednesday,November,No,No,None,None
High Level Road Kirulapone,2025-11-15,06:55,Serious Injury,Rear-end Collision,Unsafe Lane Change,3,Bicycle; Motorcycle; Three Wheeler,36-45,0,6,High,"High Level Road Kirulapone, Colombo, Sri Lanka","High Level Road Kirulapone, Colombo, Sri Lanka","High Level Rd, Colombo, Sri Lanka",6.8775584,79.8793098,"Rain, Partially cloudy",0.024,5.9,75.4,20.8,2025-11-15T06:01:03,2025-11-15T17:49:28,Light Rain,Moderate,Saturday,November,No,No,None,None
Hulftsdorp Junction,2025-11-15,19:16,Minor Injury,Motorcycle Collision,Distracted Driving,1,Motorcycle,56+,0,3,Low,"Hulftsdorp Junction, Colombo, Sri Lanka","Hulftsdorp Junction, Colombo, Sri Lanka","Hultsdorf St, Colombo, Sri Lanka",6.9375553,79.8608161,"Rain, Partially cloudy",0.024,5.9,75.4,20.8,2025-11-15T06:01:03,2025-11-15T17:49:28,Light Rain,Moderate,Saturday,November,No,No,None,None
Maradana Junction,2025-11-15,19:59,Minor Injury,Head-on Collision,Unsafe Lane Change,1,Car,36-45,0,1,High,"Maradana Junction, Colombo, Sri Lanka","Maradana Junction, Colombo, Sri Lanka","Maradana Junction, Colombo 01000, Sri Lanka",6.928874,79.8637428,"Rain, Partially cloudy",0.024,5.9,75.4,20.8,2025-11-15T06:01:03,2025-11-15T17:49:28,Light Rain,Moderate,Saturday,November,No,No,None,None
Messenger Street Pettah,2025-11-15,21:47,Serious Injury,Multi-vehicle Collision,Overspeeding,3,Van; Three Wheeler; Motorcycle,46-55,0,4,High,"Messenger Street Pettah, Colombo, Sri Lanka","Messenger Street Pettah, Colombo, Sri Lanka","M. J. M. Lafeer Mawatha, Colombo, Sri Lanka",6.9411356,79.8629811,"Rain, Partially cloudy",0.024,5.9,75.4,20.8,2025-11-15T06:01:03,2025-11-15T17:49:28,Light Rain,Moderate,Saturday,November,No,No,None,None
Union Place Slave Island,2025-11-16,06:52,Minor Injury,Motorcycle Collision,Driver Fatigue,1,Motorcycle,26-35,0,2,Moderate,"Union Place Slave Island, Colombo, Sri Lanka","Union Place Slave Island, Colombo, Sri Lanka","Union Pl, Colombo, Sri Lanka",6.9203664,79.8578057,Rain,0.052,6.7,74.9,18.1,2025-11-16T06:01:22,2025-11-16T17:49:31,Light Rain,Good,Sunday,November,No,No,None,None
Darley Road Cinnamon Gardens,2025-11-16,11:26,Minor Injury,Multi-vehicle Collision,Driver Negligence,3,Three Wheeler; Van; Car,36-45,0,3,Low,"Darley Road Cinnamon Gardens, Colombo, Sri Lanka","Darley Road Cinnamon Gardens, Colombo, Sri Lanka","Darley Rd, Colombo, Sri Lanka",6.9228616,79.8620451,Rain,0.052,6.7,74.9,18.1,2025-11-16T06:01:22,2025-11-16T17:49:31,Light Rain,Good,Sunday,November,No,No,None,None
Borella Junction,2025-11-18,18:18,Minor Injury,Multi-vehicle Collision,Driver Negligence,4,Van; Motorcycle; Three Wheeler; Bicycle,36-45,0,3,Moderate,"Borella Junction, Colombo, Sri Lanka","Borella Junction, Colombo, Sri Lanka","18 Dr NM Perera Mawatha Rd, Colombo 00800, Sri Lanka",6.9139525,79.878481,"Rain, Partially cloudy",1.024,6.6,85.4,32.1,2025-11-18T06:02:01,2025-11-18T17:49:40,Light Rain,Good,Tuesday,November,Yes,No,None,None
Sea Street Kotahena,2025-11-20,08:37,Minor Injury,Multi-vehicle Collision,Distracted Driving,3,Car; Three Wheeler; Motorcycle,18-25,0,4,Low,"Sea Street Kotahena, Colombo, Sri Lanka","Sea Street Kotahena, Colombo, Sri Lanka","Sea St, Colombo 01300, Sri Lanka",6.9418464,79.8542501,Clear,0.032,6.9,77.2,19.8,2025-11-20T06:02:43,2025-11-20T17:49:53,Clear,Good,Thursday,November,Yes,No,None,None
New Kelani Bridge Approach,2025-11-20,18:06,Serious Injury,Motorcycle Collision,Distracted Driving,2,Motorcycle; Van,26-35,0,3,Moderate,"New Kelani Bridge Approach, Colombo, Sri Lanka","New Kelani Bridge Approach, Colombo, Sri Lanka","New Kelani Brg, Sri Lanka",6.9549249,79.8827484,Clear,0.032,6.9,77.2,19.8,2025-11-20T06:02:43,2025-11-20T17:49:53,Clear,Good,Thursday,November,Yes,No,None,None
Sea Street Kotahena,2025-11-20,21:07,Minor Injury,Rear-end Collision,Driver Negligence,1,Bicycle,18-25,0,3,Moderate,"Sea Street Kotahena, Colombo, Sri Lanka","Sea Street Kotahena, Colombo, Sri Lanka","Sea St, Colombo 01300, Sri Lanka",6.9418464,79.8542501,Clear,0.032,6.9,77.2,19.8,2025-11-20T06:02:43,2025-11-20T17:49:53,Clear,Good,Thursday,November,No,No,None,None
High Level Road Kirulapone,2025-11-21,18:57,Minor Injury,Multi-vehicle Collision,Distracted Driving,4,Three Wheeler; Bicycle; Motorcycle; Car,46-55,0,1,Moderate,"High Level Road Kirulapone, Colombo, Sri Lanka","High Level Road Kirulapone, Colombo, Sri Lanka","High Level Rd, Colombo, Sri Lanka",6.8775584,79.8793098,"Rain, Partially cloudy",0.234,6.5,81.2,34.0,2025-11-21T06:03:05,2025-11-21T17:50:01,Light Rain,Good,Friday,November,Yes,No,None,None
Union Place Borella,2025-11-21,20:21,Serious Injury,Rear-end Collision,Driver Negligence,2,Bus; Bicycle,26-35,0,5,High,"Union Place Borella, Colombo, Sri Lanka","Union Place Borella, Colombo, Sri Lanka","Colombo 08, Colombo, Sri Lanka",6.9147836,79.8775951,"Rain, Partially cloudy",0.234,6.5,81.2,34.0,2025-11-21T06:03:05,2025-11-21T17:50:01,Light Rain,Good,Friday,November,No,No,None,None
"Junction of Kandy Road and Kiribathgoda Road, Kelaniya",2025-11-22,03:13,Minor Injury,Multi-vehicle Collision,Reckless Driving,3,Three Wheeler; Car; Bicycle,18-25,0,4,Low,"Junction of Kandy Road and Kiribathgoda Road, Kelaniya, Colombo, Sri Lanka","Junction of Kandy Road and Kiribathgoda Road, Kelaniya, Colombo, Sri Lanka","Kiribathgoda-Sapugaskanda Rd & Kandy Rd, Kiribathgoda, Sri Lanka",6.9782616,79.9272684,"Rain, Partially cloudy",1.668,6.7,79.0,31.9,2025-11-22T06:03:28,2025-11-22T17:50:10,Light Rain,Good,Saturday,November,No,No,None,None
D R Wijewardena Mawatha Dematagoda,2025-11-22,04:16,Serious Injury,Motorcycle Collision,Driver Fatigue,3,Motorcycle; Three Wheeler; Bicycle,56+,0,3,Moderate,"D R Wijewardena Mawatha Dematagoda, Colombo, Sri Lanka","D R Wijewardena Mawatha Dematagoda, Colombo, Sri Lanka","McCallum Rd, Colombo, Sri Lanka",6.9315143,79.8545206,"Rain, Partially cloudy",1.668,6.7,79.0,31.9,2025-11-22T06:03:28,2025-11-22T17:50:10,Light Rain,Good,Saturday,November,No,No,None,None
Pettah Clock Tower Area,2025-11-22,09:33,Minor Injury,Motorcycle Collision,Driver Negligence,2,Motorcycle; Car,36-45,0,1,Moderate,"Pettah Clock Tower Area, Colombo, Sri Lanka","Pettah Clock Tower Area, Colombo, Sri Lanka","Pettah, Colombo, Sri Lanka",6.9367858,79.8525385,"Rain, Partially cloudy",1.668,6.7,79.0,31.9,2025-11-22T06:03:28,2025-11-22T17:50:10,Light Rain,Good,Saturday,November,No,No,None,None
Rawatawatte Junction,2025-11-24,12:42,Serious Injury,Side-impact Collision,Pedestrian Negligence,2,Bicycle; Motorcycle,18-25,0,3,Moderate,"Rawatawatte Junction, Colombo, Sri Lanka","Rawatawatte Junction, Colombo, Sri Lanka","De Zoysa Road Bus Stop, QVQP+623, Moratuwa 10400, Sri Lanka",6.788007899999999,79.88505599999999,"Rain, Partially cloudy",1.152,6.7,80.4,41.9,2025-11-24T06:04:15,2025-11-24T17:50:31,Light Rain,Good,Monday,November,No,No,None,None
Kotahena Junction,2025-11-28,07:42,Minor Injury,Multi-vehicle Collision,Mechanical Failure,4,Van; Motorcycle; Three Wheeler; Bicycle,36-45,0,2,High,"Kotahena Junction, Colombo, Sri Lanka","Kotahena Junction, Colombo, Sri Lanka","Kotahena St, Colombo 01300, Sri Lanka",6.9494699,79.8626776,"Rain, Overcast",7.105,2.9,96.5,99.6,2025-11-28T06:05:56,2025-11-28T17:51:24,Heavy Rain,Poor,Friday,November,Yes,No,None,None
Hokandara Junction,2025-11-28,16:51,Serious Injury,Multi-vehicle Collision,Overspeeding,4,Bus; Motorcycle; Car; Bicycle,56+,0,6,High,"Hokandara Junction, Colombo, Sri Lanka","Hokandara Junction, Colombo, Sri Lanka","Hokandara Junction, Hokandara, Sri Lanka",6.8804862,79.9598989,"Rain, Overcast",7.105,2.9,96.5,99.6,2025-11-28T06:05:56,2025-11-28T17:51:24,Heavy Rain,Poor,Friday,November,Yes,No,None,None
Fort Railway Station Area,2025-11-30,09:09,Minor Injury,Pedestrian Collision,Driver Fatigue,2,Van; Three Wheeler,26-35,0,2,Low,"Fort Railway Station Area, Colombo, Sri Lanka","Fort Railway Station Area, Colombo, Sri Lanka","Fort Railway station, Colombo, Sri Lanka",6.9337011,79.85003019999999,Clear,0.0,5.9,84.4,20.0,2025-11-30T06:06:49,2025-11-30T17:51:56,Clear,Moderate,Sunday,November,No,No,None,None
Bambalapitiya Junction,2025-11-30,18:24,Serious Injury,Rear-end Collision,Reckless Driving,1,Bicycle,56+,0,3,High,"Bambalapitiya Junction, Colombo, Sri Lanka","Bambalapitiya Junction, Colombo, Sri Lanka","Bambalapitiya, Colombo 00500, Sri Lanka",6.8894192,79.8575468,Clear,0.0,5.9,84.4,20.0,2025-11-30T06:06:49,2025-11-30T17:51:56,Clear,Moderate,Sunday,November,Yes,No,None,None
Bauddhaloka Mawatha Cinnamon Gardens,2025-12-04,09:48,Fatal,Head-on Collision,Poor Visibility,4,Three Wheeler; Lorry; Motorcycle; Van,18-25,2,5,Low,"Bauddhaloka Mawatha Cinnamon Gardens, Colombo, Sri Lanka","Bauddhaloka Mawatha Cinnamon Gardens, Colombo, Sri Lanka","Bauddhaloka Mawatha, Colombo 00700, Sri Lanka",6.901932,79.8694402,"Rain, Partially cloudy",0.048,5.8,82.2,28.1,2025-12-04T06:08:41,2025-12-04T17:53:10,Light Rain,Moderate,Thursday,December,No,Yes,Unduvap Full Moon Poya Day,Local
Narahenpita Junction,2025-12-05,18:55,Fatal,Side-impact Collision,Reckless Driving,2,Motorcycle; Three Wheeler,18-25,1,4,High,"Narahenpita Junction, Colombo, Sri Lanka","Narahenpita Junction, Colombo, Sri Lanka","Narahenpita, Colombo 00500, Sri Lanka",6.8899209,79.8826281,"Rain, Partially cloudy",0.147,6.5,85.5,44.5,2025-12-05T06:09:10,2025-12-05T17:53:30,Light Rain,Good,Friday,December,Yes,No,None,None
Galle Road Wellawatte,2025-12-05,21:20,Minor Injury,Motorcycle Collision,Overspeeding,2,Motorcycle; Bicycle,36-45,0,2,Low,"Galle Road Wellawatte, Colombo, Sri Lanka","Galle Road Wellawatte, Colombo, Sri Lanka","Galle Rd, Colombo, Sri Lanka",6.8755051,79.861039,"Rain, Partially cloudy",0.147,6.5,85.5,44.5,2025-12-05T06:09:10,2025-12-05T17:53:30,Light Rain,Good,Friday,December,No,No,None,None
Modara Junction,2025-12-06,12:19,Minor Injury,Side-impact Collision,Driver Negligence,1,Three Wheeler,56+,0,2,Low,"Modara Junction, Colombo, Sri Lanka","Modara Junction, Colombo, Sri Lanka","Modara, Colombo, Sri Lanka",6.9669247,79.8711533,"Rain, Partially cloudy",1.604,6.9,82.1,42.5,2025-12-06T06:09:39,2025-12-06T17:53:52,Light Rain,Good,Saturday,December,No,No,None,None
Kochchikade Junction,2025-12-07,19:16,Serious Injury,Pedestrian Collision,Reckless Driving,1,Car,18-25,0,5,Moderate,"Kochchikade Junction, Colombo, Sri Lanka","Kochchikade Junction, Colombo, Sri Lanka","Colombo, Sri Lanka",6.9270786,79.861243,"Rain, Partially cloudy",0.43,6.9,82.7,25.7,2025-12-07T06:10:09,2025-12-07T17:54:14,Light Rain,Good,Sunday,December,No,No,None,None
Dematagoda Junction,2025-12-07,19:33,Minor Injury,Rear-end Collision,Driver Negligence,2,Car; Van,56+,0,3,Low,"Dematagoda Junction, Colombo, Sri Lanka","Dematagoda Junction, Colombo, Sri Lanka","Dematagoda Pl, Colombo, Sri Lanka",6.9293231,79.8764195,"Rain, Partially cloudy",0.43,6.9,82.7,25.7,2025-12-07T06:10:09,2025-12-07T17:54:14,Light Rain,Good,Sunday,December,No,No,None,None
Moratuwa Junction,2025-12-09,17:46,Serious Injury,Pedestrian Collision,Overspeeding,1,Motorcycle,18-25,0,2,High,"Moratuwa Junction, Colombo, Sri Lanka","Moratuwa Junction, Colombo, Sri Lanka","Moratuwa, Sri Lanka",6.7879304,79.88511419999999,"Rain, Partially cloudy",0.364,6.8,78.5,25.8,2025-12-09T06:11:09,2025-12-09T17:55:00,Light Rain,Good,Tuesday,December,Yes,No,None,None
Pettah Clock Tower Area,2025-12-10,22:13,Serious Injury,Motorcycle Collision,Pedestrian Negligence,2,Motorcycle; Bus,26-35,0,2,High,"Pettah Clock Tower Area, Colombo, Sri Lanka","Pettah Clock Tower Area, Colombo, Sri Lanka","Pettah, Colombo, Sri Lanka",6.9367858,79.8525385,"Rain, Partially cloudy",0.151,7.4,76.3,28.4,2025-12-10T06:11:39,2025-12-10T17:55:24,Light Rain,Good,Wednesday,December,No,No,None,None
Ibbanwala Junction,2025-12-11,18:46,Fatal,Rear-end Collision,Failure to Yield,3,Motorcycle; Car; Van,56+,1,5,Moderate,"Ibbanwala Junction, Colombo, Sri Lanka","Ibbanwala Junction, Colombo, Sri Lanka","Ibbanwala, Colombo, Sri Lanka",6.917642,79.8597831,"Rain, Partially cloudy",0.166,7.3,77.2,33.4,2025-12-11T06:12:09,2025-12-11T17:55:49,Light Rain,Good,Thursday,December,Yes,No,None,None
Kochchikade Junction,2025-12-12,13:47,Minor Injury,Head-on Collision,Overspeeding,1,Motorcycle,18-25,0,2,High,"Kochchikade Junction, Colombo, Sri Lanka","Kochchikade Junction, Colombo, Sri Lanka","Colombo, Sri Lanka",6.9270786,79.861243,"Rain, Partially cloudy",0.131,6.7,80.4,36.0,2025-12-12T06:12:39,2025-12-12T17:56:14,Light Rain,Good,Friday,December,No,No,None,None
Sir Chittampalam A Gardiner Mawatha Fort,2025-12-12,17:50,Minor Injury,Side-impact Collision,Distracted Driving,1,Three Wheeler,36-45,0,4,Moderate,"Sir Chittampalam A Gardiner Mawatha Fort, Colombo, Sri Lanka","Sir Chittampalam A Gardiner Mawatha Fort, Colombo, Sri Lanka","Sir Chittampalam A Gardiner Mawath, Colombo, Sri Lanka",6.9298377,79.8477933,"Rain, Partially cloudy",0.131,6.7,80.4,36.0,2025-12-12T06:12:39,2025-12-12T17:56:14,Light Rain,Good,Friday,December,Yes,No,None,None
Kotahena Junction,2025-12-14,18:34,Minor Injury,Single Vehicle Crash,Driver Negligence,1,Bicycle,36-45,0,1,High,"Kotahena Junction, Colombo, Sri Lanka","Kotahena Junction, Colombo, Sri Lanka","Kotahena St, Colombo 01300, Sri Lanka",6.9494699,79.8626776,Partially cloudy,0.02,6.9,74.0,28.7,2025-12-14T06:13:40,2025-12-14T17:57:07,Partially Cloudy,Good,Sunday,December,Yes,No,None,None
Fort Railway Station Area,2025-12-18,19:01,Minor Injury,Single Vehicle Crash,Overspeeding,1,Bus,26-35,0,4,High,"Fort Railway Station Area, Colombo, Sri Lanka","Fort Railway Station Area, Colombo, Sri Lanka","Fort Railway station, Colombo, Sri Lanka",6.9337011,79.85003019999999,"Rain, Partially cloudy",0.115,6.7,82.7,42.3,2025-12-18T06:15:43,2025-12-18T17:58:58,Light Rain,Good,Thursday,December,No,No,None,None
Galle Road Fort,2025-12-20,21:10,Serious Injury,Single Vehicle Crash,Poor Visibility,1,Lorry,56+,0,2,Moderate,"Galle Road Fort, Colombo, Sri Lanka","Galle Road Fort, Colombo, Sri Lanka","Galle Buck Rd, Colombo, Sri Lanka",6.9363912,79.8415204,Partially cloudy,0.0,6.0,74.5,21.4,2025-12-20T06:16:43,2025-12-20T17:59:56,Partially Cloudy,Moderate,Saturday,December,No,No,None,None
Darley Road Cinnamon Gardens,2025-12-21,19:44,Minor Injury,Multi-vehicle Collision,Distracted Driving,4,Motorcycle; Van; Three Wheeler; Bicycle,56+,0,4,Low,"Darley Road Cinnamon Gardens, Colombo, Sri Lanka","Darley Road Cinnamon Gardens, Colombo, Sri Lanka","Darley Rd, Colombo, Sri Lanka",6.9228616,79.8620451,Partially cloudy,0.0,4.8,75.5,52.2,2025-12-21T06:17:13,2025-12-21T18:00:26,Partially Cloudy,Moderate,Sunday,December,No,No,None,None
Maligawatte Junction,2025-12-21,23:24,Minor Injury,Motorcycle Collision,Driver Fatigue,1,Motorcycle,56+,0,1,Low,"Maligawatte Junction, Colombo, Sri Lanka","Maligawatte Junction, Colombo, Sri Lanka","Maligawatte Square, Colombo 01000, Sri Lanka",6.9318113,79.8695229,Partially cloudy,0.0,4.8,75.5,52.2,2025-12-21T06:17:13,2025-12-21T18:00:26,Partially Cloudy,Moderate,Sunday,December,No,No,None,None
"Junction of Main Street and First Cross Street, Pettah, Colombo 11",2025-12-23,16:16,Minor Injury,Motorcycle Collision,Reckless Driving,2,Motorcycle; Bus,56+,0,3,Low,"Junction of Main Street and First Cross Street, Pettah, Colombo 11, Colombo, Sri Lanka","Junction of Main Street and First Cross Street, Pettah, Colombo 11, Colombo, Sri Lanka","Main St & 1st Cross St, Colombo, Sri Lanka",6.937465899999999,79.85073349999999,Partially cloudy,0.0,6.7,74.8,22.4,2025-12-23T06:18:12,2025-12-23T18:01:26,Partially Cloudy,Good,Tuesday,December,Yes,No,None,None
Havelock Place Area,2025-12-24,03:35,Minor Injury,Rear-end Collision,Distracted Driving,1,Three Wheeler,26-35,0,3,Low,"Havelock Place Area, Colombo, Sri Lanka","Havelock Place Area, Colombo, Sri Lanka","Havelock Pl, Colombo 00500, Sri Lanka",6.8854515,79.8658603,Partially cloudy,0.024,7.1,74.3,28.8,2025-12-24T06:18:42,2025-12-24T18:01:56,Partially Cloudy,Good,Wednesday,December,No,No,None,None
D R Wijewardena Mawatha Fort,2025-12-24,08:34,Fatal,Multi-vehicle Collision,Overspeeding,3,Three Wheeler; Motorcycle; Lorry,18-25,1,5,Low,"D R Wijewardena Mawatha Fort, Colombo, Sri Lanka","D R Wijewardena Mawatha Fort, Colombo, Sri Lanka","McCallum Rd, Colombo, Sri Lanka",6.9324236,79.8505139,Partially cloudy,0.024,7.1,74.3,28.8,2025-12-24T06:18:42,2025-12-24T18:01:56,Partially Cloudy,Good,Wednesday,December,Yes,No,None,None
Justice Akbar Mawatha Slave Island,2025-12-25,07:53,Fatal,Motorcycle Collision,Driver Negligence,2,Motorcycle; Bus,18-25,1,2,High,"Justice Akbar Mawatha Slave Island, Colombo, Sri Lanka","Justice Akbar Mawatha Slave Island, Colombo, Sri Lanka","Justice Akbar Mawatha, Colombo, Sri Lanka",6.9238481,79.8503668,Partially cloudy,0.0,7.2,67.3,23.0,2025-12-25T06:19:11,2025-12-25T18:02:27,Partially Cloudy,Good,Thursday,December,Yes,Yes,Christmas Day,Global
Panchikawatte,2025-12-25,19:30,Minor Injury,Rear-end Collision,Overspeeding,3,Bus; Car; Three Wheeler,18-25,0,4,Low,"Panchikawatte, Colombo, Sri Lanka","Panchikawatte, Colombo, Sri Lanka","Panchikawatta, Colombo 01000, Sri Lanka",6.9309682,79.8639835,Partially cloudy,0.0,7.2,67.3,23.0,2025-12-25T06:19:11,2025-12-25T18:02:27,Partially Cloudy,Good,Thursday,December,No,Yes,Christmas Day,Global
Borella Junction,2025-12-27,09:46,Serious Injury,Motorcycle Collision,Distracted Driving,2,Motorcycle; Van,26-35,0,6,High,"Borella Junction, Colombo, Sri Lanka","Borella Junction, Colombo, Sri Lanka","18 Dr NM Perera Mawatha Rd, Colombo 00800, Sri Lanka",6.9139525,79.878481,Partially cloudy,0.0,7.1,67.0,27.0,2025-12-27T06:20:07,2025-12-27T18:03:28,Partially Cloudy,Good,Saturday,December,No,No,None,None
Dematagoda Junction,2025-12-27,12:58,Minor Injury,Motorcycle Collision,Reckless Driving,2,Motorcycle; Three Wheeler,46-55,0,3,Moderate,"Dematagoda Junction, Colombo, Sri Lanka","Dematagoda Junction, Colombo, Sri Lanka","Dematagoda Pl, Colombo, Sri Lanka",6.9293231,79.8764195,Partially cloudy,0.0,7.1,67.0,27.0,2025-12-27T06:20:07,2025-12-27T18:03:28,Partially Cloudy,Good,Saturday,December,No,No,None,None
Dematagoda Junction,2025-12-29,10:10,Minor Injury,Side-impact Collision,Driver Negligence,1,Bus,26-35,0,2,Moderate,"Dematagoda Junction, Colombo, Sri Lanka","Dematagoda Junction, Colombo, Sri Lanka","Dematagoda Pl, Colombo, Sri Lanka",6.9293231,79.8764195,Clear,0.008,6.7,69.7,19.6,2025-12-29T06:21:03,2025-12-29T18:04:30,Clear,Good,Monday,December,No,No,None,None
Armour Street Junction,2025-12-30,11:16,Serious Injury,Motorcycle Collision,Failure to Yield,2,Motorcycle; Three Wheeler,36-45,0,4,High,"Armour Street Junction, Colombo, Sri Lanka","Armour Street Junction, Colombo, Sri Lanka","Armour St, Colombo, Sri Lanka",6.9424222,79.8637618,Partially cloudy,0.008,6.4,74.0,24.7,2025-12-30T06:21:29,2025-12-30T18:05:01,Partially Cloudy,Good,Tuesday,December,No,No,None,None
Colombo 07 Junction,2025-12-30,18:11,Minor Injury,Rear-end Collision,Distracted Driving,2,Three Wheeler; Motorcycle,26-35,0,2,High,"Colombo 07 Junction, Colombo, Sri Lanka","Colombo 07 Junction, Colombo, Sri Lanka","Colombo 07, Colombo 00700, Sri Lanka",6.9066125,79.8596227,Partially cloudy,0.008,6.4,74.0,24.7,2025-12-30T06:21:29,2025-12-30T18:05:01,Partially Cloudy,Good,Tuesday,December,Yes,No,None,None
Wellawatte Junction,2025-12-31,09:38,Minor Injury,Rear-end Collision,Overspeeding,2,Motorcycle; Van,36-45,0,2,Low,"Wellawatte Junction, Colombo, Sri Lanka","Wellawatte Junction, Colombo, Sri Lanka","Wellawatte, Colombo 00600, Sri Lanka",6.874092099999999,79.8604934,"Rain, Partially cloudy",0.172,4.6,77.8,33.3,2025-12-31T06:21:56,2025-12-31T18:05:32,Light Rain,Moderate,Wednesday,December,No,No,None,None